model,iteration,train_loss_mse
1. Simple Linear (FICO),1,0.01572300276429131
1. Simple Linear (FICO),2,0.012803486197447698
1. Simple Linear (FICO),3,0.010438677778304364
1. Simple Linear (FICO),4,0.00852318295879827
1. Simple Linear (FICO),5,0.006971632154998336
1. Simple Linear (FICO),6,0.005714876003920388
1. Simple Linear (FICO),7,0.004696903521547249
1. Simple Linear (FICO),8,0.0038723458108250093
1. Simple Linear (FICO),9,0.0032044540651399943
1. Simple Linear (FICO),10,0.0026634617511351326
1. Simple Linear (FICO),11,0.0022252579767911953
1. Simple Linear (FICO),12,0.0018703129195726045
1. Simple Linear (FICO),13,0.0015828074232255465
1. Simple Linear (FICO),14,0.0013499279711844292
1. Simple Linear (FICO),15,0.001161295615031124
1. Simple Linear (FICO),16,0.001008503406546947
1. Simple Linear (FICO),17,0.000884741717674763
1. Simple Linear (FICO),18,0.0007844947496882945
1. Simple Linear (FICO),19,0.0007032947056192552
1. Simple Linear (FICO),20,0.0006375226699233331
1. Simple Linear (FICO),21,0.0005842473210096365
1. Simple Linear (FICO),22,0.0005410942883895423
1. Simple Linear (FICO),23,0.0005061403319672658
1. Simple Linear (FICO),24,0.0004778276272652219
1. Simple Linear (FICO),25,0.0004548943364565665
1. Simple Linear (FICO),26,0.0004363183709015554
1. Simple Linear (FICO),27,0.00042127183880199637
1. Simple Linear (FICO),28,0.0004090841478013535
1. Simple Linear (FICO),29,0.0003992121180908328
1. Simple Linear (FICO),30,0.0003912157740253111
1. Simple Linear (FICO),31,0.00038473873533223854
1. Simple Linear (FICO),32,0.00037949233399084983
1. Simple Linear (FICO),33,0.00037524274890432475
1. Simple Linear (FICO),34,0.00037180058498423964
1. Simple Linear (FICO),35,0.00036901243220897065
1. Simple Linear (FICO),36,0.0003667540284610028
1. Simple Linear (FICO),37,0.00036492472142514876
1. Simple Linear (FICO),38,0.000363442982726107
1. Simple Linear (FICO),39,0.0003622427743798833
1. Simple Linear (FICO),40,0.00036127060561944204
1. Simple Linear (FICO),41,0.0003604831489234845
1. Simple Linear (FICO),42,0.000359845308999759
1. Simple Linear (FICO),43,0.0003593286586615413
1. Simple Linear (FICO),44,0.00035891017188758505
1. Simple Linear (FICO),45,0.00035857119760068036
1. Simple Linear (FICO),46,0.00035829662842828773
1. Simple Linear (FICO),47,0.0003580742273986495
1. Simple Linear (FICO),48,0.00035789408256464266
1. Simple Linear (FICO),49,0.0003577481652490971
1. Simple Linear (FICO),50,0.0003576299722235052
1. Simple Linear (FICO),51,0.00035753423587277575
1. Simple Linear (FICO),52,0.0003574566894286849
1. Simple Linear (FICO),53,0.0003573938768089713
1. Simple Linear (FICO),54,0.0003573429985870033
1. Simple Linear (FICO),55,0.0003573017872272092
1. Simple Linear (FICO),56,0.00035726840602577593
1. Simple Linear (FICO),57,0.00035724136725261504
1. Simple Linear (FICO),58,0.00035721946584635475
1. Simple Linear (FICO),59,0.0003572017257072839
1. Simple Linear (FICO),60,0.00035718735619463647
1. Simple Linear (FICO),61,0.0003571757168893921
1. Simple Linear (FICO),62,0.0003571662890521441
1. Simple Linear (FICO),63,0.00035715865250397327
1. Simple Linear (FICO),64,0.00035715246689995485
1. Simple Linear (FICO),65,0.00035714745656070004
1. Simple Linear (FICO),66,0.00035714339818590355
1. Simple Linear (FICO),67,0.0003571401109023184
1. Simple Linear (FICO),68,0.00035713744820261445
1. Simple Linear (FICO),69,0.00035713529141585425
1. Simple Linear (FICO),70,0.00035713354441857845
1. Simple Linear (FICO),71,0.0003571321293507851
1. Simple Linear (FICO),72,0.00035713098314587243
1. Simple Linear (FICO),73,0.00035713005471989327
1. Simple Linear (FICO),74,0.00035712930269485
1. Simple Linear (FICO),75,0.0003571286935545651
1. Simple Linear (FICO),76,0.0003571282001509342
1. Simple Linear (FICO),77,0.0003571278004939933
1. Simple Linear (FICO),78,0.00035712747677187106
1. Simple Linear (FICO),79,0.00035712721455695217
1. Simple Linear (FICO),80,0.00035712700216286776
1. Simple Linear (FICO),81,0.00035712683012365936
1. Simple Linear (FICO),82,0.00035712669077190065
1. Simple Linear (FICO),83,0.0003571265778969761
1. Simple Linear (FICO),84,0.00035712648646828713
1. Simple Linear (FICO),85,0.00035712641241104914
1. Simple Linear (FICO),86,0.0003571263524246863
1. Simple Linear (FICO),87,0.00035712630383573243
1. Simple Linear (FICO),88,0.0003571262644786798
1. Simple Linear (FICO),89,0.00035712623259946723
1. Simple Linear (FICO),90,0.00035712620677730495
1. Simple Linear (FICO),91,0.0003571261858613535
1. Simple Linear (FICO),92,0.00035712616891943295
1. Simple Linear (FICO),93,0.0003571261551964772
1. Simple Linear (FICO),94,0.00035712614408088306
1. Simple Linear (FICO),95,0.0003571261350772518
1. Simple Linear (FICO),96,0.00035712612778431057
1. Simple Linear (FICO),97,0.00035712612187702804
1. Simple Linear (FICO),98,0.0003571261170921292
1. Simple Linear (FICO),99,0.00035712611321636124
1. Simple Linear (FICO),100,0.00035712611007698917
1. Simple Linear (FICO),101,0.00035712610753409766
1. Simple Linear (FICO),102,0.0003571261054743557
1. Simple Linear (FICO),103,0.0003571261038059647
1. Simple Linear (FICO),104,0.00035712610245456787
1. Simple Linear (FICO),105,0.0003571261013599365
1. Simple Linear (FICO),106,0.00035712610047328516
1. Simple Linear (FICO),107,0.00035712609975509745
1. Simple Linear (FICO),108,0.0003571260991733655
1. Simple Linear (FICO),109,0.00035712609870216264
1. Simple Linear (FICO),110,0.0003571260983204882
1. Simple Linear (FICO),111,0.000357126098011332
1. Simple Linear (FICO),112,0.00035712609776091545
1. Simple Linear (FICO),113,0.0003571260975580781
1. Simple Linear (FICO),114,0.00035712609739377976
1. Simple Linear (FICO),115,0.0003571260972606981
1. Simple Linear (FICO),116,0.000357126097152902
1. Simple Linear (FICO),117,0.0003571260970655871
1. Simple Linear (FICO),118,0.0003571260969948621
1. Simple Linear (FICO),119,0.0003571260969375749
1. Simple Linear (FICO),120,0.00035712609689117215
1. Simple Linear (FICO),121,0.000357126096853586
1. Simple Linear (FICO),122,0.0003571260968231412
1. Simple Linear (FICO),123,0.00035712609679848083
1. Simple Linear (FICO),124,0.00035712609677850604
1. Simple Linear (FICO),125,0.0003571260967623265
1. Simple Linear (FICO),126,0.0003571260967492209
1. Simple Linear (FICO),127,0.00035712609673860555
1. Simple Linear (FICO),128,0.000357126096730007
1. Simple Linear (FICO),129,0.00035712609672304216
1. Simple Linear (FICO),130,0.0003571260967174007
1. Simple Linear (FICO),131,0.0003571260967128311
1. Simple Linear (FICO),132,0.0003571260967091298
1. Simple Linear (FICO),133,0.00035712609670613164
1. Simple Linear (FICO),134,0.00035712609670370313
1. Simple Linear (FICO),135,0.0003571260967017361
1. Simple Linear (FICO),136,0.0003571260967001427
1. Simple Linear (FICO),137,0.0003571260966988522
1. Simple Linear (FICO),138,0.00035712609669780675
1. Simple Linear (FICO),139,0.00035712609669696005
1. Simple Linear (FICO),140,0.0003571260966962741
1. Simple Linear (FICO),141,0.0003571260966957186
1. Simple Linear (FICO),142,0.00035712609669526864
1. Simple Linear (FICO),143,0.0003571260966949041
1. Simple Linear (FICO),144,0.00035712609669460884
1. Simple Linear (FICO),145,0.00035712609669436967
1. Simple Linear (FICO),146,0.000357126096694176
1. Simple Linear (FICO),147,0.0003571260966940191
1. Simple Linear (FICO),148,0.00035712609669389197
1. Simple Linear (FICO),149,0.000357126096693789
1. Simple Linear (FICO),150,0.0003571260966937057
1. Simple Linear (FICO),151,0.0003571260966936381
1. Simple Linear (FICO),152,0.0003571260966935834
1. Simple Linear (FICO),153,0.00035712609669353906
1. Simple Linear (FICO),154,0.00035712609669350323
1. Simple Linear (FICO),155,0.0003571260966934741
1. Simple Linear (FICO),156,0.00035712609669345065
1. Simple Linear (FICO),157,0.00035712609669343156
1. Simple Linear (FICO),158,0.000357126096693416
1. Simple Linear (FICO),159,0.0003571260966934035
1. Simple Linear (FICO),160,0.0003571260966933934
1. Simple Linear (FICO),161,0.00035712609669338516
1. Simple Linear (FICO),162,0.0003571260966933785
1. Simple Linear (FICO),163,0.0003571260966933731
1. Simple Linear (FICO),164,0.0003571260966933688
1. Simple Linear (FICO),165,0.00035712609669336527
1. Simple Linear (FICO),166,0.0003571260966933624
1. Simple Linear (FICO),167,0.00035712609669336017
1. Simple Linear (FICO),168,0.00035712609669335816
1. Simple Linear (FICO),169,0.00035712609669335665
1. Simple Linear (FICO),170,0.00035712609669335545
1. Simple Linear (FICO),171,0.0003571260966933545
1. Simple Linear (FICO),172,0.00035712609669335366
1. Simple Linear (FICO),173,0.00035712609669335296
1. Simple Linear (FICO),174,0.00035712609669335236
1. Simple Linear (FICO),175,0.00035712609669335204
1. Simple Linear (FICO),176,0.0003571260966933516
1. Simple Linear (FICO),177,0.0003571260966933514
1. Simple Linear (FICO),178,0.00035712609669335117
1. Simple Linear (FICO),179,0.000357126096693351
1. Simple Linear (FICO),180,0.00035712609669335085
1. Simple Linear (FICO),181,0.0003571260966933507
1. Simple Linear (FICO),182,0.0003571260966933506
1. Simple Linear (FICO),183,0.0003571260966933505
1. Simple Linear (FICO),184,0.0003571260966933504
1. Simple Linear (FICO),185,0.0003571260966933504
1. Simple Linear (FICO),186,0.0003571260966933504
1. Simple Linear (FICO),187,0.0003571260966933503
1. Simple Linear (FICO),188,0.0003571260966933503
1. Simple Linear (FICO),189,0.0003571260966933503
1. Simple Linear (FICO),190,0.0003571260966933503
1. Simple Linear (FICO),191,0.0003571260966933503
1. Simple Linear (FICO),192,0.00035712609669335025
1. Simple Linear (FICO),193,0.00035712609669335025
1. Simple Linear (FICO),194,0.0003571260966933502
1. Simple Linear (FICO),195,0.00035712609669335025
1. Simple Linear (FICO),196,0.0003571260966933502
1. Simple Linear (FICO),197,0.0003571260966933502
1. Simple Linear (FICO),198,0.00035712609669335025
1. Simple Linear (FICO),199,0.0003571260966933502
1. Simple Linear (FICO),200,0.0003571260966933502
1. Simple Linear (FICO),201,0.0003571260966933502
1. Simple Linear (FICO),202,0.0003571260966933502
1. Simple Linear (FICO),203,0.0003571260966933502
1. Simple Linear (FICO),204,0.0003571260966933502
1. Simple Linear (FICO),205,0.0003571260966933502
1. Simple Linear (FICO),206,0.0003571260966933502
1. Simple Linear (FICO),207,0.0003571260966933502
1. Simple Linear (FICO),208,0.0003571260966933502
1. Simple Linear (FICO),209,0.0003571260966933502
1. Simple Linear (FICO),210,0.0003571260966933502
1. Simple Linear (FICO),211,0.0003571260966933502
1. Simple Linear (FICO),212,0.0003571260966933502
1. Simple Linear (FICO),213,0.0003571260966933502
1. Simple Linear (FICO),214,0.0003571260966933502
1. Simple Linear (FICO),215,0.0003571260966933502
1. Simple Linear (FICO),216,0.0003571260966933502
1. Simple Linear (FICO),217,0.0003571260966933502
1. Simple Linear (FICO),218,0.0003571260966933502
1. Simple Linear (FICO),219,0.0003571260966933502
1. Simple Linear (FICO),220,0.0003571260966933502
1. Simple Linear (FICO),221,0.0003571260966933502
1. Simple Linear (FICO),222,0.0003571260966933502
1. Simple Linear (FICO),223,0.0003571260966933502
1. Simple Linear (FICO),224,0.0003571260966933502
1. Simple Linear (FICO),225,0.0003571260966933502
1. Simple Linear (FICO),226,0.00035712609669335014
1. Simple Linear (FICO),227,0.0003571260966933502
1. Simple Linear (FICO),228,0.0003571260966933502
1. Simple Linear (FICO),229,0.0003571260966933502
1. Simple Linear (FICO),230,0.0003571260966933502
1. Simple Linear (FICO),231,0.0003571260966933502
1. Simple Linear (FICO),232,0.0003571260966933502
1. Simple Linear (FICO),233,0.0003571260966933502
1. Simple Linear (FICO),234,0.0003571260966933502
1. Simple Linear (FICO),235,0.0003571260966933502
1. Simple Linear (FICO),236,0.0003571260966933502
1. Simple Linear (FICO),237,0.0003571260966933502
1. Simple Linear (FICO),238,0.0003571260966933502
1. Simple Linear (FICO),239,0.0003571260966933502
1. Simple Linear (FICO),240,0.0003571260966933502
1. Simple Linear (FICO),241,0.0003571260966933502
1. Simple Linear (FICO),242,0.0003571260966933502
1. Simple Linear (FICO),243,0.0003571260966933502
1. Simple Linear (FICO),244,0.0003571260966933502
1. Simple Linear (FICO),245,0.0003571260966933502
1. Simple Linear (FICO),246,0.0003571260966933502
1. Simple Linear (FICO),247,0.0003571260966933502
1. Simple Linear (FICO),248,0.0003571260966933502
1. Simple Linear (FICO),249,0.0003571260966933502
1. Simple Linear (FICO),250,0.0003571260966933502
1. Simple Linear (FICO),251,0.0003571260966933502
1. Simple Linear (FICO),252,0.0003571260966933502
1. Simple Linear (FICO),253,0.0003571260966933502
1. Simple Linear (FICO),254,0.0003571260966933502
1. Simple Linear (FICO),255,0.0003571260966933502
1. Simple Linear (FICO),256,0.0003571260966933502
1. Simple Linear (FICO),257,0.0003571260966933502
1. Simple Linear (FICO),258,0.0003571260966933502
1. Simple Linear (FICO),259,0.0003571260966933502
1. Simple Linear (FICO),260,0.0003571260966933502
1. Simple Linear (FICO),261,0.0003571260966933502
1. Simple Linear (FICO),262,0.0003571260966933502
1. Simple Linear (FICO),263,0.0003571260966933502
1. Simple Linear (FICO),264,0.0003571260966933502
1. Simple Linear (FICO),265,0.0003571260966933502
1. Simple Linear (FICO),266,0.0003571260966933502
1. Simple Linear (FICO),267,0.0003571260966933502
1. Simple Linear (FICO),268,0.0003571260966933502
1. Simple Linear (FICO),269,0.0003571260966933502
1. Simple Linear (FICO),270,0.0003571260966933502
1. Simple Linear (FICO),271,0.0003571260966933502
1. Simple Linear (FICO),272,0.0003571260966933502
1. Simple Linear (FICO),273,0.0003571260966933502
1. Simple Linear (FICO),274,0.0003571260966933502
1. Simple Linear (FICO),275,0.00035712609669335025
1. Simple Linear (FICO),276,0.00035712609669335025
1. Simple Linear (FICO),277,0.00035712609669335025
1. Simple Linear (FICO),278,0.0003571260966933502
1. Simple Linear (FICO),279,0.0003571260966933502
1. Simple Linear (FICO),280,0.0003571260966933502
1. Simple Linear (FICO),281,0.0003571260966933502
1. Simple Linear (FICO),282,0.0003571260966933502
1. Simple Linear (FICO),283,0.0003571260966933502
1. Simple Linear (FICO),284,0.00035712609669335025
1. Simple Linear (FICO),285,0.0003571260966933502
1. Simple Linear (FICO),286,0.0003571260966933502
1. Simple Linear (FICO),287,0.0003571260966933502
1. Simple Linear (FICO),288,0.0003571260966933502
1. Simple Linear (FICO),289,0.0003571260966933502
1. Simple Linear (FICO),290,0.00035712609669335025
1. Simple Linear (FICO),291,0.0003571260966933502
1. Simple Linear (FICO),292,0.0003571260966933502
1. Simple Linear (FICO),293,0.0003571260966933502
1. Simple Linear (FICO),294,0.0003571260966933502
1. Simple Linear (FICO),295,0.0003571260966933502
1. Simple Linear (FICO),296,0.0003571260966933502
1. Simple Linear (FICO),297,0.0003571260966933502
1. Simple Linear (FICO),298,0.0003571260966933502
1. Simple Linear (FICO),299,0.0003571260966933502
1. Simple Linear (FICO),300,0.0003571260966933502
1. Simple Linear (FICO),301,0.0003571260966933502
1. Simple Linear (FICO),302,0.0003571260966933502
1. Simple Linear (FICO),303,0.0003571260966933502
1. Simple Linear (FICO),304,0.0003571260966933502
1. Simple Linear (FICO),305,0.0003571260966933502
1. Simple Linear (FICO),306,0.0003571260966933502
1. Simple Linear (FICO),307,0.0003571260966933502
1. Simple Linear (FICO),308,0.0003571260966933502
1. Simple Linear (FICO),309,0.0003571260966933502
1. Simple Linear (FICO),310,0.0003571260966933502
1. Simple Linear (FICO),311,0.0003571260966933502
1. Simple Linear (FICO),312,0.0003571260966933502
1. Simple Linear (FICO),313,0.0003571260966933502
1. Simple Linear (FICO),314,0.0003571260966933502
1. Simple Linear (FICO),315,0.0003571260966933502
1. Simple Linear (FICO),316,0.0003571260966933502
1. Simple Linear (FICO),317,0.0003571260966933502
1. Simple Linear (FICO),318,0.0003571260966933502
1. Simple Linear (FICO),319,0.0003571260966933502
1. Simple Linear (FICO),320,0.0003571260966933502
1. Simple Linear (FICO),321,0.0003571260966933502
1. Simple Linear (FICO),322,0.0003571260966933502
1. Simple Linear (FICO),323,0.0003571260966933502
1. Simple Linear (FICO),324,0.0003571260966933502
1. Simple Linear (FICO),325,0.0003571260966933502
1. Simple Linear (FICO),326,0.0003571260966933502
1. Simple Linear (FICO),327,0.0003571260966933502
1. Simple Linear (FICO),328,0.0003571260966933502
1. Simple Linear (FICO),329,0.0003571260966933502
1. Simple Linear (FICO),330,0.0003571260966933502
1. Simple Linear (FICO),331,0.0003571260966933502
1. Simple Linear (FICO),332,0.0003571260966933502
1. Simple Linear (FICO),333,0.0003571260966933502
1. Simple Linear (FICO),334,0.0003571260966933502
1. Simple Linear (FICO),335,0.0003571260966933502
1. Simple Linear (FICO),336,0.0003571260966933502
1. Simple Linear (FICO),337,0.0003571260966933502
1. Simple Linear (FICO),338,0.0003571260966933502
1. Simple Linear (FICO),339,0.0003571260966933502
1. Simple Linear (FICO),340,0.0003571260966933502
1. Simple Linear (FICO),341,0.0003571260966933502
1. Simple Linear (FICO),342,0.0003571260966933502
1. Simple Linear (FICO),343,0.0003571260966933502
1. Simple Linear (FICO),344,0.0003571260966933502
1. Simple Linear (FICO),345,0.0003571260966933502
1. Simple Linear (FICO),346,0.0003571260966933502
1. Simple Linear (FICO),347,0.0003571260966933502
1. Simple Linear (FICO),348,0.0003571260966933502
1. Simple Linear (FICO),349,0.0003571260966933502
1. Simple Linear (FICO),350,0.0003571260966933502
1. Simple Linear (FICO),351,0.0003571260966933502
1. Simple Linear (FICO),352,0.0003571260966933502
1. Simple Linear (FICO),353,0.0003571260966933502
1. Simple Linear (FICO),354,0.0003571260966933502
1. Simple Linear (FICO),355,0.0003571260966933502
1. Simple Linear (FICO),356,0.0003571260966933502
1. Simple Linear (FICO),357,0.0003571260966933502
1. Simple Linear (FICO),358,0.0003571260966933502
1. Simple Linear (FICO),359,0.0003571260966933502
1. Simple Linear (FICO),360,0.0003571260966933502
1. Simple Linear (FICO),361,0.0003571260966933502
1. Simple Linear (FICO),362,0.0003571260966933502
1. Simple Linear (FICO),363,0.0003571260966933502
1. Simple Linear (FICO),364,0.0003571260966933502
1. Simple Linear (FICO),365,0.0003571260966933502
1. Simple Linear (FICO),366,0.0003571260966933502
1. Simple Linear (FICO),367,0.0003571260966933502
1. Simple Linear (FICO),368,0.0003571260966933502
1. Simple Linear (FICO),369,0.0003571260966933502
1. Simple Linear (FICO),370,0.0003571260966933502
1. Simple Linear (FICO),371,0.0003571260966933502
1. Simple Linear (FICO),372,0.0003571260966933502
1. Simple Linear (FICO),373,0.0003571260966933502
1. Simple Linear (FICO),374,0.0003571260966933502
1. Simple Linear (FICO),375,0.0003571260966933502
1. Simple Linear (FICO),376,0.0003571260966933502
1. Simple Linear (FICO),377,0.0003571260966933502
1. Simple Linear (FICO),378,0.0003571260966933502
1. Simple Linear (FICO),379,0.0003571260966933502
1. Simple Linear (FICO),380,0.0003571260966933502
1. Simple Linear (FICO),381,0.0003571260966933502
1. Simple Linear (FICO),382,0.0003571260966933502
1. Simple Linear (FICO),383,0.0003571260966933502
1. Simple Linear (FICO),384,0.0003571260966933502
1. Simple Linear (FICO),385,0.0003571260966933502
1. Simple Linear (FICO),386,0.0003571260966933502
1. Simple Linear (FICO),387,0.0003571260966933502
1. Simple Linear (FICO),388,0.0003571260966933502
1. Simple Linear (FICO),389,0.0003571260966933502
1. Simple Linear (FICO),390,0.0003571260966933502
1. Simple Linear (FICO),391,0.0003571260966933502
1. Simple Linear (FICO),392,0.0003571260966933502
1. Simple Linear (FICO),393,0.0003571260966933502
1. Simple Linear (FICO),394,0.0003571260966933502
1. Simple Linear (FICO),395,0.0003571260966933502
1. Simple Linear (FICO),396,0.0003571260966933502
1. Simple Linear (FICO),397,0.0003571260966933502
1. Simple Linear (FICO),398,0.0003571260966933502
1. Simple Linear (FICO),399,0.0003571260966933502
1. Simple Linear (FICO),400,0.0003571260966933502
1. Simple Linear (FICO),401,0.0003571260966933502
1. Simple Linear (FICO),402,0.0003571260966933502
1. Simple Linear (FICO),403,0.0003571260966933502
1. Simple Linear (FICO),404,0.0003571260966933502
1. Simple Linear (FICO),405,0.0003571260966933502
1. Simple Linear (FICO),406,0.0003571260966933502
1. Simple Linear (FICO),407,0.0003571260966933502
1. Simple Linear (FICO),408,0.0003571260966933502
1. Simple Linear (FICO),409,0.0003571260966933502
1. Simple Linear (FICO),410,0.0003571260966933502
1. Simple Linear (FICO),411,0.0003571260966933502
1. Simple Linear (FICO),412,0.0003571260966933502
1. Simple Linear (FICO),413,0.0003571260966933502
1. Simple Linear (FICO),414,0.0003571260966933502
1. Simple Linear (FICO),415,0.0003571260966933502
1. Simple Linear (FICO),416,0.0003571260966933502
1. Simple Linear (FICO),417,0.0003571260966933502
1. Simple Linear (FICO),418,0.0003571260966933502
1. Simple Linear (FICO),419,0.0003571260966933502
1. Simple Linear (FICO),420,0.0003571260966933502
1. Simple Linear (FICO),421,0.0003571260966933502
1. Simple Linear (FICO),422,0.0003571260966933502
1. Simple Linear (FICO),423,0.0003571260966933502
1. Simple Linear (FICO),424,0.0003571260966933502
1. Simple Linear (FICO),425,0.0003571260966933502
1. Simple Linear (FICO),426,0.0003571260966933502
1. Simple Linear (FICO),427,0.0003571260966933502
1. Simple Linear (FICO),428,0.0003571260966933502
1. Simple Linear (FICO),429,0.0003571260966933502
1. Simple Linear (FICO),430,0.0003571260966933502
1. Simple Linear (FICO),431,0.0003571260966933502
1. Simple Linear (FICO),432,0.0003571260966933502
1. Simple Linear (FICO),433,0.0003571260966933502
1. Simple Linear (FICO),434,0.0003571260966933502
1. Simple Linear (FICO),435,0.0003571260966933502
1. Simple Linear (FICO),436,0.0003571260966933502
1. Simple Linear (FICO),437,0.0003571260966933502
1. Simple Linear (FICO),438,0.0003571260966933502
1. Simple Linear (FICO),439,0.0003571260966933502
1. Simple Linear (FICO),440,0.0003571260966933502
1. Simple Linear (FICO),441,0.0003571260966933502
1. Simple Linear (FICO),442,0.0003571260966933502
1. Simple Linear (FICO),443,0.0003571260966933502
1. Simple Linear (FICO),444,0.0003571260966933502
1. Simple Linear (FICO),445,0.0003571260966933502
1. Simple Linear (FICO),446,0.0003571260966933502
1. Simple Linear (FICO),447,0.0003571260966933502
1. Simple Linear (FICO),448,0.0003571260966933502
1. Simple Linear (FICO),449,0.0003571260966933502
1. Simple Linear (FICO),450,0.0003571260966933502
1. Simple Linear (FICO),451,0.0003571260966933502
1. Simple Linear (FICO),452,0.0003571260966933502
1. Simple Linear (FICO),453,0.0003571260966933502
1. Simple Linear (FICO),454,0.0003571260966933502
1. Simple Linear (FICO),455,0.0003571260966933502
1. Simple Linear (FICO),456,0.0003571260966933502
1. Simple Linear (FICO),457,0.0003571260966933502
1. Simple Linear (FICO),458,0.0003571260966933502
1. Simple Linear (FICO),459,0.0003571260966933502
1. Simple Linear (FICO),460,0.0003571260966933502
1. Simple Linear (FICO),461,0.0003571260966933502
1. Simple Linear (FICO),462,0.0003571260966933502
1. Simple Linear (FICO),463,0.0003571260966933502
1. Simple Linear (FICO),464,0.0003571260966933502
1. Simple Linear (FICO),465,0.0003571260966933502
1. Simple Linear (FICO),466,0.0003571260966933502
1. Simple Linear (FICO),467,0.0003571260966933502
1. Simple Linear (FICO),468,0.0003571260966933502
1. Simple Linear (FICO),469,0.0003571260966933502
1. Simple Linear (FICO),470,0.0003571260966933502
1. Simple Linear (FICO),471,0.0003571260966933502
1. Simple Linear (FICO),472,0.0003571260966933502
1. Simple Linear (FICO),473,0.0003571260966933502
1. Simple Linear (FICO),474,0.0003571260966933502
1. Simple Linear (FICO),475,0.0003571260966933502
1. Simple Linear (FICO),476,0.0003571260966933502
1. Simple Linear (FICO),477,0.0003571260966933502
1. Simple Linear (FICO),478,0.0003571260966933502
1. Simple Linear (FICO),479,0.0003571260966933502
1. Simple Linear (FICO),480,0.0003571260966933502
1. Simple Linear (FICO),481,0.0003571260966933502
1. Simple Linear (FICO),482,0.0003571260966933502
1. Simple Linear (FICO),483,0.0003571260966933502
1. Simple Linear (FICO),484,0.0003571260966933502
1. Simple Linear (FICO),485,0.0003571260966933502
1. Simple Linear (FICO),486,0.0003571260966933502
1. Simple Linear (FICO),487,0.0003571260966933502
1. Simple Linear (FICO),488,0.0003571260966933502
1. Simple Linear (FICO),489,0.0003571260966933502
1. Simple Linear (FICO),490,0.0003571260966933502
1. Simple Linear (FICO),491,0.0003571260966933502
1. Simple Linear (FICO),492,0.0003571260966933502
1. Simple Linear (FICO),493,0.0003571260966933502
1. Simple Linear (FICO),494,0.0003571260966933502
1. Simple Linear (FICO),495,0.0003571260966933502
1. Simple Linear (FICO),496,0.0003571260966933502
1. Simple Linear (FICO),497,0.0003571260966933502
1. Simple Linear (FICO),498,0.0003571260966933502
1. Simple Linear (FICO),499,0.0003571260966933502
1. Simple Linear (FICO),500,0.0003571260966933502
1. Simple Linear (FICO),501,0.0003571260966933502
1. Simple Linear (FICO),502,0.0003571260966933502
1. Simple Linear (FICO),503,0.0003571260966933502
1. Simple Linear (FICO),504,0.0003571260966933502
1. Simple Linear (FICO),505,0.0003571260966933502
1. Simple Linear (FICO),506,0.0003571260966933502
1. Simple Linear (FICO),507,0.0003571260966933502
1. Simple Linear (FICO),508,0.0003571260966933502
1. Simple Linear (FICO),509,0.0003571260966933502
1. Simple Linear (FICO),510,0.0003571260966933502
1. Simple Linear (FICO),511,0.0003571260966933502
1. Simple Linear (FICO),512,0.0003571260966933502
1. Simple Linear (FICO),513,0.0003571260966933502
1. Simple Linear (FICO),514,0.0003571260966933502
1. Simple Linear (FICO),515,0.0003571260966933502
1. Simple Linear (FICO),516,0.0003571260966933502
1. Simple Linear (FICO),517,0.0003571260966933502
1. Simple Linear (FICO),518,0.0003571260966933502
1. Simple Linear (FICO),519,0.0003571260966933502
1. Simple Linear (FICO),520,0.0003571260966933502
1. Simple Linear (FICO),521,0.0003571260966933502
1. Simple Linear (FICO),522,0.0003571260966933502
1. Simple Linear (FICO),523,0.0003571260966933502
1. Simple Linear (FICO),524,0.0003571260966933502
1. Simple Linear (FICO),525,0.0003571260966933502
1. Simple Linear (FICO),526,0.0003571260966933502
1. Simple Linear (FICO),527,0.0003571260966933502
1. Simple Linear (FICO),528,0.0003571260966933502
1. Simple Linear (FICO),529,0.0003571260966933502
1. Simple Linear (FICO),530,0.0003571260966933502
1. Simple Linear (FICO),531,0.0003571260966933502
1. Simple Linear (FICO),532,0.0003571260966933502
1. Simple Linear (FICO),533,0.0003571260966933502
1. Simple Linear (FICO),534,0.0003571260966933502
1. Simple Linear (FICO),535,0.0003571260966933502
1. Simple Linear (FICO),536,0.0003571260966933502
1. Simple Linear (FICO),537,0.0003571260966933502
1. Simple Linear (FICO),538,0.0003571260966933502
1. Simple Linear (FICO),539,0.0003571260966933502
1. Simple Linear (FICO),540,0.0003571260966933502
1. Simple Linear (FICO),541,0.0003571260966933502
1. Simple Linear (FICO),542,0.0003571260966933502
1. Simple Linear (FICO),543,0.0003571260966933502
1. Simple Linear (FICO),544,0.0003571260966933502
1. Simple Linear (FICO),545,0.0003571260966933502
1. Simple Linear (FICO),546,0.0003571260966933502
1. Simple Linear (FICO),547,0.0003571260966933502
1. Simple Linear (FICO),548,0.0003571260966933502
1. Simple Linear (FICO),549,0.0003571260966933502
1. Simple Linear (FICO),550,0.0003571260966933502
1. Simple Linear (FICO),551,0.0003571260966933502
1. Simple Linear (FICO),552,0.0003571260966933502
1. Simple Linear (FICO),553,0.0003571260966933502
1. Simple Linear (FICO),554,0.0003571260966933502
1. Simple Linear (FICO),555,0.0003571260966933502
1. Simple Linear (FICO),556,0.0003571260966933502
1. Simple Linear (FICO),557,0.0003571260966933502
1. Simple Linear (FICO),558,0.0003571260966933502
1. Simple Linear (FICO),559,0.0003571260966933502
1. Simple Linear (FICO),560,0.0003571260966933502
1. Simple Linear (FICO),561,0.0003571260966933502
1. Simple Linear (FICO),562,0.0003571260966933502
1. Simple Linear (FICO),563,0.0003571260966933502
1. Simple Linear (FICO),564,0.0003571260966933502
1. Simple Linear (FICO),565,0.0003571260966933502
1. Simple Linear (FICO),566,0.0003571260966933502
1. Simple Linear (FICO),567,0.0003571260966933502
1. Simple Linear (FICO),568,0.0003571260966933502
1. Simple Linear (FICO),569,0.0003571260966933502
1. Simple Linear (FICO),570,0.0003571260966933502
1. Simple Linear (FICO),571,0.0003571260966933502
1. Simple Linear (FICO),572,0.0003571260966933502
1. Simple Linear (FICO),573,0.0003571260966933502
1. Simple Linear (FICO),574,0.0003571260966933502
1. Simple Linear (FICO),575,0.0003571260966933502
1. Simple Linear (FICO),576,0.0003571260966933502
1. Simple Linear (FICO),577,0.0003571260966933502
1. Simple Linear (FICO),578,0.0003571260966933502
1. Simple Linear (FICO),579,0.0003571260966933502
1. Simple Linear (FICO),580,0.0003571260966933502
1. Simple Linear (FICO),581,0.0003571260966933502
1. Simple Linear (FICO),582,0.0003571260966933502
1. Simple Linear (FICO),583,0.0003571260966933502
1. Simple Linear (FICO),584,0.0003571260966933502
1. Simple Linear (FICO),585,0.0003571260966933502
1. Simple Linear (FICO),586,0.0003571260966933502
1. Simple Linear (FICO),587,0.0003571260966933502
1. Simple Linear (FICO),588,0.0003571260966933502
1. Simple Linear (FICO),589,0.0003571260966933502
1. Simple Linear (FICO),590,0.0003571260966933502
1. Simple Linear (FICO),591,0.0003571260966933502
1. Simple Linear (FICO),592,0.0003571260966933502
1. Simple Linear (FICO),593,0.0003571260966933502
1. Simple Linear (FICO),594,0.0003571260966933502
1. Simple Linear (FICO),595,0.0003571260966933502
1. Simple Linear (FICO),596,0.0003571260966933502
1. Simple Linear (FICO),597,0.0003571260966933502
1. Simple Linear (FICO),598,0.0003571260966933502
1. Simple Linear (FICO),599,0.0003571260966933502
1. Simple Linear (FICO),600,0.0003571260966933502
1. Simple Linear (FICO),601,0.0003571260966933502
1. Simple Linear (FICO),602,0.0003571260966933502
1. Simple Linear (FICO),603,0.0003571260966933502
1. Simple Linear (FICO),604,0.0003571260966933502
1. Simple Linear (FICO),605,0.0003571260966933502
1. Simple Linear (FICO),606,0.0003571260966933502
1. Simple Linear (FICO),607,0.0003571260966933502
1. Simple Linear (FICO),608,0.0003571260966933502
1. Simple Linear (FICO),609,0.0003571260966933502
1. Simple Linear (FICO),610,0.0003571260966933502
1. Simple Linear (FICO),611,0.0003571260966933502
1. Simple Linear (FICO),612,0.0003571260966933502
1. Simple Linear (FICO),613,0.0003571260966933502
1. Simple Linear (FICO),614,0.0003571260966933502
1. Simple Linear (FICO),615,0.0003571260966933502
1. Simple Linear (FICO),616,0.0003571260966933502
1. Simple Linear (FICO),617,0.0003571260966933502
1. Simple Linear (FICO),618,0.0003571260966933502
1. Simple Linear (FICO),619,0.0003571260966933502
1. Simple Linear (FICO),620,0.0003571260966933502
1. Simple Linear (FICO),621,0.0003571260966933502
1. Simple Linear (FICO),622,0.0003571260966933502
1. Simple Linear (FICO),623,0.0003571260966933502
1. Simple Linear (FICO),624,0.0003571260966933502
1. Simple Linear (FICO),625,0.0003571260966933502
1. Simple Linear (FICO),626,0.0003571260966933502
1. Simple Linear (FICO),627,0.0003571260966933502
1. Simple Linear (FICO),628,0.0003571260966933502
1. Simple Linear (FICO),629,0.0003571260966933502
1. Simple Linear (FICO),630,0.0003571260966933502
1. Simple Linear (FICO),631,0.0003571260966933502
1. Simple Linear (FICO),632,0.0003571260966933502
1. Simple Linear (FICO),633,0.0003571260966933502
1. Simple Linear (FICO),634,0.0003571260966933502
1. Simple Linear (FICO),635,0.0003571260966933502
1. Simple Linear (FICO),636,0.0003571260966933502
1. Simple Linear (FICO),637,0.0003571260966933502
1. Simple Linear (FICO),638,0.0003571260966933502
1. Simple Linear (FICO),639,0.0003571260966933502
1. Simple Linear (FICO),640,0.0003571260966933502
1. Simple Linear (FICO),641,0.0003571260966933502
1. Simple Linear (FICO),642,0.0003571260966933502
1. Simple Linear (FICO),643,0.0003571260966933502
1. Simple Linear (FICO),644,0.0003571260966933502
1. Simple Linear (FICO),645,0.0003571260966933502
1. Simple Linear (FICO),646,0.0003571260966933502
1. Simple Linear (FICO),647,0.0003571260966933502
1. Simple Linear (FICO),648,0.0003571260966933502
1. Simple Linear (FICO),649,0.0003571260966933502
1. Simple Linear (FICO),650,0.0003571260966933502
1. Simple Linear (FICO),651,0.0003571260966933502
1. Simple Linear (FICO),652,0.0003571260966933502
1. Simple Linear (FICO),653,0.0003571260966933502
1. Simple Linear (FICO),654,0.0003571260966933502
1. Simple Linear (FICO),655,0.0003571260966933502
1. Simple Linear (FICO),656,0.0003571260966933502
1. Simple Linear (FICO),657,0.0003571260966933502
1. Simple Linear (FICO),658,0.0003571260966933502
1. Simple Linear (FICO),659,0.0003571260966933502
1. Simple Linear (FICO),660,0.0003571260966933502
1. Simple Linear (FICO),661,0.0003571260966933502
1. Simple Linear (FICO),662,0.0003571260966933502
1. Simple Linear (FICO),663,0.0003571260966933502
1. Simple Linear (FICO),664,0.0003571260966933502
1. Simple Linear (FICO),665,0.0003571260966933502
1. Simple Linear (FICO),666,0.0003571260966933502
1. Simple Linear (FICO),667,0.0003571260966933502
1. Simple Linear (FICO),668,0.0003571260966933502
1. Simple Linear (FICO),669,0.0003571260966933502
1. Simple Linear (FICO),670,0.0003571260966933502
1. Simple Linear (FICO),671,0.0003571260966933502
1. Simple Linear (FICO),672,0.0003571260966933502
1. Simple Linear (FICO),673,0.0003571260966933502
1. Simple Linear (FICO),674,0.0003571260966933502
1. Simple Linear (FICO),675,0.0003571260966933502
1. Simple Linear (FICO),676,0.0003571260966933502
1. Simple Linear (FICO),677,0.0003571260966933502
1. Simple Linear (FICO),678,0.0003571260966933502
1. Simple Linear (FICO),679,0.0003571260966933502
1. Simple Linear (FICO),680,0.0003571260966933502
1. Simple Linear (FICO),681,0.0003571260966933502
1. Simple Linear (FICO),682,0.0003571260966933502
1. Simple Linear (FICO),683,0.0003571260966933502
1. Simple Linear (FICO),684,0.0003571260966933502
1. Simple Linear (FICO),685,0.0003571260966933502
1. Simple Linear (FICO),686,0.0003571260966933502
1. Simple Linear (FICO),687,0.0003571260966933502
1. Simple Linear (FICO),688,0.0003571260966933502
1. Simple Linear (FICO),689,0.0003571260966933502
1. Simple Linear (FICO),690,0.0003571260966933502
1. Simple Linear (FICO),691,0.0003571260966933502
1. Simple Linear (FICO),692,0.0003571260966933502
1. Simple Linear (FICO),693,0.0003571260966933502
1. Simple Linear (FICO),694,0.0003571260966933502
1. Simple Linear (FICO),695,0.0003571260966933502
1. Simple Linear (FICO),696,0.0003571260966933502
1. Simple Linear (FICO),697,0.0003571260966933502
1. Simple Linear (FICO),698,0.0003571260966933502
1. Simple Linear (FICO),699,0.0003571260966933502
1. Simple Linear (FICO),700,0.0003571260966933502
1. Simple Linear (FICO),701,0.0003571260966933502
1. Simple Linear (FICO),702,0.0003571260966933502
1. Simple Linear (FICO),703,0.0003571260966933502
1. Simple Linear (FICO),704,0.0003571260966933502
1. Simple Linear (FICO),705,0.0003571260966933502
1. Simple Linear (FICO),706,0.0003571260966933502
1. Simple Linear (FICO),707,0.0003571260966933502
1. Simple Linear (FICO),708,0.0003571260966933502
1. Simple Linear (FICO),709,0.0003571260966933502
1. Simple Linear (FICO),710,0.0003571260966933502
1. Simple Linear (FICO),711,0.0003571260966933502
1. Simple Linear (FICO),712,0.0003571260966933502
1. Simple Linear (FICO),713,0.0003571260966933502
1. Simple Linear (FICO),714,0.0003571260966933502
1. Simple Linear (FICO),715,0.0003571260966933502
1. Simple Linear (FICO),716,0.0003571260966933502
1. Simple Linear (FICO),717,0.0003571260966933502
1. Simple Linear (FICO),718,0.0003571260966933502
1. Simple Linear (FICO),719,0.0003571260966933502
1. Simple Linear (FICO),720,0.0003571260966933502
1. Simple Linear (FICO),721,0.0003571260966933502
1. Simple Linear (FICO),722,0.0003571260966933502
1. Simple Linear (FICO),723,0.0003571260966933502
1. Simple Linear (FICO),724,0.0003571260966933502
1. Simple Linear (FICO),725,0.0003571260966933502
1. Simple Linear (FICO),726,0.0003571260966933502
1. Simple Linear (FICO),727,0.0003571260966933502
1. Simple Linear (FICO),728,0.0003571260966933502
1. Simple Linear (FICO),729,0.0003571260966933502
1. Simple Linear (FICO),730,0.0003571260966933502
1. Simple Linear (FICO),731,0.0003571260966933502
1. Simple Linear (FICO),732,0.0003571260966933502
1. Simple Linear (FICO),733,0.0003571260966933502
1. Simple Linear (FICO),734,0.0003571260966933502
1. Simple Linear (FICO),735,0.0003571260966933502
1. Simple Linear (FICO),736,0.0003571260966933502
1. Simple Linear (FICO),737,0.0003571260966933502
1. Simple Linear (FICO),738,0.0003571260966933502
1. Simple Linear (FICO),739,0.0003571260966933502
1. Simple Linear (FICO),740,0.0003571260966933502
1. Simple Linear (FICO),741,0.0003571260966933502
1. Simple Linear (FICO),742,0.0003571260966933502
1. Simple Linear (FICO),743,0.0003571260966933502
1. Simple Linear (FICO),744,0.0003571260966933502
1. Simple Linear (FICO),745,0.0003571260966933502
1. Simple Linear (FICO),746,0.0003571260966933502
1. Simple Linear (FICO),747,0.0003571260966933502
1. Simple Linear (FICO),748,0.0003571260966933502
1. Simple Linear (FICO),749,0.0003571260966933502
1. Simple Linear (FICO),750,0.0003571260966933502
1. Simple Linear (FICO),751,0.0003571260966933502
1. Simple Linear (FICO),752,0.0003571260966933502
1. Simple Linear (FICO),753,0.0003571260966933502
1. Simple Linear (FICO),754,0.0003571260966933502
1. Simple Linear (FICO),755,0.0003571260966933502
1. Simple Linear (FICO),756,0.0003571260966933502
1. Simple Linear (FICO),757,0.0003571260966933502
1. Simple Linear (FICO),758,0.0003571260966933502
1. Simple Linear (FICO),759,0.0003571260966933502
1. Simple Linear (FICO),760,0.0003571260966933502
1. Simple Linear (FICO),761,0.0003571260966933502
1. Simple Linear (FICO),762,0.0003571260966933502
1. Simple Linear (FICO),763,0.0003571260966933502
1. Simple Linear (FICO),764,0.0003571260966933502
1. Simple Linear (FICO),765,0.0003571260966933502
1. Simple Linear (FICO),766,0.0003571260966933502
1. Simple Linear (FICO),767,0.0003571260966933502
1. Simple Linear (FICO),768,0.0003571260966933502
1. Simple Linear (FICO),769,0.0003571260966933502
1. Simple Linear (FICO),770,0.0003571260966933502
1. Simple Linear (FICO),771,0.0003571260966933502
1. Simple Linear (FICO),772,0.0003571260966933502
1. Simple Linear (FICO),773,0.0003571260966933502
1. Simple Linear (FICO),774,0.0003571260966933502
1. Simple Linear (FICO),775,0.0003571260966933502
1. Simple Linear (FICO),776,0.0003571260966933502
1. Simple Linear (FICO),777,0.0003571260966933502
1. Simple Linear (FICO),778,0.0003571260966933502
1. Simple Linear (FICO),779,0.0003571260966933502
1. Simple Linear (FICO),780,0.0003571260966933502
1. Simple Linear (FICO),781,0.0003571260966933502
1. Simple Linear (FICO),782,0.0003571260966933502
1. Simple Linear (FICO),783,0.0003571260966933502
1. Simple Linear (FICO),784,0.0003571260966933502
1. Simple Linear (FICO),785,0.0003571260966933502
1. Simple Linear (FICO),786,0.0003571260966933502
1. Simple Linear (FICO),787,0.0003571260966933502
1. Simple Linear (FICO),788,0.0003571260966933502
1. Simple Linear (FICO),789,0.0003571260966933502
1. Simple Linear (FICO),790,0.0003571260966933502
1. Simple Linear (FICO),791,0.0003571260966933502
1. Simple Linear (FICO),792,0.0003571260966933502
1. Simple Linear (FICO),793,0.0003571260966933502
1. Simple Linear (FICO),794,0.0003571260966933502
1. Simple Linear (FICO),795,0.0003571260966933502
1. Simple Linear (FICO),796,0.0003571260966933502
1. Simple Linear (FICO),797,0.0003571260966933502
1. Simple Linear (FICO),798,0.0003571260966933502
1. Simple Linear (FICO),799,0.0003571260966933502
1. Simple Linear (FICO),800,0.0003571260966933502
1. Simple Linear (FICO),801,0.0003571260966933502
1. Simple Linear (FICO),802,0.0003571260966933502
1. Simple Linear (FICO),803,0.0003571260966933502
1. Simple Linear (FICO),804,0.0003571260966933502
1. Simple Linear (FICO),805,0.0003571260966933502
1. Simple Linear (FICO),806,0.0003571260966933502
1. Simple Linear (FICO),807,0.0003571260966933502
1. Simple Linear (FICO),808,0.0003571260966933502
1. Simple Linear (FICO),809,0.0003571260966933502
1. Simple Linear (FICO),810,0.0003571260966933502
1. Simple Linear (FICO),811,0.0003571260966933502
1. Simple Linear (FICO),812,0.0003571260966933502
1. Simple Linear (FICO),813,0.0003571260966933502
1. Simple Linear (FICO),814,0.0003571260966933502
1. Simple Linear (FICO),815,0.0003571260966933502
1. Simple Linear (FICO),816,0.0003571260966933502
1. Simple Linear (FICO),817,0.0003571260966933502
1. Simple Linear (FICO),818,0.0003571260966933502
1. Simple Linear (FICO),819,0.0003571260966933502
1. Simple Linear (FICO),820,0.0003571260966933502
1. Simple Linear (FICO),821,0.0003571260966933502
1. Simple Linear (FICO),822,0.0003571260966933502
1. Simple Linear (FICO),823,0.0003571260966933502
1. Simple Linear (FICO),824,0.0003571260966933502
1. Simple Linear (FICO),825,0.0003571260966933502
1. Simple Linear (FICO),826,0.0003571260966933502
1. Simple Linear (FICO),827,0.0003571260966933502
1. Simple Linear (FICO),828,0.0003571260966933502
1. Simple Linear (FICO),829,0.0003571260966933502
1. Simple Linear (FICO),830,0.0003571260966933502
1. Simple Linear (FICO),831,0.0003571260966933502
1. Simple Linear (FICO),832,0.0003571260966933502
1. Simple Linear (FICO),833,0.0003571260966933502
1. Simple Linear (FICO),834,0.0003571260966933502
1. Simple Linear (FICO),835,0.0003571260966933502
1. Simple Linear (FICO),836,0.0003571260966933502
1. Simple Linear (FICO),837,0.0003571260966933502
1. Simple Linear (FICO),838,0.0003571260966933502
1. Simple Linear (FICO),839,0.0003571260966933502
1. Simple Linear (FICO),840,0.0003571260966933502
1. Simple Linear (FICO),841,0.0003571260966933502
1. Simple Linear (FICO),842,0.0003571260966933502
1. Simple Linear (FICO),843,0.0003571260966933502
1. Simple Linear (FICO),844,0.0003571260966933502
1. Simple Linear (FICO),845,0.0003571260966933502
1. Simple Linear (FICO),846,0.0003571260966933502
1. Simple Linear (FICO),847,0.0003571260966933502
1. Simple Linear (FICO),848,0.0003571260966933502
1. Simple Linear (FICO),849,0.0003571260966933502
1. Simple Linear (FICO),850,0.0003571260966933502
1. Simple Linear (FICO),851,0.0003571260966933502
1. Simple Linear (FICO),852,0.0003571260966933502
1. Simple Linear (FICO),853,0.0003571260966933502
1. Simple Linear (FICO),854,0.0003571260966933502
1. Simple Linear (FICO),855,0.0003571260966933502
1. Simple Linear (FICO),856,0.0003571260966933502
1. Simple Linear (FICO),857,0.0003571260966933502
1. Simple Linear (FICO),858,0.0003571260966933502
1. Simple Linear (FICO),859,0.0003571260966933502
1. Simple Linear (FICO),860,0.0003571260966933502
1. Simple Linear (FICO),861,0.0003571260966933502
1. Simple Linear (FICO),862,0.0003571260966933502
1. Simple Linear (FICO),863,0.0003571260966933502
1. Simple Linear (FICO),864,0.0003571260966933502
1. Simple Linear (FICO),865,0.0003571260966933502
1. Simple Linear (FICO),866,0.0003571260966933502
1. Simple Linear (FICO),867,0.0003571260966933502
1. Simple Linear (FICO),868,0.0003571260966933502
1. Simple Linear (FICO),869,0.0003571260966933502
1. Simple Linear (FICO),870,0.0003571260966933502
1. Simple Linear (FICO),871,0.0003571260966933502
1. Simple Linear (FICO),872,0.0003571260966933502
1. Simple Linear (FICO),873,0.0003571260966933502
1. Simple Linear (FICO),874,0.0003571260966933502
1. Simple Linear (FICO),875,0.0003571260966933502
1. Simple Linear (FICO),876,0.0003571260966933502
1. Simple Linear (FICO),877,0.0003571260966933502
1. Simple Linear (FICO),878,0.0003571260966933502
1. Simple Linear (FICO),879,0.0003571260966933502
1. Simple Linear (FICO),880,0.0003571260966933502
1. Simple Linear (FICO),881,0.0003571260966933502
1. Simple Linear (FICO),882,0.0003571260966933502
1. Simple Linear (FICO),883,0.0003571260966933502
1. Simple Linear (FICO),884,0.0003571260966933502
1. Simple Linear (FICO),885,0.0003571260966933502
1. Simple Linear (FICO),886,0.0003571260966933502
1. Simple Linear (FICO),887,0.0003571260966933502
1. Simple Linear (FICO),888,0.0003571260966933502
1. Simple Linear (FICO),889,0.0003571260966933502
1. Simple Linear (FICO),890,0.0003571260966933502
1. Simple Linear (FICO),891,0.0003571260966933502
1. Simple Linear (FICO),892,0.0003571260966933502
1. Simple Linear (FICO),893,0.0003571260966933502
1. Simple Linear (FICO),894,0.0003571260966933502
1. Simple Linear (FICO),895,0.0003571260966933502
1. Simple Linear (FICO),896,0.0003571260966933502
1. Simple Linear (FICO),897,0.0003571260966933502
1. Simple Linear (FICO),898,0.0003571260966933502
1. Simple Linear (FICO),899,0.0003571260966933502
1. Simple Linear (FICO),900,0.0003571260966933502
1. Simple Linear (FICO),901,0.0003571260966933502
1. Simple Linear (FICO),902,0.0003571260966933502
1. Simple Linear (FICO),903,0.0003571260966933502
1. Simple Linear (FICO),904,0.0003571260966933502
1. Simple Linear (FICO),905,0.0003571260966933502
1. Simple Linear (FICO),906,0.0003571260966933502
1. Simple Linear (FICO),907,0.0003571260966933502
1. Simple Linear (FICO),908,0.0003571260966933502
1. Simple Linear (FICO),909,0.0003571260966933502
1. Simple Linear (FICO),910,0.0003571260966933502
1. Simple Linear (FICO),911,0.0003571260966933502
1. Simple Linear (FICO),912,0.0003571260966933502
1. Simple Linear (FICO),913,0.0003571260966933502
1. Simple Linear (FICO),914,0.0003571260966933502
1. Simple Linear (FICO),915,0.0003571260966933502
1. Simple Linear (FICO),916,0.0003571260966933502
1. Simple Linear (FICO),917,0.0003571260966933502
1. Simple Linear (FICO),918,0.0003571260966933502
1. Simple Linear (FICO),919,0.0003571260966933502
1. Simple Linear (FICO),920,0.0003571260966933502
1. Simple Linear (FICO),921,0.0003571260966933502
1. Simple Linear (FICO),922,0.0003571260966933502
1. Simple Linear (FICO),923,0.0003571260966933502
1. Simple Linear (FICO),924,0.0003571260966933502
1. Simple Linear (FICO),925,0.0003571260966933502
1. Simple Linear (FICO),926,0.0003571260966933502
1. Simple Linear (FICO),927,0.0003571260966933502
1. Simple Linear (FICO),928,0.0003571260966933502
1. Simple Linear (FICO),929,0.0003571260966933502
1. Simple Linear (FICO),930,0.0003571260966933502
1. Simple Linear (FICO),931,0.0003571260966933502
1. Simple Linear (FICO),932,0.0003571260966933502
1. Simple Linear (FICO),933,0.0003571260966933502
1. Simple Linear (FICO),934,0.0003571260966933502
1. Simple Linear (FICO),935,0.0003571260966933502
1. Simple Linear (FICO),936,0.0003571260966933502
1. Simple Linear (FICO),937,0.0003571260966933502
1. Simple Linear (FICO),938,0.0003571260966933502
1. Simple Linear (FICO),939,0.0003571260966933502
1. Simple Linear (FICO),940,0.0003571260966933502
1. Simple Linear (FICO),941,0.0003571260966933502
1. Simple Linear (FICO),942,0.0003571260966933502
1. Simple Linear (FICO),943,0.0003571260966933502
1. Simple Linear (FICO),944,0.0003571260966933502
1. Simple Linear (FICO),945,0.0003571260966933502
1. Simple Linear (FICO),946,0.0003571260966933502
1. Simple Linear (FICO),947,0.0003571260966933502
1. Simple Linear (FICO),948,0.0003571260966933502
1. Simple Linear (FICO),949,0.0003571260966933502
1. Simple Linear (FICO),950,0.0003571260966933502
1. Simple Linear (FICO),951,0.0003571260966933502
1. Simple Linear (FICO),952,0.0003571260966933502
1. Simple Linear (FICO),953,0.0003571260966933502
1. Simple Linear (FICO),954,0.0003571260966933502
1. Simple Linear (FICO),955,0.0003571260966933502
1. Simple Linear (FICO),956,0.0003571260966933502
1. Simple Linear (FICO),957,0.0003571260966933502
1. Simple Linear (FICO),958,0.0003571260966933502
1. Simple Linear (FICO),959,0.0003571260966933502
1. Simple Linear (FICO),960,0.0003571260966933502
1. Simple Linear (FICO),961,0.0003571260966933502
1. Simple Linear (FICO),962,0.0003571260966933502
1. Simple Linear (FICO),963,0.0003571260966933502
1. Simple Linear (FICO),964,0.0003571260966933502
1. Simple Linear (FICO),965,0.0003571260966933502
1. Simple Linear (FICO),966,0.0003571260966933502
1. Simple Linear (FICO),967,0.0003571260966933502
1. Simple Linear (FICO),968,0.0003571260966933502
1. Simple Linear (FICO),969,0.0003571260966933502
1. Simple Linear (FICO),970,0.0003571260966933502
1. Simple Linear (FICO),971,0.0003571260966933502
1. Simple Linear (FICO),972,0.0003571260966933502
1. Simple Linear (FICO),973,0.0003571260966933502
1. Simple Linear (FICO),974,0.0003571260966933502
1. Simple Linear (FICO),975,0.0003571260966933502
1. Simple Linear (FICO),976,0.0003571260966933502
1. Simple Linear (FICO),977,0.0003571260966933502
1. Simple Linear (FICO),978,0.0003571260966933502
1. Simple Linear (FICO),979,0.0003571260966933502
1. Simple Linear (FICO),980,0.0003571260966933502
1. Simple Linear (FICO),981,0.0003571260966933502
1. Simple Linear (FICO),982,0.0003571260966933502
1. Simple Linear (FICO),983,0.0003571260966933502
1. Simple Linear (FICO),984,0.0003571260966933502
1. Simple Linear (FICO),985,0.0003571260966933502
1. Simple Linear (FICO),986,0.0003571260966933502
1. Simple Linear (FICO),987,0.0003571260966933502
1. Simple Linear (FICO),988,0.0003571260966933502
1. Simple Linear (FICO),989,0.0003571260966933502
1. Simple Linear (FICO),990,0.0003571260966933502
1. Simple Linear (FICO),991,0.0003571260966933502
1. Simple Linear (FICO),992,0.0003571260966933502
1. Simple Linear (FICO),993,0.0003571260966933502
1. Simple Linear (FICO),994,0.0003571260966933502
1. Simple Linear (FICO),995,0.0003571260966933502
1. Simple Linear (FICO),996,0.0003571260966933502
1. Simple Linear (FICO),997,0.0003571260966933502
1. Simple Linear (FICO),998,0.0003571260966933502
1. Simple Linear (FICO),999,0.0003571260966933502
1. Simple Linear (FICO),1000,0.0003571260966933502
1. Simple Linear (FICO),1001,0.0003571260966933502
1. Simple Linear (FICO),1002,0.0003571260966933502
1. Simple Linear (FICO),1003,0.0003571260966933502
1. Simple Linear (FICO),1004,0.0003571260966933502
1. Simple Linear (FICO),1005,0.0003571260966933502
1. Simple Linear (FICO),1006,0.0003571260966933502
1. Simple Linear (FICO),1007,0.0003571260966933502
1. Simple Linear (FICO),1008,0.0003571260966933502
1. Simple Linear (FICO),1009,0.0003571260966933502
1. Simple Linear (FICO),1010,0.0003571260966933502
1. Simple Linear (FICO),1011,0.0003571260966933502
1. Simple Linear (FICO),1012,0.0003571260966933502
1. Simple Linear (FICO),1013,0.0003571260966933502
1. Simple Linear (FICO),1014,0.0003571260966933502
1. Simple Linear (FICO),1015,0.0003571260966933502
1. Simple Linear (FICO),1016,0.0003571260966933502
1. Simple Linear (FICO),1017,0.0003571260966933502
1. Simple Linear (FICO),1018,0.0003571260966933502
1. Simple Linear (FICO),1019,0.0003571260966933502
1. Simple Linear (FICO),1020,0.0003571260966933502
1. Simple Linear (FICO),1021,0.0003571260966933502
1. Simple Linear (FICO),1022,0.0003571260966933502
1. Simple Linear (FICO),1023,0.0003571260966933502
1. Simple Linear (FICO),1024,0.0003571260966933502
1. Simple Linear (FICO),1025,0.0003571260966933502
1. Simple Linear (FICO),1026,0.0003571260966933502
1. Simple Linear (FICO),1027,0.0003571260966933502
1. Simple Linear (FICO),1028,0.0003571260966933502
1. Simple Linear (FICO),1029,0.0003571260966933502
1. Simple Linear (FICO),1030,0.0003571260966933502
1. Simple Linear (FICO),1031,0.0003571260966933502
1. Simple Linear (FICO),1032,0.0003571260966933502
1. Simple Linear (FICO),1033,0.0003571260966933502
1. Simple Linear (FICO),1034,0.0003571260966933502
1. Simple Linear (FICO),1035,0.0003571260966933502
1. Simple Linear (FICO),1036,0.0003571260966933502
1. Simple Linear (FICO),1037,0.0003571260966933502
1. Simple Linear (FICO),1038,0.0003571260966933502
1. Simple Linear (FICO),1039,0.0003571260966933502
1. Simple Linear (FICO),1040,0.0003571260966933502
1. Simple Linear (FICO),1041,0.0003571260966933502
1. Simple Linear (FICO),1042,0.0003571260966933502
1. Simple Linear (FICO),1043,0.0003571260966933502
1. Simple Linear (FICO),1044,0.0003571260966933502
1. Simple Linear (FICO),1045,0.0003571260966933502
1. Simple Linear (FICO),1046,0.0003571260966933502
1. Simple Linear (FICO),1047,0.0003571260966933502
1. Simple Linear (FICO),1048,0.0003571260966933502
1. Simple Linear (FICO),1049,0.0003571260966933502
1. Simple Linear (FICO),1050,0.0003571260966933502
1. Simple Linear (FICO),1051,0.0003571260966933502
1. Simple Linear (FICO),1052,0.0003571260966933502
1. Simple Linear (FICO),1053,0.0003571260966933502
1. Simple Linear (FICO),1054,0.0003571260966933502
1. Simple Linear (FICO),1055,0.0003571260966933502
1. Simple Linear (FICO),1056,0.0003571260966933502
1. Simple Linear (FICO),1057,0.0003571260966933502
1. Simple Linear (FICO),1058,0.0003571260966933502
1. Simple Linear (FICO),1059,0.0003571260966933502
1. Simple Linear (FICO),1060,0.0003571260966933502
1. Simple Linear (FICO),1061,0.0003571260966933502
1. Simple Linear (FICO),1062,0.0003571260966933502
1. Simple Linear (FICO),1063,0.0003571260966933502
1. Simple Linear (FICO),1064,0.0003571260966933502
1. Simple Linear (FICO),1065,0.0003571260966933502
1. Simple Linear (FICO),1066,0.0003571260966933502
1. Simple Linear (FICO),1067,0.0003571260966933502
1. Simple Linear (FICO),1068,0.0003571260966933502
1. Simple Linear (FICO),1069,0.0003571260966933502
1. Simple Linear (FICO),1070,0.0003571260966933502
1. Simple Linear (FICO),1071,0.0003571260966933502
1. Simple Linear (FICO),1072,0.0003571260966933502
1. Simple Linear (FICO),1073,0.0003571260966933502
1. Simple Linear (FICO),1074,0.0003571260966933502
1. Simple Linear (FICO),1075,0.0003571260966933502
1. Simple Linear (FICO),1076,0.0003571260966933502
1. Simple Linear (FICO),1077,0.0003571260966933502
1. Simple Linear (FICO),1078,0.0003571260966933502
1. Simple Linear (FICO),1079,0.0003571260966933502
1. Simple Linear (FICO),1080,0.0003571260966933502
1. Simple Linear (FICO),1081,0.0003571260966933502
1. Simple Linear (FICO),1082,0.0003571260966933502
1. Simple Linear (FICO),1083,0.0003571260966933502
1. Simple Linear (FICO),1084,0.0003571260966933502
1. Simple Linear (FICO),1085,0.0003571260966933502
1. Simple Linear (FICO),1086,0.0003571260966933502
1. Simple Linear (FICO),1087,0.0003571260966933502
1. Simple Linear (FICO),1088,0.0003571260966933502
1. Simple Linear (FICO),1089,0.0003571260966933502
1. Simple Linear (FICO),1090,0.0003571260966933502
1. Simple Linear (FICO),1091,0.0003571260966933502
1. Simple Linear (FICO),1092,0.0003571260966933502
1. Simple Linear (FICO),1093,0.0003571260966933502
1. Simple Linear (FICO),1094,0.0003571260966933502
1. Simple Linear (FICO),1095,0.0003571260966933502
1. Simple Linear (FICO),1096,0.0003571260966933502
1. Simple Linear (FICO),1097,0.0003571260966933502
1. Simple Linear (FICO),1098,0.0003571260966933502
1. Simple Linear (FICO),1099,0.0003571260966933502
1. Simple Linear (FICO),1100,0.0003571260966933502
1. Simple Linear (FICO),1101,0.0003571260966933502
1. Simple Linear (FICO),1102,0.0003571260966933502
1. Simple Linear (FICO),1103,0.0003571260966933502
1. Simple Linear (FICO),1104,0.0003571260966933502
1. Simple Linear (FICO),1105,0.0003571260966933502
1. Simple Linear (FICO),1106,0.0003571260966933502
1. Simple Linear (FICO),1107,0.0003571260966933502
1. Simple Linear (FICO),1108,0.0003571260966933502
1. Simple Linear (FICO),1109,0.0003571260966933502
1. Simple Linear (FICO),1110,0.0003571260966933502
1. Simple Linear (FICO),1111,0.0003571260966933502
1. Simple Linear (FICO),1112,0.0003571260966933502
1. Simple Linear (FICO),1113,0.0003571260966933502
1. Simple Linear (FICO),1114,0.0003571260966933502
1. Simple Linear (FICO),1115,0.0003571260966933502
1. Simple Linear (FICO),1116,0.0003571260966933502
1. Simple Linear (FICO),1117,0.0003571260966933502
1. Simple Linear (FICO),1118,0.0003571260966933502
1. Simple Linear (FICO),1119,0.0003571260966933502
1. Simple Linear (FICO),1120,0.0003571260966933502
1. Simple Linear (FICO),1121,0.0003571260966933502
1. Simple Linear (FICO),1122,0.0003571260966933502
1. Simple Linear (FICO),1123,0.0003571260966933502
1. Simple Linear (FICO),1124,0.0003571260966933502
1. Simple Linear (FICO),1125,0.0003571260966933502
1. Simple Linear (FICO),1126,0.0003571260966933502
1. Simple Linear (FICO),1127,0.0003571260966933502
1. Simple Linear (FICO),1128,0.0003571260966933502
1. Simple Linear (FICO),1129,0.0003571260966933502
1. Simple Linear (FICO),1130,0.0003571260966933502
1. Simple Linear (FICO),1131,0.0003571260966933502
1. Simple Linear (FICO),1132,0.0003571260966933502
1. Simple Linear (FICO),1133,0.0003571260966933502
1. Simple Linear (FICO),1134,0.0003571260966933502
1. Simple Linear (FICO),1135,0.0003571260966933502
1. Simple Linear (FICO),1136,0.0003571260966933502
1. Simple Linear (FICO),1137,0.0003571260966933502
1. Simple Linear (FICO),1138,0.0003571260966933502
1. Simple Linear (FICO),1139,0.0003571260966933502
1. Simple Linear (FICO),1140,0.0003571260966933502
1. Simple Linear (FICO),1141,0.0003571260966933502
1. Simple Linear (FICO),1142,0.0003571260966933502
1. Simple Linear (FICO),1143,0.0003571260966933502
1. Simple Linear (FICO),1144,0.0003571260966933502
1. Simple Linear (FICO),1145,0.0003571260966933502
1. Simple Linear (FICO),1146,0.0003571260966933502
1. Simple Linear (FICO),1147,0.0003571260966933502
1. Simple Linear (FICO),1148,0.0003571260966933502
1. Simple Linear (FICO),1149,0.0003571260966933502
1. Simple Linear (FICO),1150,0.0003571260966933502
1. Simple Linear (FICO),1151,0.0003571260966933502
1. Simple Linear (FICO),1152,0.0003571260966933502
1. Simple Linear (FICO),1153,0.0003571260966933502
1. Simple Linear (FICO),1154,0.0003571260966933502
1. Simple Linear (FICO),1155,0.0003571260966933502
1. Simple Linear (FICO),1156,0.0003571260966933502
1. Simple Linear (FICO),1157,0.0003571260966933502
1. Simple Linear (FICO),1158,0.0003571260966933502
1. Simple Linear (FICO),1159,0.0003571260966933502
1. Simple Linear (FICO),1160,0.0003571260966933502
1. Simple Linear (FICO),1161,0.0003571260966933502
1. Simple Linear (FICO),1162,0.0003571260966933502
1. Simple Linear (FICO),1163,0.0003571260966933502
1. Simple Linear (FICO),1164,0.0003571260966933502
1. Simple Linear (FICO),1165,0.0003571260966933502
1. Simple Linear (FICO),1166,0.0003571260966933502
1. Simple Linear (FICO),1167,0.0003571260966933502
1. Simple Linear (FICO),1168,0.0003571260966933502
1. Simple Linear (FICO),1169,0.0003571260966933502
1. Simple Linear (FICO),1170,0.0003571260966933502
1. Simple Linear (FICO),1171,0.0003571260966933502
1. Simple Linear (FICO),1172,0.0003571260966933502
1. Simple Linear (FICO),1173,0.0003571260966933502
1. Simple Linear (FICO),1174,0.0003571260966933502
1. Simple Linear (FICO),1175,0.0003571260966933502
1. Simple Linear (FICO),1176,0.0003571260966933502
1. Simple Linear (FICO),1177,0.0003571260966933502
1. Simple Linear (FICO),1178,0.0003571260966933502
1. Simple Linear (FICO),1179,0.0003571260966933502
1. Simple Linear (FICO),1180,0.0003571260966933502
1. Simple Linear (FICO),1181,0.0003571260966933502
1. Simple Linear (FICO),1182,0.0003571260966933502
1. Simple Linear (FICO),1183,0.0003571260966933502
1. Simple Linear (FICO),1184,0.0003571260966933502
1. Simple Linear (FICO),1185,0.0003571260966933502
1. Simple Linear (FICO),1186,0.0003571260966933502
1. Simple Linear (FICO),1187,0.0003571260966933502
1. Simple Linear (FICO),1188,0.0003571260966933502
1. Simple Linear (FICO),1189,0.0003571260966933502
1. Simple Linear (FICO),1190,0.0003571260966933502
1. Simple Linear (FICO),1191,0.0003571260966933502
1. Simple Linear (FICO),1192,0.0003571260966933502
1. Simple Linear (FICO),1193,0.0003571260966933502
1. Simple Linear (FICO),1194,0.0003571260966933502
1. Simple Linear (FICO),1195,0.0003571260966933502
1. Simple Linear (FICO),1196,0.0003571260966933502
1. Simple Linear (FICO),1197,0.0003571260966933502
1. Simple Linear (FICO),1198,0.0003571260966933502
1. Simple Linear (FICO),1199,0.0003571260966933502
1. Simple Linear (FICO),1200,0.0003571260966933502
1. Simple Linear (FICO),1201,0.0003571260966933502
1. Simple Linear (FICO),1202,0.0003571260966933502
1. Simple Linear (FICO),1203,0.0003571260966933502
1. Simple Linear (FICO),1204,0.0003571260966933502
1. Simple Linear (FICO),1205,0.0003571260966933502
1. Simple Linear (FICO),1206,0.0003571260966933502
1. Simple Linear (FICO),1207,0.0003571260966933502
1. Simple Linear (FICO),1208,0.0003571260966933502
1. Simple Linear (FICO),1209,0.0003571260966933502
1. Simple Linear (FICO),1210,0.0003571260966933502
1. Simple Linear (FICO),1211,0.0003571260966933502
1. Simple Linear (FICO),1212,0.0003571260966933502
1. Simple Linear (FICO),1213,0.0003571260966933502
1. Simple Linear (FICO),1214,0.0003571260966933502
1. Simple Linear (FICO),1215,0.0003571260966933502
1. Simple Linear (FICO),1216,0.0003571260966933502
1. Simple Linear (FICO),1217,0.0003571260966933502
1. Simple Linear (FICO),1218,0.0003571260966933502
1. Simple Linear (FICO),1219,0.0003571260966933502
1. Simple Linear (FICO),1220,0.0003571260966933502
1. Simple Linear (FICO),1221,0.0003571260966933502
1. Simple Linear (FICO),1222,0.0003571260966933502
1. Simple Linear (FICO),1223,0.0003571260966933502
1. Simple Linear (FICO),1224,0.0003571260966933502
1. Simple Linear (FICO),1225,0.0003571260966933502
1. Simple Linear (FICO),1226,0.0003571260966933502
1. Simple Linear (FICO),1227,0.0003571260966933502
1. Simple Linear (FICO),1228,0.0003571260966933502
1. Simple Linear (FICO),1229,0.0003571260966933502
1. Simple Linear (FICO),1230,0.0003571260966933502
1. Simple Linear (FICO),1231,0.0003571260966933502
1. Simple Linear (FICO),1232,0.0003571260966933502
1. Simple Linear (FICO),1233,0.0003571260966933502
1. Simple Linear (FICO),1234,0.0003571260966933502
1. Simple Linear (FICO),1235,0.0003571260966933502
1. Simple Linear (FICO),1236,0.0003571260966933502
1. Simple Linear (FICO),1237,0.0003571260966933502
1. Simple Linear (FICO),1238,0.0003571260966933502
1. Simple Linear (FICO),1239,0.0003571260966933502
1. Simple Linear (FICO),1240,0.0003571260966933502
1. Simple Linear (FICO),1241,0.0003571260966933502
1. Simple Linear (FICO),1242,0.0003571260966933502
1. Simple Linear (FICO),1243,0.0003571260966933502
1. Simple Linear (FICO),1244,0.0003571260966933502
1. Simple Linear (FICO),1245,0.0003571260966933502
1. Simple Linear (FICO),1246,0.0003571260966933502
1. Simple Linear (FICO),1247,0.0003571260966933502
1. Simple Linear (FICO),1248,0.0003571260966933502
1. Simple Linear (FICO),1249,0.0003571260966933502
1. Simple Linear (FICO),1250,0.0003571260966933502
1. Simple Linear (FICO),1251,0.0003571260966933502
1. Simple Linear (FICO),1252,0.0003571260966933502
1. Simple Linear (FICO),1253,0.0003571260966933502
1. Simple Linear (FICO),1254,0.0003571260966933502
1. Simple Linear (FICO),1255,0.0003571260966933502
1. Simple Linear (FICO),1256,0.0003571260966933502
1. Simple Linear (FICO),1257,0.0003571260966933502
1. Simple Linear (FICO),1258,0.0003571260966933502
1. Simple Linear (FICO),1259,0.0003571260966933502
1. Simple Linear (FICO),1260,0.0003571260966933502
1. Simple Linear (FICO),1261,0.0003571260966933502
1. Simple Linear (FICO),1262,0.0003571260966933502
1. Simple Linear (FICO),1263,0.0003571260966933502
1. Simple Linear (FICO),1264,0.0003571260966933502
1. Simple Linear (FICO),1265,0.0003571260966933502
1. Simple Linear (FICO),1266,0.0003571260966933502
1. Simple Linear (FICO),1267,0.0003571260966933502
1. Simple Linear (FICO),1268,0.0003571260966933502
1. Simple Linear (FICO),1269,0.0003571260966933502
1. Simple Linear (FICO),1270,0.0003571260966933502
1. Simple Linear (FICO),1271,0.0003571260966933502
1. Simple Linear (FICO),1272,0.0003571260966933502
1. Simple Linear (FICO),1273,0.0003571260966933502
1. Simple Linear (FICO),1274,0.0003571260966933502
1. Simple Linear (FICO),1275,0.0003571260966933502
1. Simple Linear (FICO),1276,0.0003571260966933502
1. Simple Linear (FICO),1277,0.0003571260966933502
1. Simple Linear (FICO),1278,0.0003571260966933502
1. Simple Linear (FICO),1279,0.0003571260966933502
1. Simple Linear (FICO),1280,0.0003571260966933502
1. Simple Linear (FICO),1281,0.0003571260966933502
1. Simple Linear (FICO),1282,0.0003571260966933502
1. Simple Linear (FICO),1283,0.0003571260966933502
1. Simple Linear (FICO),1284,0.0003571260966933502
1. Simple Linear (FICO),1285,0.0003571260966933502
1. Simple Linear (FICO),1286,0.0003571260966933502
1. Simple Linear (FICO),1287,0.0003571260966933502
1. Simple Linear (FICO),1288,0.0003571260966933502
1. Simple Linear (FICO),1289,0.0003571260966933502
1. Simple Linear (FICO),1290,0.0003571260966933502
1. Simple Linear (FICO),1291,0.0003571260966933502
1. Simple Linear (FICO),1292,0.0003571260966933502
1. Simple Linear (FICO),1293,0.0003571260966933502
1. Simple Linear (FICO),1294,0.0003571260966933502
1. Simple Linear (FICO),1295,0.0003571260966933502
1. Simple Linear (FICO),1296,0.0003571260966933502
1. Simple Linear (FICO),1297,0.0003571260966933502
1. Simple Linear (FICO),1298,0.0003571260966933502
1. Simple Linear (FICO),1299,0.0003571260966933502
1. Simple Linear (FICO),1300,0.0003571260966933502
1. Simple Linear (FICO),1301,0.0003571260966933502
1. Simple Linear (FICO),1302,0.0003571260966933502
1. Simple Linear (FICO),1303,0.0003571260966933502
1. Simple Linear (FICO),1304,0.0003571260966933502
1. Simple Linear (FICO),1305,0.0003571260966933502
1. Simple Linear (FICO),1306,0.0003571260966933502
1. Simple Linear (FICO),1307,0.0003571260966933502
1. Simple Linear (FICO),1308,0.0003571260966933502
1. Simple Linear (FICO),1309,0.0003571260966933502
1. Simple Linear (FICO),1310,0.0003571260966933502
1. Simple Linear (FICO),1311,0.0003571260966933502
1. Simple Linear (FICO),1312,0.0003571260966933502
1. Simple Linear (FICO),1313,0.0003571260966933502
1. Simple Linear (FICO),1314,0.0003571260966933502
1. Simple Linear (FICO),1315,0.0003571260966933502
1. Simple Linear (FICO),1316,0.0003571260966933502
1. Simple Linear (FICO),1317,0.0003571260966933502
1. Simple Linear (FICO),1318,0.0003571260966933502
1. Simple Linear (FICO),1319,0.0003571260966933502
1. Simple Linear (FICO),1320,0.0003571260966933502
1. Simple Linear (FICO),1321,0.0003571260966933502
1. Simple Linear (FICO),1322,0.0003571260966933502
1. Simple Linear (FICO),1323,0.0003571260966933502
1. Simple Linear (FICO),1324,0.0003571260966933502
1. Simple Linear (FICO),1325,0.0003571260966933502
1. Simple Linear (FICO),1326,0.0003571260966933502
1. Simple Linear (FICO),1327,0.0003571260966933502
1. Simple Linear (FICO),1328,0.0003571260966933502
1. Simple Linear (FICO),1329,0.0003571260966933502
1. Simple Linear (FICO),1330,0.0003571260966933502
1. Simple Linear (FICO),1331,0.0003571260966933502
1. Simple Linear (FICO),1332,0.0003571260966933502
1. Simple Linear (FICO),1333,0.0003571260966933502
1. Simple Linear (FICO),1334,0.0003571260966933502
1. Simple Linear (FICO),1335,0.0003571260966933502
1. Simple Linear (FICO),1336,0.0003571260966933502
1. Simple Linear (FICO),1337,0.0003571260966933502
1. Simple Linear (FICO),1338,0.0003571260966933502
1. Simple Linear (FICO),1339,0.0003571260966933502
1. Simple Linear (FICO),1340,0.0003571260966933502
1. Simple Linear (FICO),1341,0.0003571260966933502
1. Simple Linear (FICO),1342,0.0003571260966933502
1. Simple Linear (FICO),1343,0.0003571260966933502
1. Simple Linear (FICO),1344,0.0003571260966933502
1. Simple Linear (FICO),1345,0.0003571260966933502
1. Simple Linear (FICO),1346,0.0003571260966933502
1. Simple Linear (FICO),1347,0.0003571260966933502
1. Simple Linear (FICO),1348,0.0003571260966933502
1. Simple Linear (FICO),1349,0.0003571260966933502
1. Simple Linear (FICO),1350,0.0003571260966933502
1. Simple Linear (FICO),1351,0.0003571260966933502
1. Simple Linear (FICO),1352,0.0003571260966933502
1. Simple Linear (FICO),1353,0.0003571260966933502
1. Simple Linear (FICO),1354,0.0003571260966933502
1. Simple Linear (FICO),1355,0.0003571260966933502
1. Simple Linear (FICO),1356,0.0003571260966933502
1. Simple Linear (FICO),1357,0.0003571260966933502
1. Simple Linear (FICO),1358,0.0003571260966933502
1. Simple Linear (FICO),1359,0.0003571260966933502
1. Simple Linear (FICO),1360,0.0003571260966933502
1. Simple Linear (FICO),1361,0.0003571260966933502
1. Simple Linear (FICO),1362,0.0003571260966933502
1. Simple Linear (FICO),1363,0.0003571260966933502
1. Simple Linear (FICO),1364,0.0003571260966933502
1. Simple Linear (FICO),1365,0.0003571260966933502
1. Simple Linear (FICO),1366,0.0003571260966933502
1. Simple Linear (FICO),1367,0.0003571260966933502
1. Simple Linear (FICO),1368,0.0003571260966933502
1. Simple Linear (FICO),1369,0.0003571260966933502
1. Simple Linear (FICO),1370,0.0003571260966933502
1. Simple Linear (FICO),1371,0.0003571260966933502
1. Simple Linear (FICO),1372,0.0003571260966933502
1. Simple Linear (FICO),1373,0.0003571260966933502
1. Simple Linear (FICO),1374,0.0003571260966933502
1. Simple Linear (FICO),1375,0.0003571260966933502
1. Simple Linear (FICO),1376,0.0003571260966933502
1. Simple Linear (FICO),1377,0.0003571260966933502
1. Simple Linear (FICO),1378,0.0003571260966933502
1. Simple Linear (FICO),1379,0.0003571260966933502
1. Simple Linear (FICO),1380,0.0003571260966933502
1. Simple Linear (FICO),1381,0.0003571260966933502
1. Simple Linear (FICO),1382,0.0003571260966933502
1. Simple Linear (FICO),1383,0.0003571260966933502
1. Simple Linear (FICO),1384,0.0003571260966933502
1. Simple Linear (FICO),1385,0.0003571260966933502
1. Simple Linear (FICO),1386,0.0003571260966933502
1. Simple Linear (FICO),1387,0.0003571260966933502
1. Simple Linear (FICO),1388,0.0003571260966933502
1. Simple Linear (FICO),1389,0.0003571260966933502
1. Simple Linear (FICO),1390,0.0003571260966933502
1. Simple Linear (FICO),1391,0.0003571260966933502
1. Simple Linear (FICO),1392,0.0003571260966933502
1. Simple Linear (FICO),1393,0.0003571260966933502
1. Simple Linear (FICO),1394,0.0003571260966933502
1. Simple Linear (FICO),1395,0.0003571260966933502
1. Simple Linear (FICO),1396,0.0003571260966933502
1. Simple Linear (FICO),1397,0.0003571260966933502
1. Simple Linear (FICO),1398,0.0003571260966933502
1. Simple Linear (FICO),1399,0.0003571260966933502
1. Simple Linear (FICO),1400,0.0003571260966933502
1. Simple Linear (FICO),1401,0.0003571260966933502
1. Simple Linear (FICO),1402,0.0003571260966933502
1. Simple Linear (FICO),1403,0.0003571260966933502
1. Simple Linear (FICO),1404,0.0003571260966933502
1. Simple Linear (FICO),1405,0.0003571260966933502
1. Simple Linear (FICO),1406,0.0003571260966933502
1. Simple Linear (FICO),1407,0.0003571260966933502
1. Simple Linear (FICO),1408,0.0003571260966933502
1. Simple Linear (FICO),1409,0.0003571260966933502
1. Simple Linear (FICO),1410,0.0003571260966933502
1. Simple Linear (FICO),1411,0.0003571260966933502
1. Simple Linear (FICO),1412,0.0003571260966933502
1. Simple Linear (FICO),1413,0.0003571260966933502
1. Simple Linear (FICO),1414,0.0003571260966933502
1. Simple Linear (FICO),1415,0.0003571260966933502
1. Simple Linear (FICO),1416,0.0003571260966933502
1. Simple Linear (FICO),1417,0.0003571260966933502
1. Simple Linear (FICO),1418,0.0003571260966933502
1. Simple Linear (FICO),1419,0.0003571260966933502
1. Simple Linear (FICO),1420,0.0003571260966933502
1. Simple Linear (FICO),1421,0.0003571260966933502
1. Simple Linear (FICO),1422,0.0003571260966933502
1. Simple Linear (FICO),1423,0.0003571260966933502
1. Simple Linear (FICO),1424,0.0003571260966933502
1. Simple Linear (FICO),1425,0.0003571260966933502
1. Simple Linear (FICO),1426,0.0003571260966933502
1. Simple Linear (FICO),1427,0.0003571260966933502
1. Simple Linear (FICO),1428,0.0003571260966933502
1. Simple Linear (FICO),1429,0.0003571260966933502
1. Simple Linear (FICO),1430,0.0003571260966933502
1. Simple Linear (FICO),1431,0.0003571260966933502
1. Simple Linear (FICO),1432,0.0003571260966933502
1. Simple Linear (FICO),1433,0.0003571260966933502
1. Simple Linear (FICO),1434,0.0003571260966933502
1. Simple Linear (FICO),1435,0.0003571260966933502
1. Simple Linear (FICO),1436,0.0003571260966933502
1. Simple Linear (FICO),1437,0.0003571260966933502
1. Simple Linear (FICO),1438,0.0003571260966933502
1. Simple Linear (FICO),1439,0.0003571260966933502
1. Simple Linear (FICO),1440,0.0003571260966933502
1. Simple Linear (FICO),1441,0.0003571260966933502
1. Simple Linear (FICO),1442,0.0003571260966933502
1. Simple Linear (FICO),1443,0.0003571260966933502
1. Simple Linear (FICO),1444,0.0003571260966933502
1. Simple Linear (FICO),1445,0.0003571260966933502
1. Simple Linear (FICO),1446,0.0003571260966933502
1. Simple Linear (FICO),1447,0.0003571260966933502
1. Simple Linear (FICO),1448,0.0003571260966933502
1. Simple Linear (FICO),1449,0.0003571260966933502
1. Simple Linear (FICO),1450,0.0003571260966933502
1. Simple Linear (FICO),1451,0.0003571260966933502
1. Simple Linear (FICO),1452,0.0003571260966933502
1. Simple Linear (FICO),1453,0.0003571260966933502
1. Simple Linear (FICO),1454,0.0003571260966933502
1. Simple Linear (FICO),1455,0.0003571260966933502
1. Simple Linear (FICO),1456,0.0003571260966933502
1. Simple Linear (FICO),1457,0.0003571260966933502
1. Simple Linear (FICO),1458,0.0003571260966933502
1. Simple Linear (FICO),1459,0.0003571260966933502
1. Simple Linear (FICO),1460,0.0003571260966933502
1. Simple Linear (FICO),1461,0.0003571260966933502
1. Simple Linear (FICO),1462,0.0003571260966933502
1. Simple Linear (FICO),1463,0.0003571260966933502
1. Simple Linear (FICO),1464,0.0003571260966933502
1. Simple Linear (FICO),1465,0.0003571260966933502
1. Simple Linear (FICO),1466,0.0003571260966933502
1. Simple Linear (FICO),1467,0.0003571260966933502
1. Simple Linear (FICO),1468,0.0003571260966933502
1. Simple Linear (FICO),1469,0.0003571260966933502
1. Simple Linear (FICO),1470,0.0003571260966933502
1. Simple Linear (FICO),1471,0.0003571260966933502
1. Simple Linear (FICO),1472,0.0003571260966933502
1. Simple Linear (FICO),1473,0.0003571260966933502
1. Simple Linear (FICO),1474,0.0003571260966933502
1. Simple Linear (FICO),1475,0.0003571260966933502
1. Simple Linear (FICO),1476,0.0003571260966933502
1. Simple Linear (FICO),1477,0.0003571260966933502
1. Simple Linear (FICO),1478,0.0003571260966933502
1. Simple Linear (FICO),1479,0.0003571260966933502
1. Simple Linear (FICO),1480,0.0003571260966933502
1. Simple Linear (FICO),1481,0.0003571260966933502
1. Simple Linear (FICO),1482,0.0003571260966933502
1. Simple Linear (FICO),1483,0.0003571260966933502
1. Simple Linear (FICO),1484,0.0003571260966933502
1. Simple Linear (FICO),1485,0.0003571260966933502
1. Simple Linear (FICO),1486,0.0003571260966933502
1. Simple Linear (FICO),1487,0.0003571260966933502
1. Simple Linear (FICO),1488,0.0003571260966933502
1. Simple Linear (FICO),1489,0.0003571260966933502
1. Simple Linear (FICO),1490,0.0003571260966933502
1. Simple Linear (FICO),1491,0.0003571260966933502
1. Simple Linear (FICO),1492,0.0003571260966933502
1. Simple Linear (FICO),1493,0.0003571260966933502
1. Simple Linear (FICO),1494,0.0003571260966933502
1. Simple Linear (FICO),1495,0.0003571260966933502
1. Simple Linear (FICO),1496,0.0003571260966933502
1. Simple Linear (FICO),1497,0.0003571260966933502
1. Simple Linear (FICO),1498,0.0003571260966933502
1. Simple Linear (FICO),1499,0.0003571260966933502
1. Simple Linear (FICO),1500,0.0003571260966933502
1. Simple Linear (FICO),1501,0.0003571260966933502
1. Simple Linear (FICO),1502,0.0003571260966933502
1. Simple Linear (FICO),1503,0.0003571260966933502
1. Simple Linear (FICO),1504,0.0003571260966933502
1. Simple Linear (FICO),1505,0.0003571260966933502
1. Simple Linear (FICO),1506,0.0003571260966933502
1. Simple Linear (FICO),1507,0.0003571260966933502
1. Simple Linear (FICO),1508,0.0003571260966933502
1. Simple Linear (FICO),1509,0.0003571260966933502
1. Simple Linear (FICO),1510,0.0003571260966933502
1. Simple Linear (FICO),1511,0.0003571260966933502
1. Simple Linear (FICO),1512,0.0003571260966933502
1. Simple Linear (FICO),1513,0.0003571260966933502
1. Simple Linear (FICO),1514,0.0003571260966933502
1. Simple Linear (FICO),1515,0.0003571260966933502
1. Simple Linear (FICO),1516,0.0003571260966933502
1. Simple Linear (FICO),1517,0.0003571260966933502
1. Simple Linear (FICO),1518,0.0003571260966933502
1. Simple Linear (FICO),1519,0.0003571260966933502
1. Simple Linear (FICO),1520,0.0003571260966933502
1. Simple Linear (FICO),1521,0.0003571260966933502
1. Simple Linear (FICO),1522,0.0003571260966933502
1. Simple Linear (FICO),1523,0.0003571260966933502
1. Simple Linear (FICO),1524,0.0003571260966933502
1. Simple Linear (FICO),1525,0.0003571260966933502
1. Simple Linear (FICO),1526,0.0003571260966933502
1. Simple Linear (FICO),1527,0.0003571260966933502
1. Simple Linear (FICO),1528,0.0003571260966933502
1. Simple Linear (FICO),1529,0.0003571260966933502
1. Simple Linear (FICO),1530,0.0003571260966933502
1. Simple Linear (FICO),1531,0.0003571260966933502
1. Simple Linear (FICO),1532,0.0003571260966933502
1. Simple Linear (FICO),1533,0.0003571260966933502
1. Simple Linear (FICO),1534,0.0003571260966933502
1. Simple Linear (FICO),1535,0.0003571260966933502
1. Simple Linear (FICO),1536,0.0003571260966933502
1. Simple Linear (FICO),1537,0.0003571260966933502
1. Simple Linear (FICO),1538,0.0003571260966933502
1. Simple Linear (FICO),1539,0.0003571260966933502
1. Simple Linear (FICO),1540,0.0003571260966933502
1. Simple Linear (FICO),1541,0.0003571260966933502
1. Simple Linear (FICO),1542,0.0003571260966933502
1. Simple Linear (FICO),1543,0.0003571260966933502
1. Simple Linear (FICO),1544,0.0003571260966933502
1. Simple Linear (FICO),1545,0.0003571260966933502
1. Simple Linear (FICO),1546,0.0003571260966933502
1. Simple Linear (FICO),1547,0.0003571260966933502
1. Simple Linear (FICO),1548,0.0003571260966933502
1. Simple Linear (FICO),1549,0.0003571260966933502
1. Simple Linear (FICO),1550,0.0003571260966933502
1. Simple Linear (FICO),1551,0.0003571260966933502
1. Simple Linear (FICO),1552,0.0003571260966933502
1. Simple Linear (FICO),1553,0.0003571260966933502
1. Simple Linear (FICO),1554,0.0003571260966933502
1. Simple Linear (FICO),1555,0.0003571260966933502
1. Simple Linear (FICO),1556,0.0003571260966933502
1. Simple Linear (FICO),1557,0.0003571260966933502
1. Simple Linear (FICO),1558,0.0003571260966933502
1. Simple Linear (FICO),1559,0.0003571260966933502
1. Simple Linear (FICO),1560,0.0003571260966933502
1. Simple Linear (FICO),1561,0.0003571260966933502
1. Simple Linear (FICO),1562,0.0003571260966933502
1. Simple Linear (FICO),1563,0.0003571260966933502
1. Simple Linear (FICO),1564,0.0003571260966933502
1. Simple Linear (FICO),1565,0.0003571260966933502
1. Simple Linear (FICO),1566,0.0003571260966933502
1. Simple Linear (FICO),1567,0.0003571260966933502
1. Simple Linear (FICO),1568,0.0003571260966933502
1. Simple Linear (FICO),1569,0.0003571260966933502
1. Simple Linear (FICO),1570,0.0003571260966933502
1. Simple Linear (FICO),1571,0.0003571260966933502
1. Simple Linear (FICO),1572,0.0003571260966933502
1. Simple Linear (FICO),1573,0.0003571260966933502
1. Simple Linear (FICO),1574,0.0003571260966933502
1. Simple Linear (FICO),1575,0.0003571260966933502
1. Simple Linear (FICO),1576,0.0003571260966933502
1. Simple Linear (FICO),1577,0.0003571260966933502
1. Simple Linear (FICO),1578,0.0003571260966933502
1. Simple Linear (FICO),1579,0.0003571260966933502
1. Simple Linear (FICO),1580,0.0003571260966933502
1. Simple Linear (FICO),1581,0.0003571260966933502
1. Simple Linear (FICO),1582,0.0003571260966933502
1. Simple Linear (FICO),1583,0.0003571260966933502
1. Simple Linear (FICO),1584,0.0003571260966933502
1. Simple Linear (FICO),1585,0.0003571260966933502
1. Simple Linear (FICO),1586,0.0003571260966933502
1. Simple Linear (FICO),1587,0.0003571260966933502
1. Simple Linear (FICO),1588,0.0003571260966933502
1. Simple Linear (FICO),1589,0.0003571260966933502
1. Simple Linear (FICO),1590,0.0003571260966933502
1. Simple Linear (FICO),1591,0.0003571260966933502
1. Simple Linear (FICO),1592,0.0003571260966933502
1. Simple Linear (FICO),1593,0.0003571260966933502
1. Simple Linear (FICO),1594,0.0003571260966933502
1. Simple Linear (FICO),1595,0.0003571260966933502
1. Simple Linear (FICO),1596,0.0003571260966933502
1. Simple Linear (FICO),1597,0.0003571260966933502
1. Simple Linear (FICO),1598,0.0003571260966933502
1. Simple Linear (FICO),1599,0.0003571260966933502
1. Simple Linear (FICO),1600,0.0003571260966933502
1. Simple Linear (FICO),1601,0.0003571260966933502
1. Simple Linear (FICO),1602,0.0003571260966933502
1. Simple Linear (FICO),1603,0.0003571260966933502
1. Simple Linear (FICO),1604,0.0003571260966933502
1. Simple Linear (FICO),1605,0.0003571260966933502
1. Simple Linear (FICO),1606,0.0003571260966933502
1. Simple Linear (FICO),1607,0.0003571260966933502
1. Simple Linear (FICO),1608,0.0003571260966933502
1. Simple Linear (FICO),1609,0.0003571260966933502
1. Simple Linear (FICO),1610,0.0003571260966933502
1. Simple Linear (FICO),1611,0.0003571260966933502
1. Simple Linear (FICO),1612,0.0003571260966933502
1. Simple Linear (FICO),1613,0.0003571260966933502
1. Simple Linear (FICO),1614,0.0003571260966933502
1. Simple Linear (FICO),1615,0.0003571260966933502
1. Simple Linear (FICO),1616,0.0003571260966933502
1. Simple Linear (FICO),1617,0.0003571260966933502
1. Simple Linear (FICO),1618,0.0003571260966933502
1. Simple Linear (FICO),1619,0.0003571260966933502
1. Simple Linear (FICO),1620,0.0003571260966933502
1. Simple Linear (FICO),1621,0.0003571260966933502
1. Simple Linear (FICO),1622,0.0003571260966933502
1. Simple Linear (FICO),1623,0.0003571260966933502
1. Simple Linear (FICO),1624,0.0003571260966933502
1. Simple Linear (FICO),1625,0.0003571260966933502
1. Simple Linear (FICO),1626,0.0003571260966933502
1. Simple Linear (FICO),1627,0.0003571260966933502
1. Simple Linear (FICO),1628,0.0003571260966933502
1. Simple Linear (FICO),1629,0.0003571260966933502
1. Simple Linear (FICO),1630,0.0003571260966933502
1. Simple Linear (FICO),1631,0.0003571260966933502
1. Simple Linear (FICO),1632,0.0003571260966933502
1. Simple Linear (FICO),1633,0.0003571260966933502
1. Simple Linear (FICO),1634,0.0003571260966933502
1. Simple Linear (FICO),1635,0.0003571260966933502
1. Simple Linear (FICO),1636,0.0003571260966933502
1. Simple Linear (FICO),1637,0.0003571260966933502
1. Simple Linear (FICO),1638,0.0003571260966933502
1. Simple Linear (FICO),1639,0.0003571260966933502
1. Simple Linear (FICO),1640,0.0003571260966933502
1. Simple Linear (FICO),1641,0.0003571260966933502
1. Simple Linear (FICO),1642,0.0003571260966933502
1. Simple Linear (FICO),1643,0.0003571260966933502
1. Simple Linear (FICO),1644,0.0003571260966933502
1. Simple Linear (FICO),1645,0.0003571260966933502
1. Simple Linear (FICO),1646,0.0003571260966933502
1. Simple Linear (FICO),1647,0.0003571260966933502
1. Simple Linear (FICO),1648,0.0003571260966933502
1. Simple Linear (FICO),1649,0.0003571260966933502
1. Simple Linear (FICO),1650,0.0003571260966933502
1. Simple Linear (FICO),1651,0.0003571260966933502
1. Simple Linear (FICO),1652,0.0003571260966933502
1. Simple Linear (FICO),1653,0.0003571260966933502
1. Simple Linear (FICO),1654,0.0003571260966933502
1. Simple Linear (FICO),1655,0.0003571260966933502
1. Simple Linear (FICO),1656,0.0003571260966933502
1. Simple Linear (FICO),1657,0.0003571260966933502
1. Simple Linear (FICO),1658,0.0003571260966933502
1. Simple Linear (FICO),1659,0.0003571260966933502
1. Simple Linear (FICO),1660,0.0003571260966933502
1. Simple Linear (FICO),1661,0.0003571260966933502
1. Simple Linear (FICO),1662,0.0003571260966933502
1. Simple Linear (FICO),1663,0.0003571260966933502
1. Simple Linear (FICO),1664,0.0003571260966933502
1. Simple Linear (FICO),1665,0.0003571260966933502
1. Simple Linear (FICO),1666,0.0003571260966933502
1. Simple Linear (FICO),1667,0.0003571260966933502
1. Simple Linear (FICO),1668,0.0003571260966933502
1. Simple Linear (FICO),1669,0.0003571260966933502
1. Simple Linear (FICO),1670,0.0003571260966933502
1. Simple Linear (FICO),1671,0.0003571260966933502
1. Simple Linear (FICO),1672,0.0003571260966933502
1. Simple Linear (FICO),1673,0.0003571260966933502
1. Simple Linear (FICO),1674,0.0003571260966933502
1. Simple Linear (FICO),1675,0.0003571260966933502
1. Simple Linear (FICO),1676,0.0003571260966933502
1. Simple Linear (FICO),1677,0.0003571260966933502
1. Simple Linear (FICO),1678,0.0003571260966933502
1. Simple Linear (FICO),1679,0.0003571260966933502
1. Simple Linear (FICO),1680,0.0003571260966933502
1. Simple Linear (FICO),1681,0.0003571260966933502
1. Simple Linear (FICO),1682,0.0003571260966933502
1. Simple Linear (FICO),1683,0.0003571260966933502
1. Simple Linear (FICO),1684,0.0003571260966933502
1. Simple Linear (FICO),1685,0.0003571260966933502
1. Simple Linear (FICO),1686,0.0003571260966933502
1. Simple Linear (FICO),1687,0.0003571260966933502
1. Simple Linear (FICO),1688,0.0003571260966933502
1. Simple Linear (FICO),1689,0.0003571260966933502
1. Simple Linear (FICO),1690,0.0003571260966933502
1. Simple Linear (FICO),1691,0.0003571260966933502
1. Simple Linear (FICO),1692,0.0003571260966933502
1. Simple Linear (FICO),1693,0.0003571260966933502
1. Simple Linear (FICO),1694,0.0003571260966933502
1. Simple Linear (FICO),1695,0.0003571260966933502
1. Simple Linear (FICO),1696,0.0003571260966933502
1. Simple Linear (FICO),1697,0.0003571260966933502
1. Simple Linear (FICO),1698,0.0003571260966933502
1. Simple Linear (FICO),1699,0.0003571260966933502
1. Simple Linear (FICO),1700,0.0003571260966933502
1. Simple Linear (FICO),1701,0.0003571260966933502
1. Simple Linear (FICO),1702,0.0003571260966933502
1. Simple Linear (FICO),1703,0.0003571260966933502
1. Simple Linear (FICO),1704,0.0003571260966933502
1. Simple Linear (FICO),1705,0.0003571260966933502
1. Simple Linear (FICO),1706,0.0003571260966933502
1. Simple Linear (FICO),1707,0.0003571260966933502
1. Simple Linear (FICO),1708,0.0003571260966933502
1. Simple Linear (FICO),1709,0.0003571260966933502
1. Simple Linear (FICO),1710,0.0003571260966933502
1. Simple Linear (FICO),1711,0.0003571260966933502
1. Simple Linear (FICO),1712,0.0003571260966933502
1. Simple Linear (FICO),1713,0.0003571260966933502
1. Simple Linear (FICO),1714,0.0003571260966933502
1. Simple Linear (FICO),1715,0.0003571260966933502
1. Simple Linear (FICO),1716,0.0003571260966933502
1. Simple Linear (FICO),1717,0.0003571260966933502
1. Simple Linear (FICO),1718,0.0003571260966933502
1. Simple Linear (FICO),1719,0.0003571260966933502
1. Simple Linear (FICO),1720,0.0003571260966933502
1. Simple Linear (FICO),1721,0.0003571260966933502
1. Simple Linear (FICO),1722,0.0003571260966933502
1. Simple Linear (FICO),1723,0.0003571260966933502
1. Simple Linear (FICO),1724,0.0003571260966933502
1. Simple Linear (FICO),1725,0.0003571260966933502
1. Simple Linear (FICO),1726,0.0003571260966933502
1. Simple Linear (FICO),1727,0.0003571260966933502
1. Simple Linear (FICO),1728,0.0003571260966933502
1. Simple Linear (FICO),1729,0.0003571260966933502
1. Simple Linear (FICO),1730,0.0003571260966933502
1. Simple Linear (FICO),1731,0.0003571260966933502
1. Simple Linear (FICO),1732,0.0003571260966933502
1. Simple Linear (FICO),1733,0.0003571260966933502
1. Simple Linear (FICO),1734,0.0003571260966933502
1. Simple Linear (FICO),1735,0.0003571260966933502
1. Simple Linear (FICO),1736,0.0003571260966933502
1. Simple Linear (FICO),1737,0.0003571260966933502
1. Simple Linear (FICO),1738,0.0003571260966933502
1. Simple Linear (FICO),1739,0.0003571260966933502
1. Simple Linear (FICO),1740,0.0003571260966933502
1. Simple Linear (FICO),1741,0.0003571260966933502
1. Simple Linear (FICO),1742,0.0003571260966933502
1. Simple Linear (FICO),1743,0.0003571260966933502
1. Simple Linear (FICO),1744,0.0003571260966933502
1. Simple Linear (FICO),1745,0.0003571260966933502
1. Simple Linear (FICO),1746,0.0003571260966933502
1. Simple Linear (FICO),1747,0.0003571260966933502
1. Simple Linear (FICO),1748,0.0003571260966933502
1. Simple Linear (FICO),1749,0.0003571260966933502
1. Simple Linear (FICO),1750,0.0003571260966933502
1. Simple Linear (FICO),1751,0.0003571260966933502
1. Simple Linear (FICO),1752,0.0003571260966933502
1. Simple Linear (FICO),1753,0.0003571260966933502
1. Simple Linear (FICO),1754,0.0003571260966933502
1. Simple Linear (FICO),1755,0.0003571260966933502
1. Simple Linear (FICO),1756,0.0003571260966933502
1. Simple Linear (FICO),1757,0.0003571260966933502
1. Simple Linear (FICO),1758,0.0003571260966933502
1. Simple Linear (FICO),1759,0.0003571260966933502
1. Simple Linear (FICO),1760,0.0003571260966933502
1. Simple Linear (FICO),1761,0.0003571260966933502
1. Simple Linear (FICO),1762,0.0003571260966933502
1. Simple Linear (FICO),1763,0.0003571260966933502
1. Simple Linear (FICO),1764,0.0003571260966933502
1. Simple Linear (FICO),1765,0.0003571260966933502
1. Simple Linear (FICO),1766,0.0003571260966933502
1. Simple Linear (FICO),1767,0.0003571260966933502
1. Simple Linear (FICO),1768,0.0003571260966933502
1. Simple Linear (FICO),1769,0.0003571260966933502
1. Simple Linear (FICO),1770,0.0003571260966933502
1. Simple Linear (FICO),1771,0.0003571260966933502
1. Simple Linear (FICO),1772,0.0003571260966933502
1. Simple Linear (FICO),1773,0.0003571260966933502
1. Simple Linear (FICO),1774,0.0003571260966933502
1. Simple Linear (FICO),1775,0.0003571260966933502
1. Simple Linear (FICO),1776,0.0003571260966933502
1. Simple Linear (FICO),1777,0.0003571260966933502
1. Simple Linear (FICO),1778,0.0003571260966933502
1. Simple Linear (FICO),1779,0.0003571260966933502
1. Simple Linear (FICO),1780,0.0003571260966933502
1. Simple Linear (FICO),1781,0.0003571260966933502
1. Simple Linear (FICO),1782,0.0003571260966933502
1. Simple Linear (FICO),1783,0.0003571260966933502
1. Simple Linear (FICO),1784,0.0003571260966933502
1. Simple Linear (FICO),1785,0.0003571260966933502
1. Simple Linear (FICO),1786,0.0003571260966933502
1. Simple Linear (FICO),1787,0.0003571260966933502
1. Simple Linear (FICO),1788,0.0003571260966933502
1. Simple Linear (FICO),1789,0.0003571260966933502
1. Simple Linear (FICO),1790,0.0003571260966933502
1. Simple Linear (FICO),1791,0.0003571260966933502
1. Simple Linear (FICO),1792,0.0003571260966933502
1. Simple Linear (FICO),1793,0.0003571260966933502
1. Simple Linear (FICO),1794,0.0003571260966933502
1. Simple Linear (FICO),1795,0.0003571260966933502
1. Simple Linear (FICO),1796,0.0003571260966933502
1. Simple Linear (FICO),1797,0.0003571260966933502
1. Simple Linear (FICO),1798,0.0003571260966933502
1. Simple Linear (FICO),1799,0.0003571260966933502
1. Simple Linear (FICO),1800,0.0003571260966933502
1. Simple Linear (FICO),1801,0.0003571260966933502
1. Simple Linear (FICO),1802,0.0003571260966933502
1. Simple Linear (FICO),1803,0.0003571260966933502
1. Simple Linear (FICO),1804,0.0003571260966933502
1. Simple Linear (FICO),1805,0.0003571260966933502
1. Simple Linear (FICO),1806,0.0003571260966933502
1. Simple Linear (FICO),1807,0.0003571260966933502
1. Simple Linear (FICO),1808,0.0003571260966933502
1. Simple Linear (FICO),1809,0.0003571260966933502
1. Simple Linear (FICO),1810,0.0003571260966933502
1. Simple Linear (FICO),1811,0.0003571260966933502
1. Simple Linear (FICO),1812,0.0003571260966933502
1. Simple Linear (FICO),1813,0.0003571260966933502
1. Simple Linear (FICO),1814,0.0003571260966933502
1. Simple Linear (FICO),1815,0.0003571260966933502
1. Simple Linear (FICO),1816,0.0003571260966933502
1. Simple Linear (FICO),1817,0.0003571260966933502
1. Simple Linear (FICO),1818,0.0003571260966933502
1. Simple Linear (FICO),1819,0.0003571260966933502
1. Simple Linear (FICO),1820,0.0003571260966933502
1. Simple Linear (FICO),1821,0.0003571260966933502
1. Simple Linear (FICO),1822,0.0003571260966933502
1. Simple Linear (FICO),1823,0.0003571260966933502
1. Simple Linear (FICO),1824,0.0003571260966933502
1. Simple Linear (FICO),1825,0.0003571260966933502
1. Simple Linear (FICO),1826,0.0003571260966933502
1. Simple Linear (FICO),1827,0.0003571260966933502
1. Simple Linear (FICO),1828,0.0003571260966933502
1. Simple Linear (FICO),1829,0.0003571260966933502
1. Simple Linear (FICO),1830,0.0003571260966933502
1. Simple Linear (FICO),1831,0.0003571260966933502
1. Simple Linear (FICO),1832,0.0003571260966933502
1. Simple Linear (FICO),1833,0.0003571260966933502
1. Simple Linear (FICO),1834,0.0003571260966933502
1. Simple Linear (FICO),1835,0.0003571260966933502
1. Simple Linear (FICO),1836,0.0003571260966933502
1. Simple Linear (FICO),1837,0.0003571260966933502
1. Simple Linear (FICO),1838,0.0003571260966933502
1. Simple Linear (FICO),1839,0.0003571260966933502
1. Simple Linear (FICO),1840,0.0003571260966933502
1. Simple Linear (FICO),1841,0.0003571260966933502
1. Simple Linear (FICO),1842,0.0003571260966933502
1. Simple Linear (FICO),1843,0.0003571260966933502
1. Simple Linear (FICO),1844,0.0003571260966933502
1. Simple Linear (FICO),1845,0.0003571260966933502
1. Simple Linear (FICO),1846,0.0003571260966933502
1. Simple Linear (FICO),1847,0.0003571260966933502
1. Simple Linear (FICO),1848,0.0003571260966933502
1. Simple Linear (FICO),1849,0.0003571260966933502
1. Simple Linear (FICO),1850,0.0003571260966933502
1. Simple Linear (FICO),1851,0.0003571260966933502
1. Simple Linear (FICO),1852,0.0003571260966933502
1. Simple Linear (FICO),1853,0.0003571260966933502
1. Simple Linear (FICO),1854,0.0003571260966933502
1. Simple Linear (FICO),1855,0.0003571260966933502
1. Simple Linear (FICO),1856,0.0003571260966933502
1. Simple Linear (FICO),1857,0.0003571260966933502
1. Simple Linear (FICO),1858,0.0003571260966933502
1. Simple Linear (FICO),1859,0.0003571260966933502
1. Simple Linear (FICO),1860,0.0003571260966933502
1. Simple Linear (FICO),1861,0.0003571260966933502
1. Simple Linear (FICO),1862,0.0003571260966933502
1. Simple Linear (FICO),1863,0.0003571260966933502
1. Simple Linear (FICO),1864,0.0003571260966933502
1. Simple Linear (FICO),1865,0.0003571260966933502
1. Simple Linear (FICO),1866,0.0003571260966933502
1. Simple Linear (FICO),1867,0.0003571260966933502
1. Simple Linear (FICO),1868,0.0003571260966933502
1. Simple Linear (FICO),1869,0.0003571260966933502
1. Simple Linear (FICO),1870,0.0003571260966933502
1. Simple Linear (FICO),1871,0.0003571260966933502
1. Simple Linear (FICO),1872,0.0003571260966933502
1. Simple Linear (FICO),1873,0.0003571260966933502
1. Simple Linear (FICO),1874,0.0003571260966933502
1. Simple Linear (FICO),1875,0.0003571260966933502
1. Simple Linear (FICO),1876,0.0003571260966933502
1. Simple Linear (FICO),1877,0.0003571260966933502
1. Simple Linear (FICO),1878,0.0003571260966933502
1. Simple Linear (FICO),1879,0.0003571260966933502
1. Simple Linear (FICO),1880,0.0003571260966933502
1. Simple Linear (FICO),1881,0.0003571260966933502
1. Simple Linear (FICO),1882,0.0003571260966933502
1. Simple Linear (FICO),1883,0.0003571260966933502
1. Simple Linear (FICO),1884,0.0003571260966933502
1. Simple Linear (FICO),1885,0.0003571260966933502
1. Simple Linear (FICO),1886,0.0003571260966933502
1. Simple Linear (FICO),1887,0.0003571260966933502
1. Simple Linear (FICO),1888,0.0003571260966933502
1. Simple Linear (FICO),1889,0.0003571260966933502
1. Simple Linear (FICO),1890,0.0003571260966933502
1. Simple Linear (FICO),1891,0.0003571260966933502
1. Simple Linear (FICO),1892,0.0003571260966933502
1. Simple Linear (FICO),1893,0.0003571260966933502
1. Simple Linear (FICO),1894,0.0003571260966933502
1. Simple Linear (FICO),1895,0.0003571260966933502
1. Simple Linear (FICO),1896,0.0003571260966933502
1. Simple Linear (FICO),1897,0.0003571260966933502
1. Simple Linear (FICO),1898,0.0003571260966933502
1. Simple Linear (FICO),1899,0.0003571260966933502
1. Simple Linear (FICO),1900,0.0003571260966933502
1. Simple Linear (FICO),1901,0.0003571260966933502
1. Simple Linear (FICO),1902,0.0003571260966933502
1. Simple Linear (FICO),1903,0.0003571260966933502
1. Simple Linear (FICO),1904,0.0003571260966933502
1. Simple Linear (FICO),1905,0.0003571260966933502
1. Simple Linear (FICO),1906,0.0003571260966933502
1. Simple Linear (FICO),1907,0.0003571260966933502
1. Simple Linear (FICO),1908,0.0003571260966933502
1. Simple Linear (FICO),1909,0.0003571260966933502
1. Simple Linear (FICO),1910,0.0003571260966933502
1. Simple Linear (FICO),1911,0.0003571260966933502
1. Simple Linear (FICO),1912,0.0003571260966933502
1. Simple Linear (FICO),1913,0.0003571260966933502
1. Simple Linear (FICO),1914,0.0003571260966933502
1. Simple Linear (FICO),1915,0.0003571260966933502
1. Simple Linear (FICO),1916,0.0003571260966933502
1. Simple Linear (FICO),1917,0.0003571260966933502
1. Simple Linear (FICO),1918,0.0003571260966933502
1. Simple Linear (FICO),1919,0.0003571260966933502
1. Simple Linear (FICO),1920,0.0003571260966933502
1. Simple Linear (FICO),1921,0.0003571260966933502
1. Simple Linear (FICO),1922,0.0003571260966933502
1. Simple Linear (FICO),1923,0.0003571260966933502
1. Simple Linear (FICO),1924,0.0003571260966933502
1. Simple Linear (FICO),1925,0.0003571260966933502
1. Simple Linear (FICO),1926,0.0003571260966933502
1. Simple Linear (FICO),1927,0.0003571260966933502
1. Simple Linear (FICO),1928,0.0003571260966933502
1. Simple Linear (FICO),1929,0.0003571260966933502
1. Simple Linear (FICO),1930,0.0003571260966933502
1. Simple Linear (FICO),1931,0.0003571260966933502
1. Simple Linear (FICO),1932,0.0003571260966933502
1. Simple Linear (FICO),1933,0.0003571260966933502
1. Simple Linear (FICO),1934,0.0003571260966933502
1. Simple Linear (FICO),1935,0.0003571260966933502
1. Simple Linear (FICO),1936,0.0003571260966933502
1. Simple Linear (FICO),1937,0.0003571260966933502
1. Simple Linear (FICO),1938,0.0003571260966933502
1. Simple Linear (FICO),1939,0.0003571260966933502
1. Simple Linear (FICO),1940,0.0003571260966933502
1. Simple Linear (FICO),1941,0.0003571260966933502
1. Simple Linear (FICO),1942,0.0003571260966933502
1. Simple Linear (FICO),1943,0.0003571260966933502
1. Simple Linear (FICO),1944,0.0003571260966933502
1. Simple Linear (FICO),1945,0.0003571260966933502
1. Simple Linear (FICO),1946,0.0003571260966933502
1. Simple Linear (FICO),1947,0.0003571260966933502
1. Simple Linear (FICO),1948,0.0003571260966933502
1. Simple Linear (FICO),1949,0.0003571260966933502
1. Simple Linear (FICO),1950,0.0003571260966933502
1. Simple Linear (FICO),1951,0.0003571260966933502
1. Simple Linear (FICO),1952,0.0003571260966933502
1. Simple Linear (FICO),1953,0.0003571260966933502
1. Simple Linear (FICO),1954,0.0003571260966933502
1. Simple Linear (FICO),1955,0.0003571260966933502
1. Simple Linear (FICO),1956,0.0003571260966933502
1. Simple Linear (FICO),1957,0.0003571260966933502
1. Simple Linear (FICO),1958,0.0003571260966933502
1. Simple Linear (FICO),1959,0.0003571260966933502
1. Simple Linear (FICO),1960,0.0003571260966933502
1. Simple Linear (FICO),1961,0.0003571260966933502
1. Simple Linear (FICO),1962,0.0003571260966933502
1. Simple Linear (FICO),1963,0.0003571260966933502
1. Simple Linear (FICO),1964,0.0003571260966933502
1. Simple Linear (FICO),1965,0.0003571260966933502
1. Simple Linear (FICO),1966,0.0003571260966933502
1. Simple Linear (FICO),1967,0.0003571260966933502
1. Simple Linear (FICO),1968,0.0003571260966933502
1. Simple Linear (FICO),1969,0.0003571260966933502
1. Simple Linear (FICO),1970,0.0003571260966933502
1. Simple Linear (FICO),1971,0.0003571260966933502
1. Simple Linear (FICO),1972,0.0003571260966933502
1. Simple Linear (FICO),1973,0.0003571260966933502
1. Simple Linear (FICO),1974,0.0003571260966933502
1. Simple Linear (FICO),1975,0.0003571260966933502
1. Simple Linear (FICO),1976,0.0003571260966933502
1. Simple Linear (FICO),1977,0.0003571260966933502
1. Simple Linear (FICO),1978,0.0003571260966933502
1. Simple Linear (FICO),1979,0.0003571260966933502
1. Simple Linear (FICO),1980,0.0003571260966933502
1. Simple Linear (FICO),1981,0.0003571260966933502
1. Simple Linear (FICO),1982,0.0003571260966933502
1. Simple Linear (FICO),1983,0.0003571260966933502
1. Simple Linear (FICO),1984,0.0003571260966933502
1. Simple Linear (FICO),1985,0.0003571260966933502
1. Simple Linear (FICO),1986,0.0003571260966933502
1. Simple Linear (FICO),1987,0.0003571260966933502
1. Simple Linear (FICO),1988,0.0003571260966933502
1. Simple Linear (FICO),1989,0.0003571260966933502
1. Simple Linear (FICO),1990,0.0003571260966933502
1. Simple Linear (FICO),1991,0.0003571260966933502
1. Simple Linear (FICO),1992,0.0003571260966933502
1. Simple Linear (FICO),1993,0.0003571260966933502
1. Simple Linear (FICO),1994,0.0003571260966933502
1. Simple Linear (FICO),1995,0.0003571260966933502
1. Simple Linear (FICO),1996,0.0003571260966933502
1. Simple Linear (FICO),1997,0.0003571260966933502
1. Simple Linear (FICO),1998,0.0003571260966933502
1. Simple Linear (FICO),1999,0.0003571260966933502
1. Simple Linear (FICO),2000,0.0003571260966933502
2. Multiple Linear,1,0.01572300276429131
2. Multiple Linear,2,0.012712121795803324
2. Multiple Linear,3,0.01030737061399909
2. Multiple Linear,4,0.008378224980285119
2. Multiple Linear,5,0.006825828525145228
2. Multiple Linear,6,0.005573902032912382
2. Multiple Linear,7,0.004562757737487075
2. Multiple Linear,8,0.0037452104154747003
2. Multiple Linear,9,0.0030836842658521963
2. Multiple Linear,10,0.0025481006617661082
2. Multiple Linear,11,0.0021142949179898682
2. Multiple Linear,12,0.0017628044748968703
2. Multiple Linear,13,0.0014779264192436527
2. Multiple Linear,14,0.0012469757590104229
2. Multiple Linear,15,0.0010596966800059033
2. Multiple Linear,16,0.0009077923837506192
2. Multiple Linear,17,0.0007845480157385337
2. Multiple Linear,18,0.0006845273496853658
2. Multiple Linear,19,0.0006033282946826478
2. Multiple Linear,20,0.0005373855336275119
2. Multiple Linear,21,0.00048381104776386026
2. Multiple Linear,22,0.0004402651645057492
2. Multiple Linear,23,0.0004048522352276866
2. Multiple Linear,24,0.00037603620926498056
2. Multiple Linear,25,0.00035257229241194123
2. Multiple Linear,26,0.0003334516153978186
2. Multiple Linear,27,0.0003178564294828188
2. Multiple Linear,28,0.0003051238224520714
2. Multiple Linear,29,0.00029471633216734716
2. Multiple Linear,30,0.0002861981447420976
2. Multiple Linear,31,0.0002792158148180079
2. Multiple Linear,32,0.0002734826478907279
2. Multiple Linear,33,0.00026876604841154553
2. Multiple Linear,34,0.0002648772699164698
2. Multiple Linear,35,0.00026166311069371193
2. Multiple Linear,36,0.0002589991853263314
2. Multiple Linear,37,0.0002567844727405414
2. Multiple Linear,38,0.00025493689830514445
2. Multiple Linear,39,0.00025338975361360844
2. Multiple Linear,40,0.00025208879490005347
2. Multiple Linear,41,0.00025098989126288746
2. Multiple Linear,42,0.00025005711834580194
2. Multiple Linear,43,0.00024926121294869646
2. Multiple Linear,44,0.00024857832009598184
2. Multiple Linear,45,0.0002479889770932704
2. Multiple Linear,46,0.00024747728963590897
2. Multiple Linear,47,0.0002470302635640062
2. Multiple Linear,48,0.0002466372627689868
2. Multiple Linear,49,0.0002462895693543674
2. Multiple Linear,50,0.0002459800266878947
2. Multiple Linear,51,0.0002457027496554652
2. Multiple Linear,52,0.00024545288940300134
2. Multiple Linear,53,0.0002452264422632252
2. Multiple Linear,54,0.0002450200945173842
2. Multiple Linear,55,0.00024483109622437595
2. Multiple Linear,56,0.00024465715863182
2. Multiple Linear,57,0.0002444963707224506
2. Multiple Linear,58,0.0002443471312909645
2. Multiple Linear,59,0.00024420809362856604
2. Multiple Linear,60,0.00024407812044521985
2. Multiple Linear,61,0.00024395624710759855
2. Multiple Linear,62,0.00024384165163379454
2. Multiple Linear,63,0.00024373363018015444
2. Multiple Linear,64,0.000243631576994151
2. Multiple Linear,65,0.00024353496800059714
2. Multiple Linear,66,0.00024344334734530118
2. Multiple Linear,67,0.00024335631634739936
2. Multiple Linear,68,0.0002432735244146995
2. Multiple Linear,69,0.00024319466155999292
2. Multiple Linear,70,0.00024311945222411937
2. Multiple Linear,71,0.00024304765016660318
2. Multiple Linear,72,0.00024297903422933456
2. Multiple Linear,73,0.00024291340481501334
2. Multiple Linear,74,0.00024285058095149657
2. Multiple Linear,75,0.00024279039783708372
2. Multiple Linear,76,0.00024273270478117922
2. Multiple Linear,77,0.00024267736347054065
2. Multiple Linear,78,0.00024262424650413708
2. Multiple Linear,79,0.00024257323615006234
2. Multiple Linear,80,0.0002425242232864256
2. Multiple Linear,81,0.00024247710649504025
2. Multiple Linear,82,0.00024243179128235115
2. Multiple Linear,83,0.00024238818940661592
2. Multiple Linear,84,0.00024234621829408946
2. Multiple Linear,85,0.00024230580053000592
2. Multiple Linear,86,0.00024226686341263822
2. Multiple Linear,87,0.00024222933856074815
2. Multiple Linear,88,0.00024219316156640303
2. Multiple Linear,89,0.0002421582716864971
2. Multiple Linear,90,0.0002421246115674315
2. Multiple Linear,91,0.00024209212699832585
2. Multiple Linear,92,0.0002420607666888871
2. Multiple Linear,93,0.000242030482068683
2. Multiple Linear,94,0.00024200122710508128
2. Multiple Linear,95,0.0002419729581375374
2. Multiple Linear,96,0.00024194563372626775
2. Multiple Linear,97,0.0002419192145136335
2. Multiple Linear,98,0.00024189366309680603
2. Multiple Linear,99,0.00024186894391048535
2. Multiple Linear,100,0.0002418450231186138
2. Multiple Linear,101,0.00024182186851416838
2. Multiple Linear,102,0.00024179944942623636
2. Multiple Linear,103,0.00024177773663367863
2. Multiple Linear,104,0.00024175670228477193
2. Multiple Linear,105,0.00024173631982229418
2. Multiple Linear,106,0.00024171656391357857
2. Multiple Linear,107,0.00024169741038511679
2. Multiple Linear,108,0.00024167883616133678
2. Multiple Linear,109,0.0002416608192072206
2. Multiple Linear,110,0.00024164333847446234
2. Multiple Linear,111,0.0002416263738508961
2. Multiple Linear,112,0.00024160990611295032
2. Multiple Linear,113,0.00024159391688090745
2. Multiple Linear,114,0.00024157838857676904
2. Multiple Linear,115,0.00024156330438454316
2. Multiple Linear,116,0.00024154864821278782
2. Multiple Linear,117,0.0002415344046592584
2. Multiple Linear,118,0.00024152055897751855
2. Multiple Linear,119,0.00024150709704538685
2. Multiple Linear,120,0.00024149400533510085
2. Multiple Linear,121,0.0002414812708850898
2. Multiple Linear,122,0.00024146888127325462
2. Multiple Linear,123,0.00024145682459166313
2. Multiple Linear,124,0.00024144508942257388
2. Multiple Linear,125,0.00024143366481570798
2. Multiple Linear,126,0.0002414225402666956
2. Multiple Linear,127,0.00024141170569662754
2. Multiple Linear,128,0.00024140115143264743
2. Multiple Linear,129,0.0002413908681895252
2. Multiple Linear,130,0.00024138084705215481
2. Multiple Linear,131,0.00024137107945892557
2. Multiple Linear,132,0.00024136155718591676
2. Multiple Linear,133,0.00024135227233187042
2. Multiple Linear,134,0.00024134321730390017
2. Multiple Linear,135,0.00024133438480389475
2. Multiple Linear,136,0.00024132576781558016
2. Multiple Linear,137,0.00024131735959220351
2. Multiple Linear,138,0.00024130915364480723
2. Multiple Linear,139,0.00024130114373106096
2. Multiple Linear,140,0.00024129332384462276
2. Multiple Linear,141,0.00024128568820500234
2. Multiple Linear,142,0.0002412782312478991
2. Multiple Linear,143,0.00024127094761599224
2. Multiple Linear,144,0.00024126383215015865
2. Multiple Linear,145,0.00024125687988109756
2. Multiple Linear,146,0.0002412500860213412
2. Multiple Linear,147,0.00024124344595763202
2. Multiple Linear,148,0.00024123695524364892
2. Multiple Linear,149,0.0002412306095930642
2. Multiple Linear,150,0.00024122440487291564
2. Multiple Linear,151,0.0002412183370972782
2. Multiple Linear,152,0.00024121240242122057
2. Multiple Linear,153,0.00024120659713503274
2. Multiple Linear,154,0.00024120091765871172
2. Multiple Linear,155,0.00024119536053669285
2. Multiple Linear,156,0.0002411899224328151
2. Multiple Linear,157,0.00024118460012550894
2. Multiple Linear,158,0.00024117939050319662
2. Multiple Linear,159,0.0002411742905598944
2. Multiple Linear,160,0.00024116929739100785
2. Multiple Linear,161,0.00024116440818931038
2. Multiple Linear,162,0.0002411596202410972
2. Multiple Linear,163,0.00024115493092250604
2. Multiple Linear,164,0.00024115033769599707
2. Multiple Linear,165,0.00024114583810698486
2. Multiple Linear,166,0.00024114142978061537
2. Multiple Linear,167,0.0002411371104186804
2. Multiple Linear,168,0.00024113287779666524
2. Multiple Linear,169,0.00024112872976092092
2. Multiple Linear,170,0.00024112466422595774
2. Multiple Linear,171,0.00024112067917185268
2. Multiple Linear,172,0.00024111677264176726
2. Multiple Linear,173,0.00024111294273956922
2. Multiple Linear,174,0.00024110918762755454
2. Multiple Linear,175,0.00024110550552426503
2. Multiple Linear,176,0.000241101894702397
2. Multiple Linear,177,0.00024109835348679686
2. Multiple Linear,178,0.00024109488025254026
2. Multiple Linear,179,0.00024109147342309088
2. Multiple Linear,180,0.00024108813146853488
2. Multiple Linear,181,0.00024108485290388838
2. Multiple Linear,182,0.0002410816362874744
2. Multiple Linear,183,0.0002410784802193662
2. Multiple Linear,184,0.0002410753833398942
2. Multiple Linear,185,0.00024107234432821335
2. Multiple Linear,186,0.0002410693619009293
2. Multiple Linear,187,0.0002410664348107794
2. Multiple Linear,188,0.00024106356184536748
2. Multiple Linear,189,0.0002410607418259489
2. Multiple Linear,190,0.000241057973606265
2. Multiple Linear,191,0.0002410552560714233
2. Multiple Linear,192,0.00024105258813682286
2. Multiple Linear,193,0.00024104996874712222
2. Multiple Linear,194,0.00024104739687524774
2. Multiple Linear,195,0.00024104487152144162
2. Multiple Linear,196,0.00024104239171234663
2. Multiple Linear,197,0.0002410399565001274
2. Multiple Linear,198,0.00024103756496162549
2. Multiple Linear,199,0.0002410352161975474
2. Multiple Linear,200,0.00024103290933168395
2. Multiple Linear,201,0.0002410306435101601
2. Multiple Linear,202,0.00024102841790071345
2. Multiple Linear,203,0.00024102623169199993
2. Multiple Linear,204,0.0002410240840929267
2. Multiple Linear,205,0.00024102197433200994
2. Multiple Linear,206,0.00024101990165675705
2. Multiple Linear,207,0.00024101786533307223
2. Multiple Linear,208,0.00024101586464468422
2. Multiple Linear,209,0.0002410138988925956
2. Multiple Linear,210,0.00024101196739455253
2. Multiple Linear,211,0.00024101006948453393
2. Multiple Linear,212,0.00024100820451226012
2. Multiple Linear,213,0.00024100637184271863
2. Multiple Linear,214,0.0002410045708557084
2. Multiple Linear,215,0.00024100280094539953
2. Multiple Linear,216,0.00024100106151990982
2. Multiple Linear,217,0.00024099935200089622
2. Multiple Linear,218,0.00024099767182316094
2. Multiple Linear,219,0.00024099602043427173
2. Multiple Linear,220,0.00024099439729419577
2. Multiple Linear,221,0.00024099280187494615
2. Multiple Linear,222,0.00024099123366024135
2. Multiple Linear,223,0.00024098969214517615
2. Multiple Linear,224,0.00024098817683590435
2. Multiple Linear,225,0.00024098668724933226
2. Multiple Linear,226,0.00024098522291282284
2. Multiple Linear,227,0.0002409837833639104
2. Multiple Linear,228,0.000240982368150024
2. Multiple Linear,229,0.00024098097682822162
2. Multiple Linear,230,0.0002409796089649321
2. Multiple Linear,231,0.00024097826413570643
2. Multiple Linear,232,0.00024097694192497715
2. Multiple Linear,233,0.00024097564192582566
2. Multiple Linear,234,0.00024097436373975736
2. Multiple Linear,235,0.0002409731069764841
2. Multiple Linear,236,0.00024097187125371363
2. Multiple Linear,237,0.0002409706561969461
2. Multiple Linear,238,0.00024096946143927674
2. Multiple Linear,239,0.00024096828662120546
2. Multiple Linear,240,0.00024096713139045174
2. Multiple Linear,241,0.00024096599540177614
2. Multiple Linear,242,0.00024096487831680696
2. Multiple Linear,243,0.00024096377980387224
2. Multiple Linear,244,0.00024096269953783738
2. Multiple Linear,245,0.00024096163719994752
2. Multiple Linear,246,0.00024096059247767472
2. Multiple Linear,247,0.0002409595650645698
2. Multiple Linear,248,0.00024095855466011872
2. Multiple Linear,249,0.00024095756096960346
2. Multiple Linear,250,0.00024095658370396655
2. Multiple Linear,251,0.00024095562257968022
2. Multiple Linear,252,0.00024095467731861882
2. Multiple Linear,253,0.00024095374764793545
2. Multiple Linear,254,0.00024095283329994205
2. Multiple Linear,255,0.00024095193401199244
2. Multiple Linear,256,0.00024095104952636984
2. Multiple Linear,257,0.00024095017959017634
2. Multiple Linear,258,0.00024094932395522624
2. Multiple Linear,259,0.00024094848237794225
2. Multiple Linear,260,0.00024094765461925448
2. Multiple Linear,261,0.00024094684044450232
2. Multiple Linear,262,0.00024094603962333895
2. Multiple Linear,263,0.00024094525192963848
2. Multiple Linear,264,0.00024094447714140567
2. Multiple Linear,265,0.00024094371504068787
2. Multiple Linear,266,0.00024094296541348964
2. Multiple Linear,267,0.00024094222804968944
2. Multiple Linear,268,0.00024094150274295853
2. Multiple Linear,269,0.00024094078929068178
2. Multiple Linear,270,0.00024094008749388113
2. Multiple Linear,271,0.00024093939715714045
2. Multiple Linear,272,0.00024093871808853254
2. Multiple Linear,273,0.00024093805009954805
2. Multiple Linear,274,0.00024093739300502608
2. Multiple Linear,275,0.00024093674662308654
2. Multiple Linear,276,0.00024093611077506433
2. Multiple Linear,277,0.00024093548528544503
2. Multiple Linear,278,0.00024093486998180214
2. Multiple Linear,279,0.00024093426469473582
2. Multiple Linear,280,0.00024093366925781348
2. Multiple Linear,281,0.00024093308350751127
2. Multiple Linear,282,0.0002409325072831573
2. Multiple Linear,283,0.00024093194042687627
2. Multiple Linear,284,0.00024093138278353499
2. Multiple Linear,285,0.00024093083420068968
2. Multiple Linear,286,0.00024093029452853439
2. Multiple Linear,287,0.00024092976361985016
2. Multiple Linear,288,0.000240929241329956
2. Multiple Linear,289,0.0002409287275166606
2. Multiple Linear,290,0.00024092822204021513
2. Multiple Linear,291,0.00024092772476326735
2. Multiple Linear,292,0.00024092723555081666
2. Multiple Linear,293,0.00024092675427016976
2. Multiple Linear,294,0.0002409262807908981
2. Multiple Linear,295,0.00024092581498479532
2. Multiple Linear,296,0.00024092535672583666
2. Multiple Linear,297,0.0002409249058901381
2. Multiple Linear,298,0.0002409244623559174
2. Multiple Linear,299,0.00024092402600345546
2. Multiple Linear,300,0.00024092359671505845
2. Multiple Linear,301,0.00024092317437502127
2. Multiple Linear,302,0.000240922758869591
2. Multiple Linear,303,0.00024092235008693172
2. Multiple Linear,304,0.00024092194791709002
2. Multiple Linear,305,0.00024092155225196086
2. Multiple Linear,306,0.00024092116298525456
2. Multiple Linear,307,0.00024092078001246422
2. Multiple Linear,308,0.0002409204032308337
2. Multiple Linear,309,0.00024092003253932677
2. Multiple Linear,310,0.00024091966783859628
2. Multiple Linear,311,0.00024091930903095418
2. Multiple Linear,312,0.00024091895602034252
2. Multiple Linear,313,0.0002409186087123042
2. Multiple Linear,314,0.00024091826701395518
2. Multiple Linear,315,0.00024091793083395665
2. Multiple Linear,316,0.000240917600082488
2. Multiple Linear,317,0.00024091727467122036
2. Multiple Linear,318,0.00024091695451329036
2. Multiple Linear,319,0.00024091663952327487
2. Multiple Linear,320,0.0002409163296171657
2. Multiple Linear,321,0.00024091602471234524
2. Multiple Linear,322,0.00024091572472756238
2. Multiple Linear,323,0.00024091542958290876
2. Multiple Linear,324,0.0002409151391997958
2. Multiple Linear,325,0.0002409148535009318
2. Multiple Linear,326,0.0002409145724102998
2. Multiple Linear,327,0.00024091429585313556
2. Multiple Linear,328,0.0002409140237559062
2. Multiple Linear,329,0.0002409137560462892
2. Multiple Linear,330,0.00024091349265315153
2. Multiple Linear,331,0.00024091323350652956
2. Multiple Linear,332,0.00024091297853760907
2. Multiple Linear,333,0.00024091272767870576
2. Multiple Linear,334,0.00024091248086324609
2. Multiple Linear,335,0.00024091223802574815
2. Multiple Linear,336,0.0002409119991018038
2. Multiple Linear,337,0.0002409117640280599
2. Multiple Linear,338,0.00024091153274220084
2. Multiple Linear,339,0.00024091130518293105
2. Multiple Linear,340,0.00024091108128995758
2. Multiple Linear,341,0.0002409108610039734
2. Multiple Linear,342,0.000240910644266641
2. Multiple Linear,343,0.0002409104310205758
2. Multiple Linear,344,0.00024091022120933044
2. Multiple Linear,345,0.00024091001477737883
2. Multiple Linear,346,0.00024090981167010104
2. Multiple Linear,347,0.00024090961183376785
2. Multiple Linear,348,0.0002409094152155262
2. Multiple Linear,349,0.00024090922176338433
2. Multiple Linear,350,0.0002409090314261975
2. Multiple Linear,351,0.00024090884415365406
2. Multiple Linear,352,0.00024090865989626124
2. Multiple Linear,353,0.00024090847860533187
2. Multiple Linear,354,0.00024090830023297094
2. Multiple Linear,355,0.00024090812473206232
2. Multiple Linear,356,0.000240907952056256
2. Multiple Linear,357,0.00024090778215995538
2. Multiple Linear,358,0.00024090761499830462
2. Multiple Linear,359,0.00024090745052717677
2. Multiple Linear,360,0.00024090728870316137
2. Multiple Linear,361,0.00024090712948355282
2. Multiple Linear,362,0.00024090697282633857
2. Multiple Linear,363,0.00024090681869018798
2. Multiple Linear,364,0.00024090666703444083
2. Multiple Linear,365,0.0002409065178190964
2. Multiple Linear,366,0.00024090637100480255
2. Multiple Linear,367,0.00024090622655284507
2. Multiple Linear,368,0.00024090608442513736
2. Multiple Linear,369,0.00024090594458420984
2. Multiple Linear,370,0.00024090580699319996
2. Multiple Linear,371,0.0002409056716158424
2. Multiple Linear,372,0.0002409055384164589
2. Multiple Linear,373,0.00024090540735994902
2. Multiple Linear,374,0.00024090527841178055
2. Multiple Linear,375,0.00024090515153797992
2. Multiple Linear,376,0.0002409050267051236
2. Multiple Linear,377,0.00024090490388032867
2. Multiple Linear,378,0.00024090478303124405
2. Multiple Linear,379,0.0002409046641260421
2. Multiple Linear,380,0.00024090454713340958
2. Multiple Linear,381,0.00024090443202253982
2. Multiple Linear,382,0.00024090431876312387
2. Multiple Linear,383,0.00024090420732534286
2. Multiple Linear,384,0.00024090409767985973
2. Multiple Linear,385,0.00024090398979781147
2. Multiple Linear,386,0.00024090388365080137
2. Multiple Linear,387,0.00024090377921089147
2. Multiple Linear,388,0.00024090367645059502
2. Multiple Linear,389,0.00024090357534286915
2. Multiple Linear,390,0.00024090347586110775
2. Multiple Linear,391,0.00024090337797913423
2. Multiple Linear,392,0.00024090328167119458
2. Multiple Linear,393,0.00024090318691195048
2. Multiple Linear,394,0.00024090309367647271
2. Multiple Linear,395,0.00024090300194023405
2. Multiple Linear,396,0.0002409029116791035
2. Multiple Linear,397,0.00024090282286933905
2. Multiple Linear,398,0.00024090273548758184
2. Multiple Linear,399,0.00024090264951084987
2. Multiple Linear,400,0.0002409025649165318
2. Multiple Linear,401,0.000240902481682381
2. Multiple Linear,402,0.00024090239978650954
2. Multiple Linear,403,0.00024090231920738248
2. Multiple Linear,404,0.00024090223992381216
2. Multiple Linear,405,0.0002409021619149525
2. Multiple Linear,406,0.00024090208516029348
2. Multiple Linear,407,0.0002409020096396557
2. Multiple Linear,408,0.000240901935333185
2. Multiple Linear,409,0.0002409018622213472
2. Multiple Linear,410,0.00024090179028492319
2. Multiple Linear,411,0.00024090171950500317
2. Multiple Linear,412,0.00024090164986298243
2. Multiple Linear,413,0.00024090158134055576
2. Multiple Linear,414,0.0002409015139197131
2. Multiple Linear,415,0.0002409014475827344
2. Multiple Linear,416,0.0002409013823121852
2. Multiple Linear,417,0.0002409013180909117
2. Multiple Linear,418,0.00024090125490203664
2. Multiple Linear,419,0.00024090119272895453
2. Multiple Linear,420,0.0002409011315553272
2. Multiple Linear,421,0.00024090107136507974
2. Multiple Linear,422,0.00024090101214239607
2. Multiple Linear,423,0.00024090095387171488
2. Multiple Linear,424,0.00024090089653772533
2. Multiple Linear,425,0.00024090084012536313
2. Multiple Linear,426,0.00024090078461980657
2. Multiple Linear,427,0.00024090073000647267
2. Multiple Linear,428,0.00024090067627101304
2. Multiple Linear,429,0.0002409006233993104
2. Multiple Linear,430,0.00024090057137747463
2. Multiple Linear,431,0.0002409005201918394
2. Multiple Linear,432,0.0002409004698289582
2. Multiple Linear,433,0.000240900420275601
2. Multiple Linear,434,0.0002409003715187507
2. Multiple Linear,435,0.00024090032354559968
2. Multiple Linear,436,0.00024090027634354654
2. Multiple Linear,437,0.00024090022990019263
2. Multiple Linear,438,0.0002409001842033389
2. Multiple Linear,439,0.0002409001392409824
2. Multiple Linear,440,0.00024090009500131354
2. Multiple Linear,441,0.0002409000514727127
2. Multiple Linear,442,0.00024090000864374726
2. Multiple Linear,443,0.0002408999665031685
2. Multiple Linear,444,0.0002408999250399087
2. Multiple Linear,445,0.00024089988424307824
2. Multiple Linear,446,0.00024089984410196274
2. Multiple Linear,447,0.00024089980460602006
2. Multiple Linear,448,0.00024089976574487776
2. Multiple Linear,449,0.0002408997275083303
2. Multiple Linear,450,0.00024089968988633625
2. Multiple Linear,451,0.00024089965286901575
2. Multiple Linear,452,0.00024089961644664784
2. Multiple Linear,453,0.000240899580609668
2. Multiple Linear,454,0.00024089954534866544
2. Multiple Linear,455,0.00024089951065438083
2. Multiple Linear,456,0.0002408994765177038
2. Multiple Linear,457,0.00024089944292967047
2. Multiple Linear,458,0.0002408994098814611
2. Multiple Linear,459,0.00024089937736439785
2. Multiple Linear,460,0.00024089934536994246
2. Multiple Linear,461,0.00024089931388969398
2. Multiple Linear,462,0.00024089928291538658
2. Multiple Linear,463,0.00024089925243888727
2. Multiple Linear,464,0.00024089922245219402
2. Multiple Linear,465,0.00024089919294743343
2. Multiple Linear,466,0.00024089916391685861
2. Multiple Linear,467,0.00024089913535284738
2. Multiple Linear,468,0.00024089910724790008
2. Multiple Linear,469,0.00024089907959463762
2. Multiple Linear,470,0.00024089905238579962
2. Multiple Linear,471,0.0002408990256142425
2. Multiple Linear,472,0.0002408989992729374
2. Multiple Linear,473,0.00024089897335496864
2. Multiple Linear,474,0.00024089894785353158
2. Multiple Linear,475,0.00024089892276193115
2. Multiple Linear,476,0.00024089889807357985
2. Multiple Linear,477,0.00024089887378199605
2. Multiple Linear,478,0.00024089884988080253
2. Multiple Linear,479,0.0002408988263637243
2. Multiple Linear,480,0.00024089880322458756
2. Multiple Linear,481,0.0002408987804573176
2. Multiple Linear,482,0.00024089875805593746
2. Multiple Linear,483,0.00024089873601456618
2. Multiple Linear,484,0.0002408987143274175
2. Multiple Linear,485,0.00024089869298879804
2. Multiple Linear,486,0.000240898671993106
2. Multiple Linear,487,0.00024089865133482968
2. Multiple Linear,488,0.00024089863100854595
2. Multiple Linear,489,0.00024089861100891894
2. Multiple Linear,490,0.00024089859133069838
2. Multiple Linear,491,0.00024089857196871864
2. Multiple Linear,492,0.0002408985529178969
2. Multiple Linear,493,0.00024089853417323234
2. Multiple Linear,494,0.0002408985157298042
2. Multiple Linear,495,0.00024089849758277113
2. Multiple Linear,496,0.00024089847972736937
2. Multiple Linear,497,0.0002408984621589118
2. Multiple Linear,498,0.0002408984448727868
2. Multiple Linear,499,0.00024089842786445667
2. Multiple Linear,500,0.00024089841112945684
2. Multiple Linear,501,0.0002408983946633943
2. Multiple Linear,502,0.00024089837846194692
2. Multiple Linear,503,0.00024089836252086174
2. Multiple Linear,504,0.00024089834683595446
2. Multiple Linear,505,0.00024089833140310783
2. Multiple Linear,506,0.00024089831621827088
2. Multiple Linear,507,0.0002408983012774577
2. Multiple Linear,508,0.00024089828657674654
2. Multiple Linear,509,0.00024089827211227867
2. Multiple Linear,510,0.0002408982578802572
2. Multiple Linear,511,0.00024089824387694655
2. Multiple Linear,512,0.00024089823009867102
2. Multiple Linear,513,0.000240898216541814
2. Multiple Linear,514,0.0002408982032028171
2. Multiple Linear,515,0.00024089819007817897
2. Multiple Linear,516,0.00024089817716445465
2. Multiple Linear,517,0.00024089816445825463
2. Multiple Linear,518,0.00024089815195624367
2. Multiple Linear,519,0.00024089813965514034
2. Multiple Linear,520,0.00024089812755171585
2. Multiple Linear,521,0.0002408981156427932
2. Multiple Linear,522,0.00024089810392524671
2. Multiple Linear,523,0.0002408980923960008
2. Multiple Linear,524,0.0002408980810520293
2. Multiple Linear,525,0.00024089806989035468
2. Multiple Linear,526,0.00024089805890804722
2. Multiple Linear,527,0.00024089804810222457
2. Multiple Linear,528,0.00024089803747005028
2. Multiple Linear,529,0.00024089802700873384
2. Multiple Linear,530,0.00024089801671552943
2. Multiple Linear,531,0.00024089800658773535
2. Multiple Linear,532,0.0002408979966226934
2. Multiple Linear,533,0.000240897986817788
2. Multiple Linear,534,0.00024089797717044575
2. Multiple Linear,535,0.0002408979676781345
2. Multiple Linear,536,0.00024089795833836275
2. Multiple Linear,537,0.00024089794914867926
2. Multiple Linear,538,0.00024089794010667193
2. Multiple Linear,539,0.00024089793120996762
2. Multiple Linear,540,0.00024089792245623117
2. Multiple Linear,541,0.0002408979138431651
2. Multiple Linear,542,0.00024089790536850882
2. Multiple Linear,543,0.00024089789703003793
2. Multiple Linear,544,0.00024089788882556402
2. Multiple Linear,545,0.00024089788075293362
2. Multiple Linear,546,0.00024089787281002795
2. Multiple Linear,547,0.0002408978649947624
2. Multiple Linear,548,0.00024089785730508568
2. Multiple Linear,549,0.00024089784973897965
2. Multiple Linear,550,0.0002408978422944584
2. Multiple Linear,551,0.0002408978349695681
2. Multiple Linear,552,0.00024089782776238623
2. Multiple Linear,553,0.0002408978206710212
2. Multiple Linear,554,0.00024089781369361185
2. Multiple Linear,555,0.0002408978068283269
2. Multiple Linear,556,0.0002408978000733645
2. Multiple Linear,557,0.00024089779342695172
2. Multiple Linear,558,0.00024089778688734416
2. Multiple Linear,559,0.00024089778045282553
2. Multiple Linear,560,0.000240897774121707
2. Multiple Linear,561,0.0002408977678923269
2. Multiple Linear,562,0.00024089776176305032
2. Multiple Linear,563,0.00024089775573226866
2. Multiple Linear,564,0.00024089774979839902
2. Multiple Linear,565,0.00024089774395988402
2. Multiple Linear,566,0.00024089773821519143
2. Multiple Linear,567,0.0002408977325628134
2. Multiple Linear,568,0.00024089772700126654
2. Multiple Linear,569,0.00024089772152909112
2. Multiple Linear,570,0.000240897716144851
2. Multiple Linear,571,0.00024089771084713312
2. Multiple Linear,572,0.00024089770563454698
2. Multiple Linear,573,0.00024089770050572456
2. Multiple Linear,574,0.00024089769545931983
2. Multiple Linear,575,0.0002408976904940083
2. Multiple Linear,576,0.00024089768560848685
2. Multiple Linear,577,0.00024089768080147326
2. Multiple Linear,578,0.0002408976760717059
2. Multiple Linear,579,0.00024089767141794347
2. Multiple Linear,580,0.00024089766683896456
2. Multiple Linear,581,0.00024089766233356748
2. Multiple Linear,582,0.0002408976579005697
2. Multiple Linear,583,0.00024089765353880782
2. Multiple Linear,584,0.00024089764924713715
2. Multiple Linear,585,0.00024089764502443123
2. Multiple Linear,586,0.00024089764086958194
2. Multiple Linear,587,0.00024089763678149874
2. Multiple Linear,588,0.0002408976327591088
2. Multiple Linear,589,0.00024089762880135637
2. Multiple Linear,590,0.00024089762490720281
2. Multiple Linear,591,0.00024089762107562608
2. Multiple Linear,592,0.00024089761730562064
2. Multiple Linear,593,0.00024089761359619692
2. Multiple Linear,594,0.00024089760994638158
2. Multiple Linear,595,0.00024089760635521661
2. Multiple Linear,596,0.00024089760282175956
2. Multiple Linear,597,0.00024089759934508304
2. Multiple Linear,598,0.00024089759592427467
2. Multiple Linear,599,0.00024089759255843665
2. Multiple Linear,600,0.0002408975892466856
2. Multiple Linear,601,0.00024089758598815246
2. Multiple Linear,602,0.0002408975827819819
2. Multiple Linear,603,0.00024089757962733258
2. Multiple Linear,604,0.00024089757652337652
2. Multiple Linear,605,0.00024089757346929913
2. Multiple Linear,606,0.00024089757046429883
2. Multiple Linear,607,0.00024089756750758707
2. Multiple Linear,608,0.0002408975645983878
2. Multiple Linear,609,0.00024089756173593756
2. Multiple Linear,610,0.000240897558919485
2. Multiple Linear,611,0.00024089755614829114
2. Multiple Linear,612,0.00024089755342162855
2. Multiple Linear,613,0.00024089755073878168
2. Multiple Linear,614,0.00024089754809904646
2. Multiple Linear,615,0.00024089754550173009
2. Multiple Linear,616,0.0002408975429461509
2. Multiple Linear,617,0.00024089754043163822
2. Multiple Linear,618,0.00024089753795753213
2. Multiple Linear,619,0.00024089753552318326
2. Multiple Linear,620,0.00024089753312795282
2. Multiple Linear,621,0.00024089753077121212
2. Multiple Linear,622,0.00024089752845234268
2. Multiple Linear,623,0.00024089752617073595
2. Multiple Linear,624,0.0002408975239257931
2. Multiple Linear,625,0.000240897521716925
2. Multiple Linear,626,0.00024089751954355193
2. Multiple Linear,627,0.00024089751740510352
2. Multiple Linear,628,0.00024089751530101852
2. Multiple Linear,629,0.00024089751323074475
2. Multiple Linear,630,0.00024089751119373885
2. Multiple Linear,631,0.0002408975091894663
2. Multiple Linear,632,0.00024089750721740098
2. Multiple Linear,633,0.00024089750527702541
2. Multiple Linear,634,0.00024089750336783036
2. Multiple Linear,635,0.0002408975014893148
2. Multiple Linear,636,0.00024089749964098563
2. Multiple Linear,637,0.0002408974978223578
2. Multiple Linear,638,0.00024089749603295417
2. Multiple Linear,639,0.0002408974942723049
2. Multiple Linear,640,0.00024089749253994807
2. Multiple Linear,641,0.00024089749083542909
2. Multiple Linear,642,0.00024089748915830046
2. Multiple Linear,643,0.00024089748750812212
2. Multiple Linear,644,0.00024089748588446096
2. Multiple Linear,645,0.00024089748428689092
2. Multiple Linear,646,0.00024089748271499271
2. Multiple Linear,647,0.00024089748116835373
2. Multiple Linear,648,0.0002408974796465682
2. Multiple Linear,649,0.0002408974781492367
2. Multiple Linear,650,0.00024089747667596623
2. Multiple Linear,651,0.00024089747522637015
2. Multiple Linear,652,0.000240897473800068
2. Multiple Linear,653,0.0002408974723966856
2. Multiple Linear,654,0.00024089747101585447
2. Multiple Linear,655,0.00024089746965721238
2. Multiple Linear,656,0.00024089746832040262
2. Multiple Linear,657,0.00024089746700507443
2. Multiple Linear,658,0.00024089746571088268
2. Multiple Linear,659,0.00024089746443748758
2. Multiple Linear,660,0.00024089746318455506
2. Multiple Linear,661,0.00024089746195175623
2. Multiple Linear,662,0.00024089746073876762
2. Multiple Linear,663,0.00024089745954527082
2. Multiple Linear,664,0.00024089745837095258
2. Multiple Linear,665,0.00024089745721550488
2. Multiple Linear,666,0.0002408974560786243
2. Multiple Linear,667,0.00024089745496001262
2. Multiple Linear,668,0.00024089745385937622
2. Multiple Linear,669,0.0002408974527764262
2. Multiple Linear,670,0.00024089745171087837
2. Multiple Linear,671,0.00024089745066245316
2. Multiple Linear,672,0.00024089744963087532
2. Multiple Linear,673,0.00024089744861587422
2. Multiple Linear,674,0.00024089744761718337
2. Multiple Linear,675,0.00024089744663454077
2. Multiple Linear,676,0.00024089744566768853
2. Multiple Linear,677,0.0002408974447163729
2. Multiple Linear,678,0.00024089744378034416
2. Multiple Linear,679,0.00024089744285935672
2. Multiple Linear,680,0.00024089744195316887
2. Multiple Linear,681,0.00024089744106154277
2. Multiple Linear,682,0.00024089744018424445
2. Multiple Linear,683,0.00024089743932104366
2. Multiple Linear,684,0.00024089743847171386
2. Multiple Linear,685,0.00024089743763603213
2. Multiple Linear,686,0.0002408974368137792
2. Multiple Linear,687,0.00024089743600473924
2. Multiple Linear,688,0.00024089743520869995
2. Multiple Linear,689,0.0002408974344254524
2. Multiple Linear,690,0.00024089743365479107
2. Multiple Linear,691,0.00024089743289651367
2. Multiple Linear,692,0.00024089743215042125
2. Multiple Linear,693,0.00024089743141631796
2. Multiple Linear,694,0.00024089743069401112
2. Multiple Linear,695,0.00024089742998331123
2. Multiple Linear,696,0.00024089742928403172
2. Multiple Linear,697,0.00024089742859598916
2. Multiple Linear,698,0.00024089742791900287
2. Multiple Linear,699,0.00024089742725289526
2. Multiple Linear,700,0.00024089742659749147
2. Multiple Linear,701,0.0002408974259526195
2. Multiple Linear,702,0.0002408974253181102
2. Multiple Linear,703,0.00024089742469379693
2. Multiple Linear,704,0.0002408974240795159
2. Multiple Linear,705,0.00024089742347510593
2. Multiple Linear,706,0.00024089742288040832
2. Multiple Linear,707,0.0002408974222952671
2. Multiple Linear,708,0.00024089742171952864
2. Multiple Linear,709,0.0002408974211530418
2. Multiple Linear,710,0.00024089742059565805
2. Multiple Linear,711,0.00024089742004723095
2. Multiple Linear,712,0.0002408974195076167
2. Multiple Linear,713,0.00024089741897667365
2. Multiple Linear,714,0.0002408974184542624
2. Multiple Linear,715,0.00024089741794024592
2. Multiple Linear,716,0.0002408974174344893
2. Multiple Linear,717,0.00024089741693685977
2. Multiple Linear,718,0.0002408974164472268
2. Multiple Linear,719,0.00024089741596546187
2. Multiple Linear,720,0.0002408974154914385
2. Multiple Linear,721,0.00024089741502503228
2. Multiple Linear,722,0.00024089741456612091
2. Multiple Linear,723,0.00024089741411458386
2. Multiple Linear,724,0.00024089741367030266
2. Multiple Linear,725,0.00024089741323316072
2. Multiple Linear,726,0.00024089741280304333
2. Multiple Linear,727,0.00024089741237983756
2. Multiple Linear,728,0.0002408974119634324
2. Multiple Linear,729,0.00024089741155371855
2. Multiple Linear,730,0.00024089741115058852
2. Multiple Linear,731,0.00024089741075393643
2. Multiple Linear,732,0.00024089741036365824
2. Multiple Linear,733,0.00024089740997965153
2. Multiple Linear,734,0.0002408974096018155
2. Multiple Linear,735,0.00024089740923005098
2. Multiple Linear,736,0.00024089740886426046
2. Multiple Linear,737,0.0002408974085043479
2. Multiple Linear,738,0.00024089740815021882
2. Multiple Linear,739,0.00024089740780178036
2. Multiple Linear,740,0.00024089740745894105
2. Multiple Linear,741,0.00024089740712161085
2. Multiple Linear,742,0.0002408974067897013
2. Multiple Linear,743,0.00024089740646312526
2. Multiple Linear,744,0.0002408974061417971
2. Multiple Linear,745,0.0002408974058256324
2. Multiple Linear,746,0.00024089740551454825
2. Multiple Linear,747,0.0002408974052084629
2. Multiple Linear,748,0.00024089740490729618
2. Multiple Linear,749,0.00024089740461096892
2. Multiple Linear,750,0.00024089740431940346
2. Multiple Linear,751,0.00024089740403252318
2. Multiple Linear,752,0.00024089740375025286
2. Multiple Linear,753,0.00024089740347251842
2. Multiple Linear,754,0.00024089740319924695
2. Multiple Linear,755,0.00024089740293036676
2. Multiple Linear,756,0.00024089740266580717
2. Multiple Linear,757,0.00024089740240549896
2. Multiple Linear,758,0.00024089740214937362
2. Multiple Linear,759,0.000240897401897364
2. Multiple Linear,760,0.00024089740164940406
2. Multiple Linear,761,0.0002408974014054286
2. Multiple Linear,762,0.00024089740116537363
2. Multiple Linear,763,0.00024089740092917615
2. Multiple Linear,764,0.00024089740069677422
2. Multiple Linear,765,0.00024089740046810674
2. Multiple Linear,766,0.0002408974002431138
2. Multiple Linear,767,0.00024089740002173636
2. Multiple Linear,768,0.00024089739980391622
2. Multiple Linear,769,0.00024089739958959628
2. Multiple Linear,770,0.0002408973993787203
2. Multiple Linear,771,0.00024089739917123297
2. Multiple Linear,772,0.00024089739896707979
2. Multiple Linear,773,0.00024089739876620716
2. Multiple Linear,774,0.0002408973985685624
2. Multiple Linear,775,0.00024089739837409365
2. Multiple Linear,776,0.00024089739818274986
2. Multiple Linear,777,0.00024089739799448078
2. Multiple Linear,778,0.00024089739780923706
2. Multiple Linear,779,0.00024089739762697007
2. Multiple Linear,780,0.00024089739744763197
2. Multiple Linear,781,0.00024089739727117565
2. Multiple Linear,782,0.00024089739709755488
2. Multiple Linear,783,0.00024089739692672408
2. Multiple Linear,784,0.00024089739675863838
2. Multiple Linear,785,0.00024089739659325366
2. Multiple Linear,786,0.00024089739643052654
2. Multiple Linear,787,0.00024089739627041433
2. Multiple Linear,788,0.000240897396112875
2. Multiple Linear,789,0.0002408973959578672
2. Multiple Linear,790,0.00024089739580535025
2. Multiple Linear,791,0.00024089739565528415
2. Multiple Linear,792,0.00024089739550762948
2. Multiple Linear,793,0.0002408973953623475
2. Multiple Linear,794,0.00024089739521940007
2. Multiple Linear,795,0.00024089739507874973
2. Multiple Linear,796,0.0002408973949403595
2. Multiple Linear,797,0.0002408973948041931
2. Multiple Linear,798,0.00024089739467021476
2. Multiple Linear,799,0.00024089739453838938
2. Multiple Linear,800,0.00024089739440868234
2. Multiple Linear,801,0.00024089739428105958
2. Multiple Linear,802,0.00024089739415548755
2. Multiple Linear,803,0.00024089739403193347
2. Multiple Linear,804,0.00024089739391036473
2. Multiple Linear,805,0.00024089739379074953
2. Multiple Linear,806,0.00024089739367305643
2. Multiple Linear,807,0.0002408973935572546
2. Multiple Linear,808,0.0002408973934433136
2. Multiple Linear,809,0.00024089739333120353
2. Multiple Linear,810,0.000240897393220895
2. Multiple Linear,811,0.00024089739311235902
2. Multiple Linear,812,0.00024089739300556717
2. Multiple Linear,813,0.00024089739290049134
2. Multiple Linear,814,0.000240897392797104
2. Multiple Linear,815,0.00024089739269537799
2. Multiple Linear,816,0.00024089739259528666
2. Multiple Linear,817,0.00024089739249680376
2. Multiple Linear,818,0.00024089739239990332
2. Multiple Linear,819,0.00024089739230456007
2. Multiple Linear,820,0.00024089739221074886
2. Multiple Linear,821,0.00024089739211844512
2. Multiple Linear,822,0.00024089739202762464
2. Multiple Linear,823,0.00024089739193826362
2. Multiple Linear,824,0.0002408973918503385
2. Multiple Linear,825,0.0002408973917638263
2. Multiple Linear,826,0.00024089739167870426
2. Multiple Linear,827,0.00024089739159495008
2. Multiple Linear,828,0.00024089739151254174
2. Multiple Linear,829,0.00024089739143145765
2. Multiple Linear,830,0.0002408973913516765
2. Multiple Linear,831,0.0002408973912731774
2. Multiple Linear,832,0.0002408973911959397
2. Multiple Linear,833,0.00024089739111994314
2. Multiple Linear,834,0.00024089739104516788
2. Multiple Linear,835,0.00024089739097159408
2. Multiple Linear,836,0.0002408973908992026
2. Multiple Linear,837,0.00024089739082797438
2. Multiple Linear,838,0.00024089739075789073
2. Multiple Linear,839,0.0002408973906889333
2. Multiple Linear,840,0.0002408973906210839
2. Multiple Linear,841,0.00024089739055432486
2. Multiple Linear,842,0.00024089739048863856
2. Multiple Linear,843,0.0002408973904240078
2. Multiple Linear,844,0.00024089739036041555
2. Multiple Linear,845,0.0002408973902978452
2. Multiple Linear,846,0.00024089739023628036
2. Multiple Linear,847,0.00024089739017570477
2. Multiple Linear,848,0.00024089739011610257
2. Multiple Linear,849,0.00024089739005745816
2. Multiple Linear,850,0.00024089738999975608
2. Multiple Linear,851,0.0002408973899429813
2. Multiple Linear,852,0.00024089738988711877
2. Multiple Linear,853,0.00024089738983215392
2. Multiple Linear,854,0.00024089738977807235
2. Multiple Linear,855,0.00024089738972485981
2. Multiple Linear,856,0.00024089738967250234
2. Multiple Linear,857,0.00024089738962098623
2. Multiple Linear,858,0.00024089738957029793
2. Multiple Linear,859,0.00024089738952042414
2. Multiple Linear,860,0.00024089738947135182
2. Multiple Linear,861,0.00024089738942306802
2. Multiple Linear,862,0.00024089738937556012
2. Multiple Linear,863,0.00024089738932881564
2. Multiple Linear,864,0.00024089738928282227
2. Multiple Linear,865,0.000240897389237568
2. Multiple Linear,866,0.0002408973891930409
2. Multiple Linear,867,0.00024089738914922937
2. Multiple Linear,868,0.00024089738910612182
2. Multiple Linear,869,0.00024089738906370699
2. Multiple Linear,870,0.00024089738902197371
2. Multiple Linear,871,0.00024089738898091107
2. Multiple Linear,872,0.00024089738894050828
2. Multiple Linear,873,0.00024089738890075473
2. Multiple Linear,874,0.00024089738886163994
2. Multiple Linear,875,0.00024089738882315378
2. Multiple Linear,876,0.00024089738878528598
2. Multiple Linear,877,0.00024089738874802678
2. Multiple Linear,878,0.00024089738871136622
2. Multiple Linear,879,0.00024089738867529478
2. Multiple Linear,880,0.000240897388639803
2. Multiple Linear,881,0.00024089738860488154
2. Multiple Linear,882,0.00024089738857052123
2. Multiple Linear,883,0.0002408973885367131
2. Multiple Linear,884,0.00024089738850344817
2. Multiple Linear,885,0.00024089738847071781
2. Multiple Linear,886,0.00024089738843851343
2. Multiple Linear,887,0.00024089738840682654
2. Multiple Linear,888,0.00024089738837564881
2. Multiple Linear,889,0.0002408973883449721
2. Multiple Linear,890,0.0002408973883147883
2. Multiple Linear,891,0.00024089738828508955
2. Multiple Linear,892,0.00024089738825586808
2. Multiple Linear,893,0.00024089738822711615
2. Multiple Linear,894,0.00024089738819882626
2. Multiple Linear,895,0.0002408973881709909
2. Multiple Linear,896,0.0002408973881436029
2. Multiple Linear,897,0.00024089738811665495
2. Multiple Linear,898,0.00024089738809014008
2. Multiple Linear,899,0.00024089738806405125
2. Multiple Linear,900,0.00024089738803838165
2. Multiple Linear,901,0.00024089738801312457
2. Multiple Linear,902,0.0002408973879882733
2. Multiple Linear,903,0.00024089738796382142
2. Multiple Linear,904,0.00024089738793976243
2. Multiple Linear,905,0.00024089738791609005
2. Multiple Linear,906,0.0002408973878927981
2. Multiple Linear,907,0.0002408973878698804
2. Multiple Linear,908,0.00024089738784733097
2. Multiple Linear,909,0.0002408973878251439
2. Multiple Linear,910,0.0002408973878033134
2. Multiple Linear,911,0.00024089738778183364
2. Multiple Linear,912,0.00024089738776069902
2. Multiple Linear,913,0.00024089738773990408
2. Multiple Linear,914,0.00024089738771944328
2. Multiple Linear,915,0.00024089738769931125
2. Multiple Linear,916,0.00024089738767950274
2. Multiple Linear,917,0.00024089738766001252
2. Multiple Linear,918,0.0002408973876408355
2. Multiple Linear,919,0.00024089738762196668
2. Multiple Linear,920,0.00024089738760340102
2. Multiple Linear,921,0.00024089738758513373
2. Multiple Linear,922,0.00024089738756715993
2. Multiple Linear,923,0.00024089738754947502
2. Multiple Linear,924,0.00024089738753207423
2. Multiple Linear,925,0.00024089738751495308
2. Multiple Linear,926,0.00024089738749810704
2. Multiple Linear,927,0.00024089738748153176
2. Multiple Linear,928,0.00024089738746522276
2. Multiple Linear,929,0.00024089738744917586
2. Multiple Linear,930,0.00024089738743338684
2. Multiple Linear,931,0.00024089738741785152
2. Multiple Linear,932,0.00024089738740256582
2. Multiple Linear,933,0.00024089738738752577
2. Multiple Linear,934,0.00024089738737272744
2. Multiple Linear,935,0.00024089738735816684
2. Multiple Linear,936,0.00024089738734384025
2. Multiple Linear,937,0.00024089738732974386
2. Multiple Linear,938,0.00024089738731587402
2. Multiple Linear,939,0.00024089738730222703
2. Multiple Linear,940,0.00024089738728879935
2. Multiple Linear,941,0.00024089738727558745
2. Multiple Linear,942,0.00024089738726258784
2. Multiple Linear,943,0.00024089738724979712
2. Multiple Linear,944,0.00024089738723721192
2. Multiple Linear,945,0.000240897387224829
2. Multiple Linear,946,0.000240897387212645
2. Multiple Linear,947,0.00024089738720065685
2. Multiple Linear,948,0.0002408973871888613
2. Multiple Linear,949,0.00024089738717725533
2. Multiple Linear,950,0.00024089738716583586
2. Multiple Linear,951,0.00024089738715459984
2. Multiple Linear,952,0.0002408973871435444
2. Multiple Linear,953,0.00024089738713266664
2. Multiple Linear,954,0.00024089738712196364
2. Multiple Linear,955,0.00024089738711143265
2. Multiple Linear,956,0.00024089738710107085
2. Multiple Linear,957,0.0002408973870908756
2. Multiple Linear,958,0.00024089738708084416
2. Multiple Linear,959,0.00024089738707097394
2. Multiple Linear,960,0.00024089738706126228
2. Multiple Linear,961,0.00024089738705170672
2. Multiple Linear,962,0.00024089738704230468
2. Multiple Linear,963,0.00024089738703305375
2. Multiple Linear,964,0.0002408973870239515
2. Multiple Linear,965,0.00024089738701499547
2. Multiple Linear,966,0.00024089738700618335
2. Multiple Linear,967,0.00024089738699751285
2. Multiple Linear,968,0.0002408973869889817
2. Multiple Linear,969,0.00024089738698058758
2. Multiple Linear,970,0.0002408973869723284
2. Multiple Linear,971,0.00024089738696420193
2. Multiple Linear,972,0.00024089738695620604
2. Multiple Linear,973,0.0002408973869483386
2. Multiple Linear,974,0.00024089738694059765
2. Multiple Linear,975,0.00024089738693298105
2. Multiple Linear,976,0.00024089738692548686
2. Multiple Linear,977,0.00024089738691811306
2. Multiple Linear,978,0.0002408973869108578
2. Multiple Linear,979,0.00024089738690371906
2. Multiple Linear,980,0.00024089738689669514
2. Multiple Linear,981,0.000240897386889784
2. Multiple Linear,982,0.00024089738688298394
2. Multiple Linear,983,0.00024089738687629316
2. Multiple Linear,984,0.00024089738686970989
2. Multiple Linear,985,0.0002408973868632324
2. Multiple Linear,986,0.00024089738685685903
2. Multiple Linear,987,0.00024089738685058803
2. Multiple Linear,988,0.00024089738684441786
2. Multiple Linear,989,0.0002408973868383468
2. Multiple Linear,990,0.00024089738683237324
2. Multiple Linear,991,0.00024089738682649578
2. Multiple Linear,992,0.0002408973868207127
2. Multiple Linear,993,0.00024089738681502257
2. Multiple Linear,994,0.00024089738680942388
2. Multiple Linear,995,0.00024089738680391513
2. Multiple Linear,996,0.0002408973867984949
2. Multiple Linear,997,0.0002408973867931618
2. Multiple Linear,998,0.00024089738678791437
2. Multiple Linear,999,0.0002408973867827513
2. Multiple Linear,1000,0.00024089738677767115
2. Multiple Linear,1001,0.0002408973867726727
2. Multiple Linear,1002,0.0002408973867677545
2. Multiple Linear,1003,0.00024089738676291538
2. Multiple Linear,1004,0.00024089738675815402
2. Multiple Linear,1005,0.0002408973867534691
2. Multiple Linear,1006,0.00024089738674885956
2. Multiple Linear,1007,0.00024089738674432405
2. Multiple Linear,1008,0.0002408973867398614
2. Multiple Linear,1009,0.00024089738673547048
2. Multiple Linear,1010,0.00024089738673115012
2. Multiple Linear,1011,0.00024089738672689918
2. Multiple Linear,1012,0.00024089738672271655
2. Multiple Linear,1013,0.00024089738671860116
2. Multiple Linear,1014,0.00024089738671455183
2. Multiple Linear,1015,0.0002408973867105676
2. Multiple Linear,1016,0.00024089738670664742
2. Multiple Linear,1017,0.00024089738670279027
2. Multiple Linear,1018,0.00024089738669899507
2. Multiple Linear,1019,0.00024089738669526084
2. Multiple Linear,1020,0.0002408973866915866
2. Multiple Linear,1021,0.0002408973866879714
2. Multiple Linear,1022,0.00024089738668441431
2. Multiple Linear,1023,0.00024089738668091437
2. Multiple Linear,1024,0.00024089738667747068
2. Multiple Linear,1025,0.00024089738667408233
2. Multiple Linear,1026,0.00024089738667074843
2. Multiple Linear,1027,0.00024089738666746813
2. Multiple Linear,1028,0.0002408973866642405
2. Multiple Linear,1029,0.00024089738666106472
2. Multiple Linear,1030,0.00024089738665794002
2. Multiple Linear,1031,0.0002408973866548655
2. Multiple Linear,1032,0.00024089738665184038
2. Multiple Linear,1033,0.0002408973866488639
2. Multiple Linear,1034,0.00024089738664593525
2. Multiple Linear,1035,0.00024089738664305365
2. Multiple Linear,1036,0.00024089738664021836
2. Multiple Linear,1037,0.0002408973866374286
2. Multiple Linear,1038,0.00024089738663468372
2. Multiple Linear,1039,0.00024089738663198292
2. Multiple Linear,1040,0.00024089738662932551
2. Multiple Linear,1041,0.00024089738662671082
2. Multiple Linear,1042,0.00024089738662413812
2. Multiple Linear,1043,0.00024089738662160678
2. Multiple Linear,1044,0.00024089738661911612
2. Multiple Linear,1045,0.00024089738661666553
2. Multiple Linear,1046,0.0002408973866142542
2. Multiple Linear,1047,0.00024089738661188173
2. Multiple Linear,1048,0.00024089738660954734
2. Multiple Linear,1049,0.00024089738660725045
2. Multiple Linear,1050,0.0002408973866049905
2. Multiple Linear,1051,0.00024089738660276684
2. Multiple Linear,1052,0.00024089738660057895
2. Multiple Linear,1053,0.00024089738659842613
2. Multiple Linear,1054,0.000240897386596308
2. Multiple Linear,1055,0.00024089738659422385
2. Multiple Linear,1056,0.0002408973865921732
2. Multiple Linear,1057,0.0002408973865901555
2. Multiple Linear,1058,0.00024089738658817026
2. Multiple Linear,1059,0.0002408973865862169
2. Multiple Linear,1060,0.0002408973865842949
2. Multiple Linear,1061,0.00024089738658240382
2. Multiple Linear,1062,0.0002408973865805431
2. Multiple Linear,1063,0.00024089738657871233
2. Multiple Linear,1064,0.00024089738657691093
2. Multiple Linear,1065,0.00024089738657513853
2. Multiple Linear,1066,0.0002408973865733946
2. Multiple Linear,1067,0.00024089738657167862
2. Multiple Linear,1068,0.00024089738656999025
2. Multiple Linear,1069,0.00024089738656832903
2. Multiple Linear,1070,0.00024089738656669454
2. Multiple Linear,1071,0.00024089738656508624
2. Multiple Linear,1072,0.00024089738656350384
2. Multiple Linear,1073,0.0002408973865619468
2. Multiple Linear,1074,0.00024089738656041487
2. Multiple Linear,1075,0.0002408973865589075
2. Multiple Linear,1076,0.00024089738655742437
2. Multiple Linear,1077,0.00024089738655596503
2. Multiple Linear,1078,0.0002408973865545292
2. Multiple Linear,1079,0.00024089738655311643
2. Multiple Linear,1080,0.00024089738655172635
2. Multiple Linear,1081,0.00024089738655035857
2. Multiple Linear,1082,0.00024089738654901286
2. Multiple Linear,1083,0.00024089738654768872
2. Multiple Linear,1084,0.00024089738654638586
2. Multiple Linear,1085,0.00024089738654510393
2. Multiple Linear,1086,0.0002408973865438426
2. Multiple Linear,1087,0.00024089738654260156
2. Multiple Linear,1088,0.00024089738654138043
2. Multiple Linear,1089,0.00024089738654017894
2. Multiple Linear,1090,0.00024089738653899678
2. Multiple Linear,1091,0.0002408973865378336
2. Multiple Linear,1092,0.00024089738653668908
2. Multiple Linear,1093,0.000240897386535563
2. Multiple Linear,1094,0.000240897386534455
2. Multiple Linear,1095,0.00024089738653336479
2. Multiple Linear,1096,0.00024089738653229205
2. Multiple Linear,1097,0.00024089738653123663
2. Multiple Linear,1098,0.00024089738653019816
2. Multiple Linear,1099,0.00024089738652917635
2. Multiple Linear,1100,0.000240897386528171
2. Multiple Linear,1101,0.00024089738652718177
2. Multiple Linear,1102,0.00024089738652620843
2. Multiple Linear,1103,0.00024089738652525075
2. Multiple Linear,1104,0.00024089738652430847
2. Multiple Linear,1105,0.0002408973865233813
2. Multiple Linear,1106,0.00024089738652246901
2. Multiple Linear,1107,0.00024089738652157146
2. Multiple Linear,1108,0.00024089738652068827
2. Multiple Linear,1109,0.00024089738651981928
2. Multiple Linear,1110,0.00024089738651896428
2. Multiple Linear,1111,0.000240897386518123
2. Multiple Linear,1112,0.0002408973865172952
2. Multiple Linear,1113,0.00024089738651648075
2. Multiple Linear,1114,0.0002408973865156794
2. Multiple Linear,1115,0.00024089738651489085
2. Multiple Linear,1116,0.0002408973865141151
2. Multiple Linear,1117,0.0002408973865133517
2. Multiple Linear,1118,0.0002408973865126006
2. Multiple Linear,1119,0.00024089738651186161
2. Multiple Linear,1120,0.00024089738651113444
2. Multiple Linear,1121,0.000240897386510419
2. Multiple Linear,1122,0.00024089738650971503
2. Multiple Linear,1123,0.0002408973865090224
2. Multiple Linear,1124,0.00024089738650834086
2. Multiple Linear,1125,0.00024089738650767025
2. Multiple Linear,1126,0.0002408973865070105
2. Multiple Linear,1127,0.00024089738650636132
2. Multiple Linear,1128,0.00024089738650572254
2. Multiple Linear,1129,0.00024089738650509405
2. Multiple Linear,1130,0.00024089738650447565
2. Multiple Linear,1131,0.00024089738650386722
2. Multiple Linear,1132,0.00024089738650326853
2. Multiple Linear,1133,0.00024089738650267945
2. Multiple Linear,1134,0.00024089738650209984
2. Multiple Linear,1135,0.00024089738650152957
2. Multiple Linear,1136,0.00024089738650096847
2. Multiple Linear,1137,0.00024089738650041637
2. Multiple Linear,1138,0.0002408973864998731
2. Multiple Linear,1139,0.00024089738649933862
2. Multiple Linear,1140,0.00024089738649881273
2. Multiple Linear,1141,0.00024089738649829526
2. Multiple Linear,1142,0.00024089738649778612
2. Multiple Linear,1143,0.00024089738649728514
2. Multiple Linear,1144,0.0002408973864967922
2. Multiple Linear,1145,0.00024089738649630727
2. Multiple Linear,1146,0.00024089738649583006
2. Multiple Linear,1147,0.0002408973864953605
2. Multiple Linear,1148,0.00024089738649489854
2. Multiple Linear,1149,0.00024089738649444396
2. Multiple Linear,1150,0.0002408973864939967
2. Multiple Linear,1151,0.00024089738649355662
2. Multiple Linear,1152,0.00024089738649312365
2. Multiple Linear,1153,0.00024089738649269758
2. Multiple Linear,1154,0.0002408973864922784
2. Multiple Linear,1155,0.00024089738649186594
2. Multiple Linear,1156,0.0002408973864914601
2. Multiple Linear,1157,0.00024089738649106082
2. Multiple Linear,1158,0.00024089738649066793
2. Multiple Linear,1159,0.00024089738649028133
2. Multiple Linear,1160,0.00024089738648990094
2. Multiple Linear,1161,0.0002408973864895267
2. Multiple Linear,1162,0.00024089738648915847
2. Multiple Linear,1163,0.00024089738648879613
2. Multiple Linear,1164,0.00024089738648843968
2. Multiple Linear,1165,0.00024089738648808888
2. Multiple Linear,1166,0.00024089738648774373
2. Multiple Linear,1167,0.00024089738648740415
2. Multiple Linear,1168,0.00024089738648707
2. Multiple Linear,1169,0.00024089738648674125
2. Multiple Linear,1170,0.00024089738648641777
2. Multiple Linear,1171,0.00024089738648609948
2. Multiple Linear,1172,0.0002408973864857863
2. Multiple Linear,1173,0.00024089738648547815
2. Multiple Linear,1174,0.00024089738648517495
2. Multiple Linear,1175,0.0002408973864848767
2. Multiple Linear,1176,0.00024089738648458317
2. Multiple Linear,1177,0.00024089738648429436
2. Multiple Linear,1178,0.0002408973864840102
2. Multiple Linear,1179,0.00024089738648373058
2. Multiple Linear,1180,0.00024089738648345552
2. Multiple Linear,1181,0.00024089738648318482
2. Multiple Linear,1182,0.00024089738648291848
2. Multiple Linear,1183,0.0002408973864826564
2. Multiple Linear,1184,0.00024089738648239858
2. Multiple Linear,1185,0.00024089738648214488
2. Multiple Linear,1186,0.00024089738648189527
2. Multiple Linear,1187,0.00024089738648164967
2. Multiple Linear,1188,0.000240897386481408
2. Multiple Linear,1189,0.0002408973864811702
2. Multiple Linear,1190,0.0002408973864809363
2. Multiple Linear,1191,0.00024089738648070606
2. Multiple Linear,1192,0.00024089738648047954
2. Multiple Linear,1193,0.00024089738648025674
2. Multiple Linear,1194,0.0002408973864800374
2. Multiple Linear,1195,0.00024089738647982165
2. Multiple Linear,1196,0.0002408973864796094
2. Multiple Linear,1197,0.0002408973864794005
2. Multiple Linear,1198,0.00024089738647919498
2. Multiple Linear,1199,0.00024089738647899275
2. Multiple Linear,1200,0.0002408973864787938
2. Multiple Linear,1201,0.000240897386478598
2. Multiple Linear,1202,0.0002408973864784054
2. Multiple Linear,1203,0.00024089738647821587
2. Multiple Linear,1204,0.00024089738647802936
2. Multiple Linear,1205,0.00024089738647784588
2. Multiple Linear,1206,0.0002408973864776653
2. Multiple Linear,1207,0.00024089738647748772
2. Multiple Linear,1208,0.00024089738647731292
2. Multiple Linear,1209,0.0002408973864771409
2. Multiple Linear,1210,0.00024089738647697174
2. Multiple Linear,1211,0.00024089738647680524
2. Multiple Linear,1212,0.0002408973864766414
2. Multiple Linear,1213,0.00024089738647648022
2. Multiple Linear,1214,0.00024089738647632168
2. Multiple Linear,1215,0.00024089738647616559
2. Multiple Linear,1216,0.00024089738647601206
2. Multiple Linear,1217,0.000240897386475861
2. Multiple Linear,1218,0.00024089738647571233
2. Multiple Linear,1219,0.00024089738647556605
2. Multiple Linear,1220,0.00024089738647542218
2. Multiple Linear,1221,0.00024089738647528058
2. Multiple Linear,1222,0.00024089738647514126
2. Multiple Linear,1223,0.00024089738647500422
2. Multiple Linear,1224,0.0002408973864748693
2. Multiple Linear,1225,0.0002408973864747366
2. Multiple Linear,1226,0.00024089738647460604
2. Multiple Linear,1227,0.00024089738647447754
2. Multiple Linear,1228,0.00024089738647435112
2. Multiple Linear,1229,0.00024089738647422676
2. Multiple Linear,1230,0.00024089738647410435
2. Multiple Linear,1231,0.00024089738647398395
2. Multiple Linear,1232,0.00024089738647386548
2. Multiple Linear,1233,0.0002408973864737489
2. Multiple Linear,1234,0.0002408973864736342
2. Multiple Linear,1235,0.00024089738647352135
2. Multiple Linear,1236,0.0002408973864734103
2. Multiple Linear,1237,0.00024089738647330101
2. Multiple Linear,1238,0.00024089738647319352
2. Multiple Linear,1239,0.00024089738647308775
2. Multiple Linear,1240,0.00024089738647298364
2. Multiple Linear,1241,0.00024089738647288124
2. Multiple Linear,1242,0.00024089738647278052
2. Multiple Linear,1243,0.00024089738647268134
2. Multiple Linear,1244,0.0002408973864725838
2. Multiple Linear,1245,0.0002408973864724878
2. Multiple Linear,1246,0.00024089738647239335
2. Multiple Linear,1247,0.00024089738647230043
2. Multiple Linear,1248,0.000240897386472209
2. Multiple Linear,1249,0.00024089738647211907
2. Multiple Linear,1250,0.00024089738647203052
2. Multiple Linear,1251,0.00024089738647194349
2. Multiple Linear,1252,0.00024089738647185778
2. Multiple Linear,1253,0.00024089738647177346
2. Multiple Linear,1254,0.0002408973864716905
2. Multiple Linear,1255,0.00024089738647160887
2. Multiple Linear,1256,0.00024089738647152853
2. Multiple Linear,1257,0.00024089738647144952
2. Multiple Linear,1258,0.00024089738647137179
2. Multiple Linear,1259,0.00024089738647129521
2. Multiple Linear,1260,0.00024089738647122
2. Multiple Linear,1261,0.00024089738647114592
2. Multiple Linear,1262,0.00024089738647107306
2. Multiple Linear,1263,0.00024089738647100134
2. Multiple Linear,1264,0.00024089738647093076
2. Multiple Linear,1265,0.0002408973864708614
2. Multiple Linear,1266,0.00024089738647079307
2. Multiple Linear,1267,0.00024089738647072585
2. Multiple Linear,1268,0.0002408973864706597
2. Multiple Linear,1269,0.00024089738647059466
2. Multiple Linear,1270,0.00024089738647053066
2. Multiple Linear,1271,0.00024089738647046767
2. Multiple Linear,1272,0.00024089738647040565
2. Multiple Linear,1273,0.00024089738647034472
2. Multiple Linear,1274,0.00024089738647028466
2. Multiple Linear,1275,0.00024089738647022565
2. Multiple Linear,1276,0.00024089738647016756
2. Multiple Linear,1277,0.0002408973864701104
2. Multiple Linear,1278,0.00024089738647005418
2. Multiple Linear,1279,0.00024089738646999883
2. Multiple Linear,1280,0.00024089738646994438
2. Multiple Linear,1281,0.00024089738646989085
2. Multiple Linear,1282,0.0002408973864698381
2. Multiple Linear,1283,0.00024089738646978622
2. Multiple Linear,1284,0.00024089738646973524
2. Multiple Linear,1285,0.00024089738646968504
2. Multiple Linear,1286,0.00024089738646963565
2. Multiple Linear,1287,0.000240897386469587
2. Multiple Linear,1288,0.00024089738646953916
2. Multiple Linear,1289,0.00024089738646949216
2. Multiple Linear,1290,0.00024089738646944584
2. Multiple Linear,1291,0.00024089738646940025
2. Multiple Linear,1292,0.00024089738646935547
2. Multiple Linear,1293,0.00024089738646931131
2. Multiple Linear,1294,0.00024089738646926795
2. Multiple Linear,1295,0.00024089738646922523
2. Multiple Linear,1296,0.00024089738646918322
2. Multiple Linear,1297,0.0002408973864691419
2. Multiple Linear,1298,0.0002408973864691012
2. Multiple Linear,1299,0.00024089738646906122
2. Multiple Linear,1300,0.0002408973864690218
2. Multiple Linear,1301,0.00024089738646898304
2. Multiple Linear,1302,0.00024089738646894493
2. Multiple Linear,1303,0.00024089738646890748
2. Multiple Linear,1304,0.00024089738646887053
2. Multiple Linear,1305,0.0002408973864688342
2. Multiple Linear,1306,0.0002408973864687985
2. Multiple Linear,1307,0.00024089738646876336
2. Multiple Linear,1308,0.00024089738646872874
2. Multiple Linear,1309,0.00024089738646869473
2. Multiple Linear,1310,0.00024089738646866125
2. Multiple Linear,1311,0.00024089738646862824
2. Multiple Linear,1312,0.00024089738646859585
2. Multiple Linear,1313,0.00024089738646856395
2. Multiple Linear,1314,0.00024089738646853256
2. Multiple Linear,1315,0.0002408973864685017
2. Multiple Linear,1316,0.0002408973864684713
2. Multiple Linear,1317,0.00024089738646844143
2. Multiple Linear,1318,0.000240897386468412
2. Multiple Linear,1319,0.00024089738646838305
2. Multiple Linear,1320,0.00024089738646835456
2. Multiple Linear,1321,0.00024089738646832656
2. Multiple Linear,1322,0.00024089738646829894
2. Multiple Linear,1323,0.00024089738646827186
2. Multiple Linear,1324,0.00024089738646824514
2. Multiple Linear,1325,0.00024089738646821887
2. Multiple Linear,1326,0.00024089738646819304
2. Multiple Linear,1327,0.00024089738646816762
2. Multiple Linear,1328,0.0002408973864681426
2. Multiple Linear,1329,0.000240897386468118
2. Multiple Linear,1330,0.0002408973864680938
2. Multiple Linear,1331,0.00024089738646806993
2. Multiple Linear,1332,0.00024089738646804648
2. Multiple Linear,1333,0.00024089738646802342
2. Multiple Linear,1334,0.00024089738646800073
2. Multiple Linear,1335,0.00024089738646797837
2. Multiple Linear,1336,0.0002408973864679564
2. Multiple Linear,1337,0.00024089738646793478
2. Multiple Linear,1338,0.00024089738646791348
2. Multiple Linear,1339,0.00024089738646789255
2. Multiple Linear,1340,0.00024089738646787193
2. Multiple Linear,1341,0.0002408973864678517
2. Multiple Linear,1342,0.00024089738646783176
2. Multiple Linear,1343,0.0002408973864678122
2. Multiple Linear,1344,0.0002408973864677928
2. Multiple Linear,1345,0.00024089738646777383
2. Multiple Linear,1346,0.00024089738646775519
2. Multiple Linear,1347,0.00024089738646773678
2. Multiple Linear,1348,0.00024089738646771865
2. Multiple Linear,1349,0.0002408973864677009
2. Multiple Linear,1350,0.00024089738646768333
2. Multiple Linear,1351,0.00024089738646766612
2. Multiple Linear,1352,0.00024089738646764912
2. Multiple Linear,1353,0.00024089738646763245
2. Multiple Linear,1354,0.0002408973864676161
2. Multiple Linear,1355,0.00024089738646759993
2. Multiple Linear,1356,0.000240897386467584
2. Multiple Linear,1357,0.00024089738646756835
2. Multiple Linear,1358,0.00024089738646755298
2. Multiple Linear,1359,0.00024089738646753783
2. Multiple Linear,1360,0.00024089738646752292
2. Multiple Linear,1361,0.00024089738646750829
2. Multiple Linear,1362,0.00024089738646749387
2. Multiple Linear,1363,0.00024089738646747966
2. Multiple Linear,1364,0.0002408973864674657
2. Multiple Linear,1365,0.00024089738646745196
2. Multiple Linear,1366,0.00024089738646743846
2. Multiple Linear,1367,0.00024089738646742515
2. Multiple Linear,1368,0.0002408973864674121
2. Multiple Linear,1369,0.0002408973864673992
2. Multiple Linear,1370,0.00024089738646738653
2. Multiple Linear,1371,0.00024089738646737403
2. Multiple Linear,1372,0.00024089738646736178
2. Multiple Linear,1373,0.00024089738646734972
2. Multiple Linear,1374,0.00024089738646733782
2. Multiple Linear,1375,0.0002408973864673261
2. Multiple Linear,1376,0.00024089738646731465
2. Multiple Linear,1377,0.00024089738646730334
2. Multiple Linear,1378,0.00024089738646729218
2. Multiple Linear,1379,0.00024089738646728125
2. Multiple Linear,1380,0.0002408973864672705
2. Multiple Linear,1381,0.0002408973864672599
2. Multiple Linear,1382,0.00024089738646724943
2. Multiple Linear,1383,0.00024089738646723919
2. Multiple Linear,1384,0.0002408973864672291
2. Multiple Linear,1385,0.00024089738646721918
2. Multiple Linear,1386,0.00024089738646720937
2. Multiple Linear,1387,0.00024089738646719975
2. Multiple Linear,1388,0.0002408973864671903
2. Multiple Linear,1389,0.000240897386467181
2. Multiple Linear,1390,0.00024089738646717183
2. Multiple Linear,1391,0.0002408973864671628
2. Multiple Linear,1392,0.00024089738646715391
2. Multiple Linear,1393,0.00024089738646714524
2. Multiple Linear,1394,0.00024089738646713662
2. Multiple Linear,1395,0.00024089738646712816
2. Multiple Linear,1396,0.00024089738646711984
2. Multiple Linear,1397,0.00024089738646711168
2. Multiple Linear,1398,0.0002408973864671036
2. Multiple Linear,1399,0.0002408973864670957
2. Multiple Linear,1400,0.0002408973864670879
2. Multiple Linear,1401,0.00024089738646708027
2. Multiple Linear,1402,0.00024089738646707265
2. Multiple Linear,1403,0.00024089738646706528
2. Multiple Linear,1404,0.00024089738646705796
2. Multiple Linear,1405,0.00024089738646705075
2. Multiple Linear,1406,0.00024089738646704368
2. Multiple Linear,1407,0.00024089738646703674
2. Multiple Linear,1408,0.0002408973864670299
2. Multiple Linear,1409,0.00024089738646702316
2. Multiple Linear,1410,0.00024089738646701652
2. Multiple Linear,1411,0.00024089738646701
2. Multiple Linear,1412,0.0002408973864670036
2. Multiple Linear,1413,0.00024089738646699733
2. Multiple Linear,1414,0.0002408973864669911
2. Multiple Linear,1415,0.00024089738646698497
2. Multiple Linear,1416,0.00024089738646697898
2. Multiple Linear,1417,0.00024089738646697304
2. Multiple Linear,1418,0.00024089738646696724
2. Multiple Linear,1419,0.00024089738646696147
2. Multiple Linear,1420,0.00024089738646695588
2. Multiple Linear,1421,0.0002408973864669503
2. Multiple Linear,1422,0.00024089738646694485
2. Multiple Linear,1423,0.00024089738646693949
2. Multiple Linear,1424,0.0002408973864669342
2. Multiple Linear,1425,0.00024089738646692897
2. Multiple Linear,1426,0.00024089738646692387
2. Multiple Linear,1427,0.00024089738646691883
2. Multiple Linear,1428,0.00024089738646691393
2. Multiple Linear,1429,0.00024089738646690905
2. Multiple Linear,1430,0.00024089738646690422
2. Multiple Linear,1431,0.0002408973864668995
2. Multiple Linear,1432,0.0002408973864668949
2. Multiple Linear,1433,0.00024089738646689032
2. Multiple Linear,1434,0.0002408973864668858
2. Multiple Linear,1435,0.0002408973864668814
2. Multiple Linear,1436,0.000240897386466877
2. Multiple Linear,1437,0.00024089738646687278
2. Multiple Linear,1438,0.00024089738646686855
2. Multiple Linear,1439,0.0002408973864668644
2. Multiple Linear,1440,0.00024089738646686037
2. Multiple Linear,1441,0.00024089738646685633
2. Multiple Linear,1442,0.0002408973864668524
2. Multiple Linear,1443,0.00024089738646684847
2. Multiple Linear,1444,0.00024089738646684467
2. Multiple Linear,1445,0.00024089738646684093
2. Multiple Linear,1446,0.00024089738646683722
2. Multiple Linear,1447,0.00024089738646683359
2. Multiple Linear,1448,0.00024089738646682998
2. Multiple Linear,1449,0.0002408973864668265
2. Multiple Linear,1450,0.00024089738646682304
2. Multiple Linear,1451,0.0002408973864668196
2. Multiple Linear,1452,0.00024089738646681624
2. Multiple Linear,1453,0.0002408973864668129
2. Multiple Linear,1454,0.0002408973864668097
2. Multiple Linear,1455,0.0002408973864668065
2. Multiple Linear,1456,0.00024089738646680334
2. Multiple Linear,1457,0.00024089738646680025
2. Multiple Linear,1458,0.0002408973864667972
2. Multiple Linear,1459,0.00024089738646679423
2. Multiple Linear,1460,0.00024089738646679128
2. Multiple Linear,1461,0.00024089738646678838
2. Multiple Linear,1462,0.00024089738646678553
2. Multiple Linear,1463,0.00024089738646678268
2. Multiple Linear,1464,0.00024089738646677995
2. Multiple Linear,1465,0.0002408973864667772
2. Multiple Linear,1466,0.00024089738646677455
2. Multiple Linear,1467,0.00024089738646677192
2. Multiple Linear,1468,0.00024089738646676932
2. Multiple Linear,1469,0.00024089738646676677
2. Multiple Linear,1470,0.00024089738646676425
2. Multiple Linear,1471,0.00024089738646676184
2. Multiple Linear,1472,0.00024089738646675937
2. Multiple Linear,1473,0.000240897386466757
2. Multiple Linear,1474,0.00024089738646675463
2. Multiple Linear,1475,0.00024089738646675233
2. Multiple Linear,1476,0.00024089738646675005
2. Multiple Linear,1477,0.0002408973864667478
2. Multiple Linear,1478,0.0002408973864667456
2. Multiple Linear,1479,0.00024089738646674346
2. Multiple Linear,1480,0.00024089738646674132
2. Multiple Linear,1481,0.00024089738646673923
2. Multiple Linear,1482,0.00024089738646673715
2. Multiple Linear,1483,0.00024089738646673511
2. Multiple Linear,1484,0.00024089738646673314
2. Multiple Linear,1485,0.00024089738646673113
2. Multiple Linear,1486,0.0002408973864667292
2. Multiple Linear,1487,0.00024089738646672728
2. Multiple Linear,1488,0.00024089738646672544
2. Multiple Linear,1489,0.0002408973864667236
2. Multiple Linear,1490,0.00024089738646672178
2. Multiple Linear,1491,0.00024089738646672002
2. Multiple Linear,1492,0.00024089738646671823
2. Multiple Linear,1493,0.0002408973864667165
2. Multiple Linear,1494,0.0002408973864667148
2. Multiple Linear,1495,0.00024089738646671313
2. Multiple Linear,1496,0.00024089738646671145
2. Multiple Linear,1497,0.00024089738646670985
2. Multiple Linear,1498,0.00024089738646670828
2. Multiple Linear,1499,0.0002408973864667067
2. Multiple Linear,1500,0.00024089738646670514
2. Multiple Linear,1501,0.00024089738646670367
2. Multiple Linear,1502,0.00024089738646670213
2. Multiple Linear,1503,0.00024089738646670072
2. Multiple Linear,1504,0.00024089738646669923
2. Multiple Linear,1505,0.0002408973864666978
2. Multiple Linear,1506,0.0002408973864666964
2. Multiple Linear,1507,0.00024089738646669505
2. Multiple Linear,1508,0.0002408973864666937
2. Multiple Linear,1509,0.00024089738646669237
2. Multiple Linear,1510,0.00024089738646669107
2. Multiple Linear,1511,0.0002408973864666898
2. Multiple Linear,1512,0.00024089738646668847
2. Multiple Linear,1513,0.00024089738646668722
2. Multiple Linear,1514,0.00024089738646668603
2. Multiple Linear,1515,0.0002408973864666848
2. Multiple Linear,1516,0.00024089738646668361
2. Multiple Linear,1517,0.00024089738646668242
2. Multiple Linear,1518,0.00024089738646668128
2. Multiple Linear,1519,0.00024089738646668017
2. Multiple Linear,1520,0.00024089738646667903
2. Multiple Linear,1521,0.00024089738646667792
2. Multiple Linear,1522,0.00024089738646667686
2. Multiple Linear,1523,0.0002408973864666758
2. Multiple Linear,1524,0.00024089738646667478
2. Multiple Linear,1525,0.00024089738646667372
2. Multiple Linear,1526,0.00024089738646667272
2. Multiple Linear,1527,0.0002408973864666717
2. Multiple Linear,1528,0.00024089738646667074
2. Multiple Linear,1529,0.0002408973864666698
2. Multiple Linear,1530,0.00024089738646666884
2. Multiple Linear,1531,0.00024089738646666787
2. Multiple Linear,1532,0.000240897386466667
2. Multiple Linear,1533,0.00024089738646666608
2. Multiple Linear,1534,0.00024089738646666518
2. Multiple Linear,1535,0.0002408973864666643
2. Multiple Linear,1536,0.00024089738646666342
2. Multiple Linear,1537,0.00024089738646666263
2. Multiple Linear,1538,0.00024089738646666174
2. Multiple Linear,1539,0.00024089738646666095
2. Multiple Linear,1540,0.00024089738646666014
2. Multiple Linear,1541,0.00024089738646665936
2. Multiple Linear,1542,0.00024089738646665854
2. Multiple Linear,1543,0.00024089738646665778
2. Multiple Linear,1544,0.00024089738646665702
2. Multiple Linear,1545,0.0002408973864666563
2. Multiple Linear,1546,0.00024089738646665556
2. Multiple Linear,1547,0.00024089738646665483
2. Multiple Linear,1548,0.00024089738646665412
2. Multiple Linear,1549,0.00024089738646665345
2. Multiple Linear,1550,0.00024089738646665274
2. Multiple Linear,1551,0.0002408973864666521
2. Multiple Linear,1552,0.0002408973864666514
2. Multiple Linear,1553,0.0002408973864666507
2. Multiple Linear,1554,0.0002408973864666501
2. Multiple Linear,1555,0.0002408973864666495
2. Multiple Linear,1556,0.00024089738646664887
2. Multiple Linear,1557,0.00024089738646664821
2. Multiple Linear,1558,0.00024089738646664765
2. Multiple Linear,1559,0.00024089738646664705
2. Multiple Linear,1560,0.00024089738646664648
2. Multiple Linear,1561,0.0002408973864666459
2. Multiple Linear,1562,0.00024089738646664531
2. Multiple Linear,1563,0.00024089738646664475
2. Multiple Linear,1564,0.00024089738646664423
2. Multiple Linear,1565,0.00024089738646664372
2. Multiple Linear,1566,0.00024089738646664317
2. Multiple Linear,1567,0.00024089738646664266
2. Multiple Linear,1568,0.00024089738646664214
2. Multiple Linear,1569,0.00024089738646664163
2. Multiple Linear,1570,0.0002408973864666411
2. Multiple Linear,1571,0.0002408973864666406
2. Multiple Linear,1572,0.00024089738646664014
2. Multiple Linear,1573,0.00024089738646663965
2. Multiple Linear,1574,0.00024089738646663922
2. Multiple Linear,1575,0.00024089738646663876
2. Multiple Linear,1576,0.0002408973864666383
2. Multiple Linear,1577,0.00024089738646663786
2. Multiple Linear,1578,0.00024089738646663745
2. Multiple Linear,1579,0.000240897386466637
2. Multiple Linear,1580,0.0002408973864666366
2. Multiple Linear,1581,0.0002408973864666362
2. Multiple Linear,1582,0.00024089738646663577
2. Multiple Linear,1583,0.00024089738646663537
2. Multiple Linear,1584,0.00024089738646663496
2. Multiple Linear,1585,0.00024089738646663458
2. Multiple Linear,1586,0.0002408973864666342
2. Multiple Linear,1587,0.0002408973864666338
2. Multiple Linear,1588,0.00024089738646663344
2. Multiple Linear,1589,0.00024089738646663306
2. Multiple Linear,1590,0.0002408973864666327
2. Multiple Linear,1591,0.0002408973864666324
2. Multiple Linear,1592,0.000240897386466632
2. Multiple Linear,1593,0.00024089738646663165
2. Multiple Linear,1594,0.00024089738646663136
2. Multiple Linear,1595,0.000240897386466631
2. Multiple Linear,1596,0.00024089738646663065
2. Multiple Linear,1597,0.00024089738646663038
2. Multiple Linear,1598,0.00024089738646663005
2. Multiple Linear,1599,0.00024089738646662973
2. Multiple Linear,1600,0.00024089738646662946
2. Multiple Linear,1601,0.00024089738646662913
2. Multiple Linear,1602,0.0002408973864666288
2. Multiple Linear,1603,0.0002408973864666285
2. Multiple Linear,1604,0.00024089738646662827
2. Multiple Linear,1605,0.00024089738646662797
2. Multiple Linear,1606,0.00024089738646662767
2. Multiple Linear,1607,0.00024089738646662743
2. Multiple Linear,1608,0.00024089738646662718
2. Multiple Linear,1609,0.00024089738646662688
2. Multiple Linear,1610,0.00024089738646662664
2. Multiple Linear,1611,0.00024089738646662637
2. Multiple Linear,1612,0.00024089738646662615
2. Multiple Linear,1613,0.00024089738646662588
2. Multiple Linear,1614,0.00024089738646662564
2. Multiple Linear,1615,0.00024089738646662542
2. Multiple Linear,1616,0.00024089738646662515
2. Multiple Linear,1617,0.00024089738646662493
2. Multiple Linear,1618,0.0002408973864666247
2. Multiple Linear,1619,0.0002408973864666245
2. Multiple Linear,1620,0.00024089738646662425
2. Multiple Linear,1621,0.00024089738646662406
2. Multiple Linear,1622,0.00024089738646662382
2. Multiple Linear,1623,0.00024089738646662363
2. Multiple Linear,1624,0.00024089738646662341
2. Multiple Linear,1625,0.00024089738646662322
2. Multiple Linear,1626,0.000240897386466623
2. Multiple Linear,1627,0.00024089738646662284
2. Multiple Linear,1628,0.00024089738646662263
2. Multiple Linear,1629,0.00024089738646662244
2. Multiple Linear,1630,0.00024089738646662222
2. Multiple Linear,1631,0.00024089738646662203
2. Multiple Linear,1632,0.00024089738646662184
2. Multiple Linear,1633,0.00024089738646662168
2. Multiple Linear,1634,0.00024089738646662152
2. Multiple Linear,1635,0.00024089738646662133
2. Multiple Linear,1636,0.00024089738646662116
2. Multiple Linear,1637,0.00024089738646662103
2. Multiple Linear,1638,0.00024089738646662087
2. Multiple Linear,1639,0.00024089738646662068
2. Multiple Linear,1640,0.0002408973864666205
2. Multiple Linear,1641,0.00024089738646662035
2. Multiple Linear,1642,0.0002408973864666202
2. Multiple Linear,1643,0.00024089738646662005
2. Multiple Linear,1644,0.00024089738646661992
2. Multiple Linear,1645,0.00024089738646661975
2. Multiple Linear,1646,0.0002408973864666196
2. Multiple Linear,1647,0.0002408973864666195
2. Multiple Linear,1648,0.00024089738646661932
2. Multiple Linear,1649,0.00024089738646661919
2. Multiple Linear,1650,0.00024089738646661905
2. Multiple Linear,1651,0.0002408973864666189
2. Multiple Linear,1652,0.00024089738646661878
2. Multiple Linear,1653,0.00024089738646661867
2. Multiple Linear,1654,0.00024089738646661856
2. Multiple Linear,1655,0.0002408973864666184
2. Multiple Linear,1656,0.0002408973864666183
2. Multiple Linear,1657,0.0002408973864666182
2. Multiple Linear,1658,0.00024089738646661802
2. Multiple Linear,1659,0.0002408973864666179
2. Multiple Linear,1660,0.00024089738646661783
2. Multiple Linear,1661,0.00024089738646661767
2. Multiple Linear,1662,0.00024089738646661756
2. Multiple Linear,1663,0.00024089738646661748
2. Multiple Linear,1664,0.0002408973864666174
2. Multiple Linear,1665,0.00024089738646661726
2. Multiple Linear,1666,0.00024089738646661715
2. Multiple Linear,1667,0.00024089738646661704
2. Multiple Linear,1668,0.00024089738646661696
2. Multiple Linear,1669,0.0002408973864666168
2. Multiple Linear,1670,0.00024089738646661675
2. Multiple Linear,1671,0.00024089738646661664
2. Multiple Linear,1672,0.00024089738646661658
2. Multiple Linear,1673,0.00024089738646661647
2. Multiple Linear,1674,0.0002408973864666164
2. Multiple Linear,1675,0.0002408973864666163
2. Multiple Linear,1676,0.00024089738646661623
2. Multiple Linear,1677,0.00024089738646661612
2. Multiple Linear,1678,0.00024089738646661604
2. Multiple Linear,1679,0.00024089738646661593
2. Multiple Linear,1680,0.00024089738646661582
2. Multiple Linear,1681,0.00024089738646661577
2. Multiple Linear,1682,0.00024089738646661572
2. Multiple Linear,1683,0.00024089738646661558
2. Multiple Linear,1684,0.00024089738646661553
2. Multiple Linear,1685,0.00024089738646661544
2. Multiple Linear,1686,0.00024089738646661536
2. Multiple Linear,1687,0.0002408973864666153
2. Multiple Linear,1688,0.00024089738646661526
2. Multiple Linear,1689,0.00024089738646661517
2. Multiple Linear,1690,0.0002408973864666151
2. Multiple Linear,1691,0.00024089738646661498
2. Multiple Linear,1692,0.00024089738646661496
2. Multiple Linear,1693,0.0002408973864666149
2. Multiple Linear,1694,0.00024089738646661482
2. Multiple Linear,1695,0.0002408973864666147
2. Multiple Linear,1696,0.00024089738646661469
2. Multiple Linear,1697,0.00024089738646661463
2. Multiple Linear,1698,0.00024089738646661455
2. Multiple Linear,1699,0.0002408973864666145
2. Multiple Linear,1700,0.00024089738646661444
2. Multiple Linear,1701,0.0002408973864666144
2. Multiple Linear,1702,0.0002408973864666143
2. Multiple Linear,1703,0.00024089738646661425
2. Multiple Linear,1704,0.00024089738646661423
2. Multiple Linear,1705,0.00024089738646661414
2. Multiple Linear,1706,0.00024089738646661412
2. Multiple Linear,1707,0.00024089738646661404
2. Multiple Linear,1708,0.000240897386466614
2. Multiple Linear,1709,0.0002408973864666139
2. Multiple Linear,1710,0.00024089738646661387
2. Multiple Linear,1711,0.00024089738646661382
2. Multiple Linear,1712,0.0002408973864666138
2. Multiple Linear,1713,0.00024089738646661374
2. Multiple Linear,1714,0.0002408973864666137
2. Multiple Linear,1715,0.00024089738646661363
2. Multiple Linear,1716,0.00024089738646661363
2. Multiple Linear,1717,0.00024089738646661355
2. Multiple Linear,1718,0.0002408973864666135
2. Multiple Linear,1719,0.00024089738646661344
2. Multiple Linear,1720,0.00024089738646661338
2. Multiple Linear,1721,0.00024089738646661338
2. Multiple Linear,1722,0.00024089738646661333
2. Multiple Linear,1723,0.0002408973864666133
2. Multiple Linear,1724,0.00024089738646661328
2. Multiple Linear,1725,0.00024089738646661322
2. Multiple Linear,1726,0.00024089738646661317
2. Multiple Linear,1727,0.00024089738646661314
2. Multiple Linear,1728,0.00024089738646661311
2. Multiple Linear,1729,0.00024089738646661303
2. Multiple Linear,1730,0.00024089738646661298
2. Multiple Linear,1731,0.00024089738646661298
2. Multiple Linear,1732,0.00024089738646661292
2. Multiple Linear,1733,0.00024089738646661292
2. Multiple Linear,1734,0.00024089738646661287
2. Multiple Linear,1735,0.00024089738646661284
2. Multiple Linear,1736,0.00024089738646661282
2. Multiple Linear,1737,0.00024089738646661276
2. Multiple Linear,1738,0.00024089738646661273
2. Multiple Linear,1739,0.00024089738646661273
2. Multiple Linear,1740,0.0002408973864666127
2. Multiple Linear,1741,0.00024089738646661263
2. Multiple Linear,1742,0.00024089738646661263
2. Multiple Linear,1743,0.00024089738646661257
2. Multiple Linear,1744,0.00024089738646661252
2. Multiple Linear,1745,0.00024089738646661252
2. Multiple Linear,1746,0.00024089738646661252
2. Multiple Linear,1747,0.0002408973864666125
2. Multiple Linear,1748,0.00024089738646661246
2. Multiple Linear,1749,0.00024089738646661244
2. Multiple Linear,1750,0.0002408973864666124
2. Multiple Linear,1751,0.00024089738646661238
2. Multiple Linear,1752,0.00024089738646661233
2. Multiple Linear,1753,0.00024089738646661233
2. Multiple Linear,1754,0.0002408973864666123
2. Multiple Linear,1755,0.0002408973864666123
2. Multiple Linear,1756,0.00024089738646661227
2. Multiple Linear,1757,0.0002408973864666122
2. Multiple Linear,1758,0.00024089738646661217
2. Multiple Linear,1759,0.00024089738646661217
2. Multiple Linear,1760,0.00024089738646661214
2. Multiple Linear,1761,0.0002408973864666121
2. Multiple Linear,1762,0.0002408973864666121
2. Multiple Linear,1763,0.00024089738646661206
2. Multiple Linear,1764,0.00024089738646661203
2. Multiple Linear,1765,0.00024089738646661208
2. Multiple Linear,1766,0.000240897386466612
2. Multiple Linear,1767,0.000240897386466612
2. Multiple Linear,1768,0.00024089738646661198
2. Multiple Linear,1769,0.00024089738646661195
2. Multiple Linear,1770,0.00024089738646661195
2. Multiple Linear,1771,0.00024089738646661195
2. Multiple Linear,1772,0.0002408973864666119
2. Multiple Linear,1773,0.0002408973864666119
2. Multiple Linear,1774,0.00024089738646661187
2. Multiple Linear,1775,0.0002408973864666118
2. Multiple Linear,1776,0.0002408973864666118
2. Multiple Linear,1777,0.0002408973864666118
2. Multiple Linear,1778,0.00024089738646661176
2. Multiple Linear,1779,0.00024089738646661176
2. Multiple Linear,1780,0.00024089738646661176
2. Multiple Linear,1781,0.00024089738646661173
2. Multiple Linear,1782,0.0002408973864666117
2. Multiple Linear,1783,0.0002408973864666117
2. Multiple Linear,1784,0.0002408973864666117
2. Multiple Linear,1785,0.00024089738646661168
2. Multiple Linear,1786,0.00024089738646661165
2. Multiple Linear,1787,0.00024089738646661165
2. Multiple Linear,1788,0.00024089738646661162
2. Multiple Linear,1789,0.0002408973864666116
2. Multiple Linear,1790,0.0002408973864666116
2. Multiple Linear,1791,0.0002408973864666116
2. Multiple Linear,1792,0.0002408973864666116
2. Multiple Linear,1793,0.00024089738646661154
2. Multiple Linear,1794,0.00024089738646661157
2. Multiple Linear,1795,0.00024089738646661154
2. Multiple Linear,1796,0.00024089738646661154
2. Multiple Linear,1797,0.0002408973864666115
2. Multiple Linear,1798,0.00024089738646661151
2. Multiple Linear,1799,0.0002408973864666115
2. Multiple Linear,1800,0.0002408973864666115
2. Multiple Linear,1801,0.00024089738646661146
2. Multiple Linear,1802,0.00024089738646661146
2. Multiple Linear,1803,0.00024089738646661146
2. Multiple Linear,1804,0.00024089738646661143
2. Multiple Linear,1805,0.00024089738646661146
2. Multiple Linear,1806,0.00024089738646661138
2. Multiple Linear,1807,0.00024089738646661138
2. Multiple Linear,1808,0.00024089738646661138
2. Multiple Linear,1809,0.00024089738646661135
2. Multiple Linear,1810,0.00024089738646661135
2. Multiple Linear,1811,0.00024089738646661135
2. Multiple Linear,1812,0.00024089738646661135
2. Multiple Linear,1813,0.00024089738646661132
2. Multiple Linear,1814,0.00024089738646661135
2. Multiple Linear,1815,0.0002408973864666113
2. Multiple Linear,1816,0.0002408973864666113
2. Multiple Linear,1817,0.0002408973864666113
2. Multiple Linear,1818,0.0002408973864666113
2. Multiple Linear,1819,0.00024089738646661124
2. Multiple Linear,1820,0.00024089738646661127
2. Multiple Linear,1821,0.00024089738646661124
2. Multiple Linear,1822,0.00024089738646661127
2. Multiple Linear,1823,0.00024089738646661124
2. Multiple Linear,1824,0.00024089738646661124
2. Multiple Linear,1825,0.00024089738646661124
2. Multiple Linear,1826,0.00024089738646661122
2. Multiple Linear,1827,0.00024089738646661122
2. Multiple Linear,1828,0.0002408973864666112
2. Multiple Linear,1829,0.0002408973864666112
2. Multiple Linear,1830,0.0002408973864666112
2. Multiple Linear,1831,0.0002408973864666112
2. Multiple Linear,1832,0.00024089738646661116
2. Multiple Linear,1833,0.0002408973864666112
2. Multiple Linear,1834,0.00024089738646661116
2. Multiple Linear,1835,0.00024089738646661116
2. Multiple Linear,1836,0.0002408973864666112
2. Multiple Linear,1837,0.00024089738646661114
2. Multiple Linear,1838,0.00024089738646661114
2. Multiple Linear,1839,0.00024089738646661114
2. Multiple Linear,1840,0.00024089738646661114
2. Multiple Linear,1841,0.00024089738646661114
2. Multiple Linear,1842,0.00024089738646661114
2. Multiple Linear,1843,0.00024089738646661114
2. Multiple Linear,1844,0.0002408973864666111
2. Multiple Linear,1845,0.00024089738646661108
2. Multiple Linear,1846,0.00024089738646661108
2. Multiple Linear,1847,0.00024089738646661108
2. Multiple Linear,1848,0.00024089738646661108
2. Multiple Linear,1849,0.00024089738646661108
2. Multiple Linear,1850,0.00024089738646661105
2. Multiple Linear,1851,0.00024089738646661108
2. Multiple Linear,1852,0.00024089738646661108
2. Multiple Linear,1853,0.00024089738646661105
2. Multiple Linear,1854,0.00024089738646661108
2. Multiple Linear,1855,0.00024089738646661105
2. Multiple Linear,1856,0.00024089738646661103
2. Multiple Linear,1857,0.00024089738646661105
2. Multiple Linear,1858,0.00024089738646661105
2. Multiple Linear,1859,0.00024089738646661105
2. Multiple Linear,1860,0.00024089738646661103
2. Multiple Linear,1861,0.00024089738646661097
2. Multiple Linear,1862,0.00024089738646661103
2. Multiple Linear,1863,0.00024089738646661103
2. Multiple Linear,1864,0.00024089738646661103
2. Multiple Linear,1865,0.00024089738646661103
2. Multiple Linear,1866,0.00024089738646661103
2. Multiple Linear,1867,0.00024089738646661095
2. Multiple Linear,1868,0.00024089738646661097
2. Multiple Linear,1869,0.00024089738646661097
2. Multiple Linear,1870,0.00024089738646661103
2. Multiple Linear,1871,0.00024089738646661097
2. Multiple Linear,1872,0.00024089738646661095
2. Multiple Linear,1873,0.00024089738646661095
2. Multiple Linear,1874,0.00024089738646661095
2. Multiple Linear,1875,0.00024089738646661095
2. Multiple Linear,1876,0.00024089738646661095
2. Multiple Linear,1877,0.00024089738646661095
2. Multiple Linear,1878,0.00024089738646661095
2. Multiple Linear,1879,0.00024089738646661095
2. Multiple Linear,1880,0.00024089738646661095
2. Multiple Linear,1881,0.00024089738646661095
2. Multiple Linear,1882,0.0002408973864666109
2. Multiple Linear,1883,0.00024089738646661092
2. Multiple Linear,1884,0.00024089738646661095
2. Multiple Linear,1885,0.0002408973864666109
2. Multiple Linear,1886,0.00024089738646661092
2. Multiple Linear,1887,0.00024089738646661092
2. Multiple Linear,1888,0.00024089738646661092
2. Multiple Linear,1889,0.0002408973864666109
2. Multiple Linear,1890,0.0002408973864666109
2. Multiple Linear,1891,0.0002408973864666109
2. Multiple Linear,1892,0.00024089738646661092
2. Multiple Linear,1893,0.0002408973864666109
2. Multiple Linear,1894,0.0002408973864666109
2. Multiple Linear,1895,0.0002408973864666109
2. Multiple Linear,1896,0.0002408973864666109
2. Multiple Linear,1897,0.0002408973864666109
2. Multiple Linear,1898,0.00024089738646661092
2. Multiple Linear,1899,0.00024089738646661086
2. Multiple Linear,1900,0.0002408973864666109
2. Multiple Linear,1901,0.0002408973864666109
2. Multiple Linear,1902,0.0002408973864666109
2. Multiple Linear,1903,0.00024089738646661086
2. Multiple Linear,1904,0.0002408973864666109
2. Multiple Linear,1905,0.0002408973864666109
2. Multiple Linear,1906,0.00024089738646661086
2. Multiple Linear,1907,0.00024089738646661086
2. Multiple Linear,1908,0.00024089738646661084
2. Multiple Linear,1909,0.00024089738646661084
2. Multiple Linear,1910,0.0002408973864666109
2. Multiple Linear,1911,0.0002408973864666109
2. Multiple Linear,1912,0.00024089738646661084
2. Multiple Linear,1913,0.00024089738646661084
2. Multiple Linear,1914,0.00024089738646661084
2. Multiple Linear,1915,0.0002408973864666109
2. Multiple Linear,1916,0.00024089738646661084
2. Multiple Linear,1917,0.00024089738646661084
2. Multiple Linear,1918,0.00024089738646661084
2. Multiple Linear,1919,0.00024089738646661084
2. Multiple Linear,1920,0.00024089738646661084
2. Multiple Linear,1921,0.00024089738646661086
2. Multiple Linear,1922,0.00024089738646661084
2. Multiple Linear,1923,0.00024089738646661084
2. Multiple Linear,1924,0.00024089738646661086
2. Multiple Linear,1925,0.00024089738646661084
2. Multiple Linear,1926,0.00024089738646661084
2. Multiple Linear,1927,0.00024089738646661084
2. Multiple Linear,1928,0.0002408973864666108
2. Multiple Linear,1929,0.00024089738646661084
2. Multiple Linear,1930,0.00024089738646661084
2. Multiple Linear,1931,0.00024089738646661084
2. Multiple Linear,1932,0.0002408973864666108
2. Multiple Linear,1933,0.00024089738646661084
2. Multiple Linear,1934,0.00024089738646661078
2. Multiple Linear,1935,0.00024089738646661084
2. Multiple Linear,1936,0.0002408973864666108
2. Multiple Linear,1937,0.0002408973864666108
2. Multiple Linear,1938,0.00024089738646661084
2. Multiple Linear,1939,0.00024089738646661084
2. Multiple Linear,1940,0.0002408973864666108
2. Multiple Linear,1941,0.00024089738646661084
2. Multiple Linear,1942,0.0002408973864666108
2. Multiple Linear,1943,0.00024089738646661084
2. Multiple Linear,1944,0.00024089738646661078
2. Multiple Linear,1945,0.00024089738646661084
2. Multiple Linear,1946,0.00024089738646661078
2. Multiple Linear,1947,0.00024089738646661078
2. Multiple Linear,1948,0.00024089738646661078
2. Multiple Linear,1949,0.0002408973864666108
2. Multiple Linear,1950,0.0002408973864666108
2. Multiple Linear,1951,0.00024089738646661078
2. Multiple Linear,1952,0.0002408973864666108
2. Multiple Linear,1953,0.00024089738646661078
2. Multiple Linear,1954,0.00024089738646661078
2. Multiple Linear,1955,0.00024089738646661078
2. Multiple Linear,1956,0.00024089738646661078
2. Multiple Linear,1957,0.0002408973864666108
2. Multiple Linear,1958,0.0002408973864666108
2. Multiple Linear,1959,0.00024089738646661078
2. Multiple Linear,1960,0.00024089738646661078
2. Multiple Linear,1961,0.0002408973864666108
2. Multiple Linear,1962,0.00024089738646661078
2. Multiple Linear,1963,0.00024089738646661078
2. Multiple Linear,1964,0.00024089738646661078
2. Multiple Linear,1965,0.00024089738646661078
2. Multiple Linear,1966,0.00024089738646661078
2. Multiple Linear,1967,0.00024089738646661078
2. Multiple Linear,1968,0.00024089738646661078
2. Multiple Linear,1969,0.00024089738646661078
2. Multiple Linear,1970,0.00024089738646661078
2. Multiple Linear,1971,0.00024089738646661078
2. Multiple Linear,1972,0.00024089738646661078
2. Multiple Linear,1973,0.00024089738646661078
2. Multiple Linear,1974,0.00024089738646661078
2. Multiple Linear,1975,0.00024089738646661073
2. Multiple Linear,1976,0.00024089738646661078
2. Multiple Linear,1977,0.00024089738646661078
2. Multiple Linear,1978,0.00024089738646661078
2. Multiple Linear,1979,0.00024089738646661078
2. Multiple Linear,1980,0.00024089738646661078
2. Multiple Linear,1981,0.00024089738646661078
2. Multiple Linear,1982,0.00024089738646661076
2. Multiple Linear,1983,0.00024089738646661078
2. Multiple Linear,1984,0.00024089738646661078
2. Multiple Linear,1985,0.00024089738646661078
2. Multiple Linear,1986,0.00024089738646661078
2. Multiple Linear,1987,0.00024089738646661078
2. Multiple Linear,1988,0.00024089738646661078
2. Multiple Linear,1989,0.00024089738646661078
2. Multiple Linear,1990,0.00024089738646661078
2. Multiple Linear,1991,0.00024089738646661078
2. Multiple Linear,1992,0.00024089738646661078
2. Multiple Linear,1993,0.00024089738646661078
2. Multiple Linear,1994,0.00024089738646661078
2. Multiple Linear,1995,0.00024089738646661076
2. Multiple Linear,1996,0.00024089738646661078
2. Multiple Linear,1997,0.00024089738646661078
2. Multiple Linear,1998,0.00024089738646661078
2. Multiple Linear,1999,0.00024089738646661078
2. Multiple Linear,2000,0.00024089738646661078
3. Polynomial (deg 2),1,0.01572300276429131
3. Polynomial (deg 2),2,0.014185801918261685
3. Polynomial (deg 2),3,0.012809702023733653
3. Polynomial (deg 2),4,0.011575520222252392
3. Polynomial (deg 2),5,0.010467065016904444
3. Polynomial (deg 2),6,0.009470469305750663
3. Polynomial (deg 2),7,0.008573717529572502
3. Polynomial (deg 2),8,0.007766302740315252
3. Polynomial (deg 2),9,0.007038971760661098
3. Polynomial (deg 2),10,0.006383530994407938
3. Polynomial (deg 2),11,0.005792694742736223
3. Polynomial (deg 2),12,0.005259963913898423
3. Polynomial (deg 2),13,0.004779526949538954
3. Polynomial (deg 2),14,0.004346177374371065
3. Polynomial (deg 2),15,0.003955244084042034
3. Polynomial (deg 2),16,0.0036025316248397164
3. Polynomial (deg 2),17,0.0032842684856458602
3. Polynomial (deg 2),18,0.00299706194472351
3. Polynomial (deg 2),19,0.002737858374290148
3. Polynomial (deg 2),20,0.0025039081583181472
3. Polynomial (deg 2),21,0.0022927345589537156
3. Polynomial (deg 2),22,0.002102105997624614
3. Polynomial (deg 2),23,0.001930011313733669
3. Polynomial (deg 2),24,0.0017746376370957166
3. Polynomial (deg 2),25,0.0016343505668862926
3. Polynomial (deg 2),26,0.001507676394522641
3. Polynomial (deg 2),27,0.0013932861438063669
3. Polynomial (deg 2),28,0.0012899812310503641
3. Polynomial (deg 2),29,0.001196680572354876
3. Polynomial (deg 2),30,0.0011124089858025956
3. Polynomial (deg 2),31,0.0010362867539165596
3. Polynomial (deg 2),32,0.0009675202268600361
3. Polynomial (deg 2),33,0.0009053933599987468
3. Polynomial (deg 2),34,0.0008492600909311737
3. Polynomial (deg 2),35,0.0007985374711854709
3. Polynomial (deg 2),36,0.0007526994766896111
3. Polynomial (deg 2),37,0.0007112714290120729
3. Polynomial (deg 2),38,0.000673824966380262
3. Polynomial (deg 2),39,0.0006399735097261186
3. Polynomial (deg 2),40,0.0006093681745778981
3. Polynomial (deg 2),41,0.0005816940845944914
3. Polynomial (deg 2),42,0.0005566670469926852
3. Polynomial (deg 2),43,0.0005340305541080302
3. Polynomial (deg 2),44,0.0005135530789080019
3. Polynomial (deg 2),45,0.0004950256354871407
3. Polynomial (deg 2),46,0.00047825957845734347
3. Polynomial (deg 2),47,0.00046308461773740485
3. Polynomial (deg 2),48,0.0004493470275750621
3. Polynomial (deg 2),49,0.0004369080307295747
3. Polynomial (deg 2),50,0.00042564234062751605
3. Polynomial (deg 2),51,0.00041543684600063243
3. Polynomial (deg 2),52,0.0004061894240415992
3. Polynomial (deg 2),53,0.00039780786948852666
3. Polynomial (deg 2),54,0.0003902089282875012
3. Polynomial (deg 2),55,0.000383317425598125
3. Polynomial (deg 2),56,0.0003770654789122477
3. Polynomial (deg 2),57,0.0003713917879619712
3. Polynomial (deg 2),58,0.00036624099390946465
3. Polynomial (deg 2),59,0.0003615631010470984
3. Polynomial (deg 2),60,0.0003573129548998759
3. Polynomial (deg 2),61,0.00035344977122033893
3. Polynomial (deg 2),62,0.0003499367109054996
3. Polynomial (deg 2),63,0.0003467404963517442
3. Polynomial (deg 2),64,0.0003438310652022962
3. Polynomial (deg 2),65,0.00034118125783743237
3. Polynomial (deg 2),66,0.0003387665353144601
3. Polynomial (deg 2),67,0.0003365647247863128
3. Polynomial (deg 2),68,0.00033455578971793796
3. Polynomial (deg 2),69,0.0003327216224815426
3. Polynomial (deg 2),70,0.00033104585714802706
3. Polynomial (deg 2),71,0.0003295137005050713
3. Polynomial (deg 2),72,0.00032811177952463925
3. Polynomial (deg 2),73,0.00032682800367615783
3. Polynomial (deg 2),74,0.00032565144063815475
3. Polynomial (deg 2),75,0.00032457220410237885
3. Polynomial (deg 2),76,0.000323581352491854
3. Polynomial (deg 2),77,0.0003226707975293085
3. Polynomial (deg 2),78,0.00032183322169616977
3. Polynomial (deg 2),79,0.0003210620037159399
3. Polynomial (deg 2),80,0.00032035115128024687
3. Polynomial (deg 2),81,0.00031969524031209856
3. Polynomial (deg 2),82,0.0003190893601296617
3. Polynomial (deg 2),83,0.0003185290639359619
3. Polynomial (deg 2),84,0.0003180103241159255
3. Polynomial (deg 2),85,0.0003175294918727336
3. Polynomial (deg 2),86,0.0003170832607810845
3. Polynomial (deg 2),87,0.0003166686338761278
3. Polynomial (deg 2),88,0.0003162828939339915
3. Polynomial (deg 2),89,0.000315923576633353
3. Polynomial (deg 2),90,0.00031558844631776416
3. Polynomial (deg 2),91,0.0003152754741057543
3. Polynomial (deg 2),92,0.0003149828181203759
3. Polynomial (deg 2),93,0.00031470880563210646
3. Polynomial (deg 2),94,0.00031445191692909097
3. Polynomial (deg 2),95,0.00031421077074682795
3. Polynomial (deg 2),96,0.00031398411110575454
3. Polynomial (deg 2),97,0.0003137707954199411
3. Polynomial (deg 2),98,0.0003135697837534272
3. Polynomial (deg 2),99,0.0003133801291127493
3. Polynomial (deg 2),100,0.00031320096867506184
3. Polynomial (deg 2),101,0.00031303151586104357
3. Polynomial (deg 2),102,0.00031287105317062024
3. Polynomial (deg 2),103,0.00031271892570750986
3. Polynomial (deg 2),104,0.0003125745353257976
3. Polynomial (deg 2),105,0.0003124373353382447
3. Polynomial (deg 2),106,0.0003123068257319002
3. Polynomial (deg 2),107,0.00031218254884187927
3. Polynomial (deg 2),108,0.00031206408543894945
3. Polynomial (deg 2),109,0.00031195105119087726
3. Polynomial (deg 2),110,0.0003118430934613839
3. Polynomial (deg 2),111,0.0003117398884140676
3. Polynomial (deg 2),112,0.0003116411383918266
3. Polynomial (deg 2),113,0.000311546569545176
3. Polynomial (deg 2),114,0.00031145592968543555
3. Polynomial (deg 2),115,0.0003113689863411023
3. Polynomial (deg 2),116,0.00031128552499782176
3. Polynomial (deg 2),117,0.0003112053475042748
3. Polynomial (deg 2),118,0.00031112827062801423
3. Polynomial (deg 2),119,0.0003110541247468305
3. Polynomial (deg 2),120,0.0003109827526626263
3. Polynomial (deg 2),121,0.0003109140085260421
3. Polynomial (deg 2),122,0.0003108477568612118
3. Polynomial (deg 2),123,0.0003107838716810578
3. Polynomial (deg 2),124,0.00031072223568446444
3. Polynomial (deg 2),125,0.00031066273952750305
3. Polynomial (deg 2),126,0.00031060528116164435
3. Polynomial (deg 2),127,0.00031054976523257015
3. Polynomial (deg 2),128,0.0003104961025338212
3. Polynomial (deg 2),129,0.0003104442095100674
3. Polynomial (deg 2),130,0.0003103940078052947
3. Polynomial (deg 2),131,0.00031034542385165463
3. Polynomial (deg 2),132,0.0003102983884951333
3. Polynomial (deg 2),133,0.00031025283665456557
3. Polynomial (deg 2),134,0.00031020870701085673
3. Polynomial (deg 2),135,0.0003101659417235737
3. Polynomial (deg 2),136,0.0003101244861723407
3. Polynomial (deg 2),137,0.0003100842887207226
3. Polynomial (deg 2),138,0.00031004530050049764
3. Polynomial (deg 2),139,0.0003100074752144262
3. Polynomial (deg 2),140,0.0003099707689558005
3. Polynomial (deg 2),141,0.0003099351400432257
3. Polynomial (deg 2),142,0.00030990054886923
3. Polynomial (deg 2),143,0.000309866957761435
3. Polynomial (deg 2),144,0.00030983433085513955
3. Polynomial (deg 2),145,0.0003098026339762769
3. Polynomial (deg 2),146,0.00030977183453380656
3. Polynomial (deg 2),147,0.0003097419014206896
3. Polynomial (deg 2),148,0.00030971280492267514
3. Polynomial (deg 2),149,0.0003096845166342032
3. Polynomial (deg 2),150,0.00030965700938078897
3. Polynomial (deg 2),151,0.00030963025714731747
3. Polynomial (deg 2),152,0.00030960423501172953
3. Polynomial (deg 2),153,0.0003095789190836277
3. Polynomial (deg 2),154,0.00030955428644737577
3. Polynomial (deg 2),155,0.00030953031510930706
3. Polynomial (deg 2),156,0.0003095069839486865
3. Polynomial (deg 2),157,0.000309484272672112
3. Polynomial (deg 2),158,0.00030946216177106376
3. Polynomial (deg 2),159,0.00030944063248233866
3. Polynomial (deg 2),160,0.00030941966675113267
3. Polynomial (deg 2),161,0.0003093992471965533
3. Polynomial (deg 2),162,0.00030937935707936497
3. Polynomial (deg 2),163,0.00030935998027178913
3. Polynomial (deg 2),164,0.0003093411012291936
3. Polynomial (deg 2),165,0.00030932270496352506
3. Polynomial (deg 2),166,0.0003093047770183479
3. Polynomial (deg 2),167,0.00030928730344536605
3. Polynomial (deg 2),168,0.0003092702707823165
3. Polynomial (deg 2),169,0.00030925366603212924
3. Polynomial (deg 2),170,0.0003092374766432636
3. Polynomial (deg 2),171,0.0003092216904911315
3. Polynomial (deg 2),172,0.0003092062958605326
3. Polynomial (deg 2),173,0.0003091912814290268
3. Polynomial (deg 2),174,0.0003091766362511814
3. Polynomial (deg 2),175,0.00030916234974363014
3. Polynomial (deg 2),176,0.00030914841167089066
3. Polynomial (deg 2),177,0.00030913481213189014
3. Polynomial (deg 2),178,0.0003091215415471504
3. Polynomial (deg 2),179,0.000309108590646593
3. Polynomial (deg 2),180,0.0003090959504579219
3. Polynomial (deg 2),181,0.0003090836122955501
3. Polynomial (deg 2),182,0.0003090715677500351
3. Polynomial (deg 2),183,0.00030905980867799364
3. Polynomial (deg 2),184,0.00030904832719246607
3. Polynomial (deg 2),185,0.00030903711565370565
3. Polynomial (deg 2),186,0.0003090261666603668
3. Polynomial (deg 2),187,0.00030901547304107126
3. Polynomial (deg 2),188,0.00030900502784633044
3. Polynomial (deg 2),189,0.0003089948243408042
3. Polynomial (deg 2),190,0.0003089848559958793
3. Polynomial (deg 2),191,0.0003089751164825494
3. Polynomial (deg 2),192,0.0003089655996645823
3. Polynomial (deg 2),193,0.00030895629959195816
3. Polynomial (deg 2),194,0.0003089472104945671
3. Polynomial (deg 2),195,0.00030893832677615185
3. Polynomial (deg 2),196,0.0003089296430084842
3. Polynomial (deg 2),197,0.00030892115392576426
3. Polynomial (deg 2),198,0.0003089128544192315
3. Polynomial (deg 2),199,0.000308904739531979
3. Polynomial (deg 2),200,0.0003088968044539594
3. Polynomial (deg 2),201,0.0003088890445171769
3. Polynomial (deg 2),202,0.0003088814551910544
3. Polynomial (deg 2),203,0.000308874032077969
3. Polynomial (deg 2),204,0.0003088667709089509
3. Polynomial (deg 2),205,0.0003088596675395335
3. Polynomial (deg 2),206,0.0003088527179457541
3. Polynomial (deg 2),207,0.0003088459182202954
3. Polynomial (deg 2),208,0.00030883926456876245
3. Polynomial (deg 2),209,0.0003088327533060915
3. Polynomial (deg 2),210,0.00030882638085308193
3. Polynomial (deg 2),211,0.0003088201437330506
3. Polynomial (deg 2),212,0.00030881403856860006
3. Polynomial (deg 2),213,0.0003088080620784987
3. Polynomial (deg 2),214,0.00030880221107466675
3. Polynomial (deg 2),215,0.00030879648245926564
3. Polynomial (deg 2),216,0.0003087908732218857
3. Polynomial (deg 2),217,0.00030878538043682864
3. Polynomial (deg 2),218,0.00030878000126048155
3. Polynomial (deg 2),219,0.0003087747329287795
3. Polynomial (deg 2),220,0.0003087695727547517
3. Polynomial (deg 2),221,0.0003087645181261506
3. Polynomial (deg 2),222,0.00030875956650315854
3. Polynomial (deg 2),223,0.00030875471541617097
3. Polynomial (deg 2),224,0.00030874996246365286
3. Polynomial (deg 2),225,0.0003087453053100649
3. Polynomial (deg 2),226,0.00030874074168385816
3. Polynomial (deg 2),227,0.0003087362693755344
3. Polynomial (deg 2),228,0.00030873188623576904
3. Polynomial (deg 2),229,0.00030872759017359637
3. Polynomial (deg 2),230,0.00030872337915465207
3. Polynomial (deg 2),231,0.00030871925119947387
3. Polynomial (deg 2),232,0.00030871520438185664
3. Polynomial (deg 2),233,0.00030871123682726026
3. Polynomial (deg 2),234,0.00030870734671126877
3. Polynomial (deg 2),235,0.00030870353225809964
3. Polynomial (deg 2),236,0.00030869979173915943
3. Polynomial (deg 2),237,0.00030869612347164655
3. Polynomial (deg 2),238,0.0003086925258171985
3. Polynomial (deg 2),239,0.0003086889971805816
3. Polynomial (deg 2),240,0.0003086855360084229
3. Polynomial (deg 2),241,0.0003086821407879816
3. Polynomial (deg 2),242,0.0003086788100459603
3. Polynomial (deg 2),243,0.0003086755423473526
3. Polynomial (deg 2),244,0.00030867233629432763
3. Polynomial (deg 2),245,0.00030866919052515004
3. Polynomial (deg 2),246,0.0003086661037131329
3. Polynomial (deg 2),247,0.000308663074565624
3. Polynomial (deg 2),248,0.00030866010182302396
3. Polynomial (deg 2),249,0.0003086571842578347
3. Polynomial (deg 2),250,0.0003086543206737373
3. Polynomial (deg 2),251,0.00030865150990469937
3. Polynomial (deg 2),252,0.000308648750814109
3. Polynomial (deg 2),253,0.0003086460422939367
3. Polynomial (deg 2),254,0.00030864338326392216
3. Polynomial (deg 2),255,0.0003086407726707871
3. Polynomial (deg 2),256,0.0003086382094874716
3. Polynomial (deg 2),257,0.00030863569271239453
3. Polynomial (deg 2),258,0.0003086332213687359
3. Polynomial (deg 2),259,0.00030863079450374204
3. Polynomial (deg 2),260,0.00030862841118805195
3. Polynomial (deg 2),261,0.00030862607051504324
3. Polynomial (deg 2),262,0.0003086237716001993
3. Polynomial (deg 2),263,0.00030862151358049505
3. Polynomial (deg 2),264,0.0003086192956138011
3. Polynomial (deg 2),265,0.00030861711687830675
3. Polynomial (deg 2),266,0.00030861497657195977
3. Polynomial (deg 2),267,0.0003086128739119233
3. Polynomial (deg 2),268,0.00030861080813404933
3. Polynomial (deg 2),269,0.00030860877849236767
3. Polynomial (deg 2),270,0.0003086067842585907
3. Polynomial (deg 2),271,0.0003086048247216322
3. Polynomial (deg 2),272,0.00030860289918714184
3. Polynomial (deg 2),273,0.00030860100697705206
3. Polynomial (deg 2),274,0.0003085991474291396
3. Polynomial (deg 2),275,0.0003085973198965998
3. Polynomial (deg 2),276,0.00030859552374763315
3. Polynomial (deg 2),277,0.00030859375836504423
3. Polynomial (deg 2),278,0.000308592023145853
3. Polynomial (deg 2),279,0.00030859031750091724
3. Polynomial (deg 2),280,0.0003085886408545653
3. Polynomial (deg 2),281,0.0003085869926442415
3. Polynomial (deg 2),282,0.00030858537232015973
3. Polynomial (deg 2),283,0.00030858377934496944
3. Polynomial (deg 2),284,0.00030858221319342885
3. Polynomial (deg 2),285,0.0003085806733520905
3. Polynomial (deg 2),286,0.00030857915931899334
3. Polynomial (deg 2),287,0.00030857767060336557
3. Polynomial (deg 2),288,0.00030857620672533533
3. Polynomial (deg 2),289,0.0003085747672156496
3. Polynomial (deg 2),290,0.0003085733516154018
3. Polynomial (deg 2),291,0.0003085719594757665
3. Polynomial (deg 2),292,0.00030857059035774254
3. Polynomial (deg 2),293,0.0003085692438319026
3. Polynomial (deg 2),294,0.0003085679194781509
3. Polynomial (deg 2),295,0.00030856661688548695
3. Polynomial (deg 2),296,0.0003085653356517767
3. Polynomial (deg 2),297,0.0003085640753835294
3. Polynomial (deg 2),298,0.0003085628356956818
3. Polynomial (deg 2),299,0.0003085616162113873
3. Polynomial (deg 2),300,0.00030856041656181227
3. Polynomial (deg 2),301,0.00030855923638593684
3. Polynomial (deg 2),302,0.00030855807533036224
3. Polynomial (deg 2),303,0.000308556933049123
3. Polynomial (deg 2),304,0.0003085558092035047
3. Polynomial (deg 2),305,0.00030855470346186645
3. Polynomial (deg 2),306,0.00030855361549946865
3. Polynomial (deg 2),307,0.0003085525449983053
3. Polynomial (deg 2),308,0.00030855149164694083
3. Polynomial (deg 2),309,0.0003085504551403521
3. Polynomial (deg 2),310,0.00030854943517977354
3. Polynomial (deg 2),311,0.00030854843147254765
3. Polynomial (deg 2),312,0.0003085474437319792
3. Polynomial (deg 2),313,0.0003085464716771931
3. Polynomial (deg 2),314,0.0003085455150329965
3. Polynomial (deg 2),315,0.00030854457352974464
3. Polynomial (deg 2),316,0.0003085436469032099
3. Polynomial (deg 2),317,0.00030854273489445516
3. Polynomial (deg 2),318,0.0003085418372497096
3. Polynomial (deg 2),319,0.00030854095372024855
3. Polynomial (deg 2),320,0.0003085400840622764
3. Polynomial (deg 2),321,0.0003085392280368123
3. Polynomial (deg 2),322,0.0003085383854095794
3. Polynomial (deg 2),323,0.0003085375559508967
3. Polynomial (deg 2),324,0.00030853673943557374
3. Polynomial (deg 2),325,0.000308535935642808
3. Polynomial (deg 2),326,0.0003085351443560858
3. Polynomial (deg 2),327,0.00030853436536308447
3. Polynomial (deg 2),328,0.0003085335984555779
3. Polynomial (deg 2),329,0.0003085328434293447
3. Polynomial (deg 2),330,0.0003085321000840781
3. Polynomial (deg 2),331,0.00030853136822329877
3. Polynomial (deg 2),332,0.00030853064765426957
3. Polynomial (deg 2),333,0.0003085299381879124
3. Polynomial (deg 2),334,0.00030852923963872763
3. Polynomial (deg 2),335,0.0003085285518247153
3. Polynomial (deg 2),336,0.000308527874567298
3. Polynomial (deg 2),337,0.0003085272076912465
3. Polynomial (deg 2),338,0.00030852655102460636
3. Polynomial (deg 2),339,0.0003085259043986275
3. Polynomial (deg 2),340,0.0003085252676476942
3. Polynomial (deg 2),341,0.00030852464060925777
3. Polynomial (deg 2),342,0.00030852402312377114
3. Polynomial (deg 2),343,0.00030852341503462386
3. Polynomial (deg 2),344,0.00030852281618808016
3. Polynomial (deg 2),345,0.0003085222264332174
3. Polynomial (deg 2),346,0.0003085216456218667
3. Polynomial (deg 2),347,0.00030852107360855477
3. Polynomial (deg 2),348,0.0003085205102504475
3. Polynomial (deg 2),349,0.00030851995540729423
3. Polynomial (deg 2),350,0.00030851940894137414
3. Polynomial (deg 2),351,0.0003085188707174434
3. Polynomial (deg 2),352,0.00030851834060268395
3. Polynomial (deg 2),353,0.0003085178184666533
3. Polynomial (deg 2),354,0.0003085173041812359
3. Polynomial (deg 2),355,0.0003085167976205949
3. Polynomial (deg 2),356,0.0003085162986611257
3. Polynomial (deg 2),357,0.00030851580718141083
3. Polynomial (deg 2),358,0.00030851532306217514
3. Polynomial (deg 2),359,0.00030851484618624246
3. Polynomial (deg 2),360,0.00030851437643849357
3. Polynomial (deg 2),361,0.0003085139137058245
3. Polynomial (deg 2),362,0.0003085134578771062
3. Polynomial (deg 2),363,0.0003085130088431454
3. Polynomial (deg 2),364,0.00030851256649664586
3. Polynomial (deg 2),365,0.0003085121307321704
3. Polynomial (deg 2),366,0.0003085117014461051
3. Polynomial (deg 2),367,0.00030851127853662234
3. Polynomial (deg 2),368,0.00030851086190364623
3. Polynomial (deg 2),369,0.00030851045144881834
3. Polynomial (deg 2),370,0.0003085100470754642
3. Polynomial (deg 2),371,0.00030850964868856017
3. Polynomial (deg 2),372,0.00030850925619470173
3. Polynomial (deg 2),373,0.0003085088695020725
3. Polynomial (deg 2),374,0.00030850848852041307
3. Polynomial (deg 2),375,0.0003085081131609914
3. Polynomial (deg 2),376,0.00030850774333657363
3. Polynomial (deg 2),377,0.0003085073789613952
3. Polynomial (deg 2),378,0.0003085070199511334
3. Polynomial (deg 2),379,0.00030850666622287955
3. Polynomial (deg 2),380,0.00030850631769511246
3. Polynomial (deg 2),381,0.0003085059742876725
3. Polynomial (deg 2),382,0.00030850563592173556
3. Polynomial (deg 2),383,0.0003085053025197885
3. Polynomial (deg 2),384,0.0003085049740056041
3. Polynomial (deg 2),385,0.000308504650304218
3. Polynomial (deg 2),386,0.0003085043313419043
3. Polynomial (deg 2),387,0.00030850401704615325
3. Polynomial (deg 2),388,0.00030850370734564864
3. Polynomial (deg 2),389,0.0003085034021702457
3. Polynomial (deg 2),390,0.00030850310145094976
3. Polynomial (deg 2),391,0.0003085028051198955
3. Polynomial (deg 2),392,0.00030850251311032555
3. Polynomial (deg 2),393,0.000308502225356571
3. Polynomial (deg 2),394,0.0003085019417940317
3. Polynomial (deg 2),395,0.0003085016623591564
3. Polynomial (deg 2),396,0.0003085013869894243
3. Polynomial (deg 2),397,0.00030850111562332627
3. Polynomial (deg 2),398,0.0003085008482003468
3. Polynomial (deg 2),399,0.0003085005846609463
3. Polynomial (deg 2),400,0.0003085003249465434
3. Polynomial (deg 2),401,0.00030850006899949824
3. Polynomial (deg 2),402,0.00030849981676309547
3. Polynomial (deg 2),403,0.0003084995681815283
3. Polynomial (deg 2),404,0.0003084993231998817
3. Polynomial (deg 2),405,0.00030849908176411756
3. Polynomial (deg 2),406,0.00030849884382105886
3. Polynomial (deg 2),407,0.0003084986093183745
3. Polynomial (deg 2),408,0.00030849837820456466
3. Polynomial (deg 2),409,0.0003084981504289464
3. Polynomial (deg 2),410,0.00030849792594163903
3. Polynomial (deg 2),411,0.00030849770469355104
3. Polynomial (deg 2),412,0.00030849748663636545
3. Polynomial (deg 2),413,0.00030849727172252704
3. Polynomial (deg 2),414,0.000308497059905229
3. Polynomial (deg 2),415,0.0003084968511384003
3. Polynomial (deg 2),416,0.0003084966453766929
3. Polynomial (deg 2),417,0.00030849644257546934
3. Polynomial (deg 2),418,0.00030849624269079065
3. Polynomial (deg 2),419,0.00030849604567940466
3. Polynomial (deg 2),420,0.0003084958514987341
3. Polynomial (deg 2),421,0.0003084956601068652
3. Polynomial (deg 2),422,0.00030849547146253643
3. Polynomial (deg 2),423,0.00030849528552512773
3. Polynomial (deg 2),424,0.0003084951022546495
3. Polynomial (deg 2),425,0.0003084949216117319
3. Polynomial (deg 2),426,0.0003084947435576148
3. Polynomial (deg 2),427,0.0003084945680541373
3. Polynomial (deg 2),428,0.0003084943950637278
3. Polynomial (deg 2),429,0.0003084942245493943
3. Polynomial (deg 2),430,0.0003084940564747145
3. Polynomial (deg 2),431,0.00030849389080382655
3. Polynomial (deg 2),432,0.0003084937275014198
3. Polynomial (deg 2),433,0.0003084935665327256
3. Polynomial (deg 2),434,0.0003084934078635083
3. Polynomial (deg 2),435,0.0003084932514600565
3. Polynomial (deg 2),436,0.00030849309728917467
3. Polynomial (deg 2),437,0.0003084929453181741
3. Polynomial (deg 2),438,0.0003084927955148656
3. Polynomial (deg 2),439,0.00030849264784755035
3. Polynomial (deg 2),440,0.00030849250228501214
3. Polynomial (deg 2),441,0.0003084923587965101
3. Polynomial (deg 2),442,0.00030849221735177
3. Polynomial (deg 2),443,0.0003084920779209778
3. Polynomial (deg 2),444,0.0003084919404747712
3. Polynomial (deg 2),445,0.0003084918049842328
3. Polynomial (deg 2),446,0.000308491671420883
3. Polynomial (deg 2),447,0.00030849153975667277
3. Polynomial (deg 2),448,0.0003084914099639767
3. Polynomial (deg 2),449,0.00030849128201558627
3. Polynomial (deg 2),450,0.00030849115588470313
3. Polynomial (deg 2),451,0.00030849103154493283
3. Polynomial (deg 2),452,0.0003084909089702777
3. Polynomial (deg 2),453,0.0003084907881351312
3. Polynomial (deg 2),454,0.00030849066901427125
3. Polynomial (deg 2),455,0.00030849055158285434
3. Polynomial (deg 2),456,0.00030849043581640957
3. Polynomial (deg 2),457,0.0003084903216908324
3. Polynomial (deg 2),458,0.0003084902091823791
3. Polynomial (deg 2),459,0.0003084900982676613
3. Polynomial (deg 2),460,0.0003084899889236397
3. Polynomial (deg 2),461,0.00030848988112761917
3. Polynomial (deg 2),462,0.00030848977485724315
3. Polynomial (deg 2),463,0.0003084896700904883
3. Polynomial (deg 2),464,0.00030848956680565916
3. Polynomial (deg 2),465,0.00030848946498138316
3. Polynomial (deg 2),466,0.00030848936459660573
3. Polynomial (deg 2),467,0.0003084892656305847
3. Polynomial (deg 2),468,0.00030848916806288637
3. Polynomial (deg 2),469,0.00030848907187337965
3. Polynomial (deg 2),470,0.0003084889770422324
3. Polynomial (deg 2),471,0.00030848888354990586
3. Polynomial (deg 2),472,0.0003084887913771506
3. Polynomial (deg 2),473,0.00030848870050500203
3. Polynomial (deg 2),474,0.00030848861091477574
3. Polynomial (deg 2),475,0.00030848852258806347
3. Polynomial (deg 2),476,0.0003084884355067285
3. Polynomial (deg 2),477,0.0003084883496529016
3. Polynomial (deg 2),478,0.00030848826500897726
3. Polynomial (deg 2),479,0.00030848818155760894
3. Polynomial (deg 2),480,0.0003084880992817057
3. Polynomial (deg 2),481,0.0003084880181644279
3. Polynomial (deg 2),482,0.0003084879381891835
3. Polynomial (deg 2),483,0.0003084878593396242
3. Polynomial (deg 2),484,0.00030848778159964186
3. Polynomial (deg 2),485,0.0003084877049533645
3. Polynomial (deg 2),486,0.00030848762938515313
3. Polynomial (deg 2),487,0.0003084875548795978
3. Polynomial (deg 2),488,0.00030848748142151434
3. Polynomial (deg 2),489,0.00030848740899594077
3. Polynomial (deg 2),490,0.0003084873375881342
3. Polynomial (deg 2),491,0.0003084872671835671
3. Polynomial (deg 2),492,0.00030848719776792414
3. Polynomial (deg 2),493,0.0003084871293270993
3. Polynomial (deg 2),494,0.00030848706184719233
3. Polynomial (deg 2),495,0.00030848699531450585
3. Polynomial (deg 2),496,0.00030848692971554203
3. Polynomial (deg 2),497,0.00030848686503699973
3. Polynomial (deg 2),498,0.0003084868012657718
3. Polynomial (deg 2),499,0.00030848673838894164
3. Polynomial (deg 2),500,0.0003084866763937805
3. Polynomial (deg 2),501,0.00030848661526774513
3. Polynomial (deg 2),502,0.0003084865549984741
3. Polynomial (deg 2),503,0.0003084864955737858
3. Polynomial (deg 2),504,0.0003084864369816755
3. Polynomial (deg 2),505,0.0003084863792103127
3. Polynomial (deg 2),506,0.00030848632224803827
3. Polynomial (deg 2),507,0.00030848626608336233
3. Polynomial (deg 2),508,0.0003084862107049616
3. Polynomial (deg 2),509,0.00030848615610167647
3. Polynomial (deg 2),510,0.00030848610226250913
3. Polynomial (deg 2),511,0.000308486049176621
3. Polynomial (deg 2),512,0.00030848599683333
3. Polynomial (deg 2),513,0.0003084859452221087
3. Polynomial (deg 2),514,0.0003084858943325817
3. Polynomial (deg 2),515,0.00030848584415452346
3. Polynomial (deg 2),516,0.0003084857946778562
3. Polynomial (deg 2),517,0.0003084857458926475
3. Polynomial (deg 2),518,0.0003084856977891082
3. Polynomial (deg 2),519,0.0003084856503575902
3. Polynomial (deg 2),520,0.0003084856035885848
3. Polynomial (deg 2),521,0.00030848555747271995
3. Polynomial (deg 2),522,0.00030848551200075885
3. Polynomial (deg 2),523,0.00030848546716359736
3. Polynomial (deg 2),524,0.0003084854229522627
3. Polynomial (deg 2),525,0.00030848537935791075
3. Polynomial (deg 2),526,0.0003084853363718249
3. Polynomial (deg 2),527,0.00030848529398541386
3. Polynomial (deg 2),528,0.0003084852521902095
3. Polynomial (deg 2),529,0.0003084852109778654
3. Polynomial (deg 2),530,0.00030848517034015507
3. Polynomial (deg 2),531,0.00030848513026897
3. Polynomial (deg 2),532,0.00030848509075631793
3. Polynomial (deg 2),533,0.00030848505179432154
3. Polynomial (deg 2),534,0.00030848501337521597
3. Polynomial (deg 2),535,0.00030848497549134795
3. Polynomial (deg 2),536,0.00030848493813517375
3. Polynomial (deg 2),537,0.0003084849012992577
3. Polynomial (deg 2),538,0.0003084848649762706
3. Polynomial (deg 2),539,0.00030848482915898787
3. Polynomial (deg 2),540,0.0003084847938402888
3. Polynomial (deg 2),541,0.000308484759013154
3. Polynomial (deg 2),542,0.00030848472467066466
3. Polynomial (deg 2),543,0.0003084846908060008
3. Polynomial (deg 2),544,0.00030848465741243995
3. Polynomial (deg 2),545,0.00030848462448335547
3. Polynomial (deg 2),546,0.00030848459201221565
3. Polynomial (deg 2),547,0.0003084845599925817
3. Polynomial (deg 2),548,0.00030848452841810667
3. Polynomial (deg 2),549,0.0003084844972825344
3. Polynomial (deg 2),550,0.0003084844665796978
3. Polynomial (deg 2),551,0.00030848443630351766
3. Polynomial (deg 2),552,0.00030848440644800143
3. Polynomial (deg 2),553,0.000308484377007242
3. Polynomial (deg 2),554,0.0003084843479754162
3. Polynomial (deg 2),555,0.000308484319346784
3. Polynomial (deg 2),556,0.00030848429111568693
3. Polynomial (deg 2),557,0.00030848426327654703
3. Polynomial (deg 2),558,0.0003084842358238656
3. Polynomial (deg 2),559,0.0003084842087522225
3. Polynomial (deg 2),560,0.00030848418205627434
3. Polynomial (deg 2),561,0.00030848415573075363
3. Polynomial (deg 2),562,0.00030848412977046795
3. Polynomial (deg 2),563,0.00030848410417029835
3. Polynomial (deg 2),564,0.000308484078925199
3. Polynomial (deg 2),565,0.00030848405403019534
3. Polynomial (deg 2),566,0.0003084840294803834
3. Polynomial (deg 2),567,0.00030848400527092913
3. Polynomial (deg 2),568,0.00030848398139706677
3. Polynomial (deg 2),569,0.0003084839578540983
3. Polynomial (deg 2),570,0.0003084839346373921
3. Polynomial (deg 2),571,0.00030848391174238246
3. Polynomial (deg 2),572,0.0003084838891645682
3. Polynomial (deg 2),573,0.00030848386689951205
3. Polynomial (deg 2),574,0.00030848384494283946
3. Polynomial (deg 2),575,0.00030848382329023787
3. Polynomial (deg 2),576,0.0003084838019374558
3. Polynomial (deg 2),577,0.00030848378088030196
3. Polynomial (deg 2),578,0.0003084837601146442
3. Polynomial (deg 2),579,0.00030848373963640905
3. Polynomial (deg 2),580,0.00030848371944158055
3. Polynomial (deg 2),581,0.00030848369952619963
3. Polynomial (deg 2),582,0.0003084836798863629
3. Polynomial (deg 2),583,0.00030848366051822255
3. Polynomial (deg 2),584,0.00030848364141798466
3. Polynomial (deg 2),585,0.00030848362258190944
3. Polynomial (deg 2),586,0.00030848360400630945
3. Polynomial (deg 2),587,0.0003084835856875495
3. Polynomial (deg 2),588,0.00030848356762204596
3. Polynomial (deg 2),589,0.00030848354980626526
3. Polynomial (deg 2),590,0.0003084835322367243
3. Polynomial (deg 2),591,0.0003084835149099885
3. Polynomial (deg 2),592,0.0003084834978226721
3. Polynomial (deg 2),593,0.0003084834809714372
3. Polynomial (deg 2),594,0.0003084834643529926
3. Polynomial (deg 2),595,0.00030848344796409363
3. Polynomial (deg 2),596,0.0003084834318015415
3. Polynomial (deg 2),597,0.00030848341586218233
3. Polynomial (deg 2),598,0.00030848340014290657
3. Polynomial (deg 2),599,0.0003084833846406488
3. Polynomial (deg 2),600,0.00030848336935238637
3. Polynomial (deg 2),601,0.0003084833542751396
3. Polynomial (deg 2),602,0.0003084833394059703
3. Polynomial (deg 2),603,0.0003084833247419819
3. Polynomial (deg 2),604,0.0003084833102803186
3. Polynomial (deg 2),605,0.0003084832960181647
3. Polynomial (deg 2),606,0.0003084832819527441
3. Polynomial (deg 2),607,0.00030848326808131964
3. Polynomial (deg 2),608,0.00030848325440119284
3. Polynomial (deg 2),609,0.000308483240909703
3. Polynomial (deg 2),610,0.00030848322760422683
3. Polynomial (deg 2),611,0.00030848321448217797
3. Polynomial (deg 2),612,0.00030848320154100634
3. Polynomial (deg 2),613,0.00030848318877819774
3. Polynomial (deg 2),614,0.00030848317619127296
3. Polynomial (deg 2),615,0.0003084831637777881
3. Polynomial (deg 2),616,0.0003084831515353333
3. Polynomial (deg 2),617,0.00030848313946153235
3. Polynomial (deg 2),618,0.0003084831275540428
3. Polynomial (deg 2),619,0.00030848311581055474
3. Polynomial (deg 2),620,0.00030848310422879055
3. Polynomial (deg 2),621,0.000308483092806505
3. Polynomial (deg 2),622,0.00030848308154148404
3. Polynomial (deg 2),623,0.00030848307043154473
3. Polynomial (deg 2),624,0.00030848305947453453
3. Polynomial (deg 2),625,0.00030848304866833143
3. Polynomial (deg 2),626,0.000308483038010843
3. Polynomial (deg 2),627,0.0003084830275000058
3. Polynomial (deg 2),628,0.0003084830171337859
3. Polynomial (deg 2),629,0.00030848300691017737
3. Polynomial (deg 2),630,0.0003084829968272026
3. Polynomial (deg 2),631,0.00030848298688291155
3. Polynomial (deg 2),632,0.00030848297707538144
3. Polynomial (deg 2),633,0.0003084829674027167
3. Polynomial (deg 2),634,0.00030848295786304784
3. Polynomial (deg 2),635,0.0003084829484545319
3. Polynomial (deg 2),636,0.0003084829391753515
3. Polynomial (deg 2),637,0.0003084829300237146
3. Polynomial (deg 2),638,0.00030848292099785454
3. Polynomial (deg 2),639,0.00030848291209602913
3. Polynomial (deg 2),640,0.00030848290331652044
3. Polynomial (deg 2),641,0.0003084828946576347
3. Polynomial (deg 2),642,0.0003084828861177019
3. Polynomial (deg 2),643,0.0003084828776950751
3. Polynomial (deg 2),644,0.00030848286938813067
3. Polynomial (deg 2),645,0.0003084828611952673
3. Polynomial (deg 2),646,0.00030848285311490647
3. Polynomial (deg 2),647,0.00030848284514549136
3. Polynomial (deg 2),648,0.00030848283728548693
3. Polynomial (deg 2),649,0.0003084828295333797
3. Polynomial (deg 2),650,0.00030848282188767733
3. Polynomial (deg 2),651,0.00030848281434690816
3. Polynomial (deg 2),652,0.0003084828069096211
3. Polynomial (deg 2),653,0.0003084827995743853
3. Polynomial (deg 2),654,0.00030848279233979003
3. Polynomial (deg 2),655,0.00030848278520444395
3. Polynomial (deg 2),656,0.00030848277816697547
3. Polynomial (deg 2),657,0.00030848277122603166
3. Polynomial (deg 2),658,0.0003084827643802789
3. Polynomial (deg 2),659,0.00030848275762840186
3. Polynomial (deg 2),660,0.00030848275096910386
3. Polynomial (deg 2),661,0.00030848274440110587
3. Polynomial (deg 2),662,0.00030848273792314685
3. Polynomial (deg 2),663,0.0003084827315339836
3. Polynomial (deg 2),664,0.0003084827252323899
3. Polynomial (deg 2),665,0.00030848271901715653
3. Polynomial (deg 2),666,0.0003084827128870915
3. Polynomial (deg 2),667,0.0003084827068410191
3. Polynomial (deg 2),668,0.0003084827008777801
3. Polynomial (deg 2),669,0.00030848269499623136
3. Polynomial (deg 2),670,0.00030848268919524564
3. Polynomial (deg 2),671,0.00030848268347371144
3. Polynomial (deg 2),672,0.0003084826778305328
3. Polynomial (deg 2),673,0.0003084826722646288
3. Polynomial (deg 2),674,0.00030848266677493367
3. Polynomial (deg 2),675,0.00030848266136039636
3. Polynomial (deg 2),676,0.00030848265601998064
3. Polynomial (deg 2),677,0.00030848265075266454
3. Polynomial (deg 2),678,0.0003084826455574404
3. Polynomial (deg 2),679,0.0003084826404333142
3. Polynomial (deg 2),680,0.00030848263537930636
3. Polynomial (deg 2),681,0.00030848263039445035
3. Polynomial (deg 2),682,0.0003084826254777934
3. Polynomial (deg 2),683,0.0003084826206283958
3. Polynomial (deg 2),684,0.00030848261584533095
3. Polynomial (deg 2),685,0.00030848261112768514
3. Polynomial (deg 2),686,0.00030848260647455727
3. Polynomial (deg 2),687,0.00030848260188505894
3. Polynomial (deg 2),688,0.00030848259735831386
3. Polynomial (deg 2),689,0.00030848259289345786
3. Polynomial (deg 2),690,0.0003084825884896392
3. Polynomial (deg 2),691,0.0003084825841460174
3. Polynomial (deg 2),692,0.0003084825798617641
3. Polynomial (deg 2),693,0.00030848257563606204
3. Polynomial (deg 2),694,0.0003084825714681055
3. Polynomial (deg 2),695,0.0003084825673571
3. Polynomial (deg 2),696,0.000308482563302262
3. Polynomial (deg 2),697,0.00030848255930281875
3. Polynomial (deg 2),698,0.00030848255535800834
3. Polynomial (deg 2),699,0.00030848255146707926
3. Polynomial (deg 2),700,0.00030848254762929066
3. Polynomial (deg 2),701,0.0003084825438439117
3. Polynomial (deg 2),702,0.0003084825401102218
3. Polynomial (deg 2),703,0.00030848253642751044
3. Polynomial (deg 2),704,0.0003084825327950768
3. Polynomial (deg 2),705,0.0003084825292122297
3. Polynomial (deg 2),706,0.00030848252567828785
3. Polynomial (deg 2),707,0.00030848252219257906
3. Polynomial (deg 2),708,0.0003084825187544406
3. Polynomial (deg 2),709,0.0003084825153632189
3. Polynomial (deg 2),710,0.0003084825120182694
3. Polynomial (deg 2),711,0.0003084825087189566
3. Polynomial (deg 2),712,0.0003084825054646536
3. Polynomial (deg 2),713,0.00030848250225474236
3. Polynomial (deg 2),714,0.0003084824990886131
3. Polynomial (deg 2),715,0.0003084824959656649
3. Polynomial (deg 2),716,0.0003084824928853048
3. Polynomial (deg 2),717,0.0003084824898469481
3. Polynomial (deg 2),718,0.0003084824868500184
3. Polynomial (deg 2),719,0.0003084824838939471
3. Polynomial (deg 2),720,0.00030848248097817336
3. Polynomial (deg 2),721,0.0003084824781021444
3. Polynomial (deg 2),722,0.00030848247526531474
3. Polynomial (deg 2),723,0.00030848247246714663
3. Polynomial (deg 2),724,0.00030848246970710986
3. Polynomial (deg 2),725,0.0003084824669846813
3. Polynomial (deg 2),726,0.000308482464299345
3. Polynomial (deg 2),727,0.00030848246165059254
3. Polynomial (deg 2),728,0.00030848245903792215
3. Polynomial (deg 2),729,0.00030848245646083913
3. Polynomial (deg 2),730,0.00030848245391885563
3. Polynomial (deg 2),731,0.00030848245141149044
3. Polynomial (deg 2),732,0.0003084824489382692
3. Polynomial (deg 2),733,0.00030848244649872374
3. Polynomial (deg 2),734,0.0003084824440923928
3. Polynomial (deg 2),735,0.00030848244171882103
3. Polynomial (deg 2),736,0.0003084824393775597
3. Polynomial (deg 2),737,0.0003084824370681662
3. Polynomial (deg 2),738,0.0003084824347902039
3. Polynomial (deg 2),739,0.0003084824325432424
3. Polynomial (deg 2),740,0.000308482430326857
3. Polynomial (deg 2),741,0.000308482428140629
3. Polynomial (deg 2),742,0.00030848242598414553
3. Polynomial (deg 2),743,0.00030848242385699925
3. Polynomial (deg 2),744,0.0003084824217587886
3. Polynomial (deg 2),745,0.0003084824196891174
3. Polynomial (deg 2),746,0.00030848241764759495
3. Polynomial (deg 2),747,0.00030848241563383616
3. Polynomial (deg 2),748,0.000308482413647461
3. Polynomial (deg 2),749,0.0003084824116880948
3. Polynomial (deg 2),750,0.00030848240975536793
3. Polynomial (deg 2),751,0.00030848240784891605
3. Polynomial (deg 2),752,0.0003084824059683795
3. Polynomial (deg 2),753,0.00030848240411340415
3. Polynomial (deg 2),754,0.00030848240228363994
3. Polynomial (deg 2),755,0.0003084824004787426
3. Polynomial (deg 2),756,0.00030848239869837174
3. Polynomial (deg 2),757,0.00030848239694219207
3. Polynomial (deg 2),758,0.0003084823952098728
3. Polynomial (deg 2),759,0.0003084823935010879
3. Polynomial (deg 2),760,0.0003084823918155156
3. Polynomial (deg 2),761,0.00030848239015283854
3. Polynomial (deg 2),762,0.0003084823885127439
3. Polynomial (deg 2),763,0.00030848238689492306
3. Polynomial (deg 2),764,0.00030848238529907173
3. Polynomial (deg 2),765,0.0003084823837248897
3. Polynomial (deg 2),766,0.0003084823821720808
3. Polynomial (deg 2),767,0.00030848238064035334
3. Polynomial (deg 2),768,0.00030848237912941916
3. Polynomial (deg 2),769,0.0003084823776389943
3. Polynomial (deg 2),770,0.00030848237616879864
3. Polynomial (deg 2),771,0.00030848237471855616
3. Polynomial (deg 2),772,0.00030848237328799416
3. Polynomial (deg 2),773,0.000308482371876844
3. Polynomial (deg 2),774,0.0003084823704848409
3. Polynomial (deg 2),775,0.0003084823691117232
3. Polynomial (deg 2),776,0.00030848236775723325
3. Polynomial (deg 2),777,0.00030848236642111687
3. Polynomial (deg 2),778,0.00030848236510312336
3. Polynomial (deg 2),779,0.0003084823638030053
3. Polynomial (deg 2),780,0.00030848236252051887
3. Polynomial (deg 2),781,0.00030848236125542364
3. Polynomial (deg 2),782,0.00030848236000748206
3. Polynomial (deg 2),783,0.0003084823587764604
3. Polynomial (deg 2),784,0.0003084823575621279
3. Polynomial (deg 2),785,0.00030848235636425696
3. Polynomial (deg 2),786,0.00030848235518262285
3. Polynomial (deg 2),787,0.0003084823540170046
3. Polynomial (deg 2),788,0.00030848235286718345
3. Polynomial (deg 2),789,0.00030848235173294415
3. Polynomial (deg 2),790,0.00030848235061407445
3. Polynomial (deg 2),791,0.0003084823495103648
3. Polynomial (deg 2),792,0.00030848234842160846
3. Polynomial (deg 2),793,0.0003084823473476017
3. Polynomial (deg 2),794,0.0003084823462881437
3. Polynomial (deg 2),795,0.000308482345243036
3. Polynomial (deg 2),796,0.00030848234421208316
3. Polynomial (deg 2),797,0.0003084823431950924
3. Polynomial (deg 2),798,0.0003084823421918735
3. Polynomial (deg 2),799,0.00030848234120223894
3. Polynomial (deg 2),800,0.00030848234022600357
3. Polynomial (deg 2),801,0.000308482339262985
3. Polynomial (deg 2),802,0.0003084823383130032
3. Polynomial (deg 2),803,0.00030848233737588076
3. Polynomial (deg 2),804,0.00030848233645144267
3. Polynomial (deg 2),805,0.000308482335539516
3. Polynomial (deg 2),806,0.0003084823346399307
3. Polynomial (deg 2),807,0.0003084823337525185
3. Polynomial (deg 2),808,0.000308482332877114
3. Polynomial (deg 2),809,0.0003084823320135538
3. Polynomial (deg 2),810,0.00030848233116167654
3. Polynomial (deg 2),811,0.00030848233032132336
3. Polynomial (deg 2),812,0.0003084823294923374
3. Polynomial (deg 2),813,0.0003084823286745642
3. Polynomial (deg 2),814,0.00030848232786785104
3. Polynomial (deg 2),815,0.00030848232707204757
3. Polynomial (deg 2),816,0.0003084823262870054
3. Polynomial (deg 2),817,0.00030848232551257816
3. Polynomial (deg 2),818,0.0003084823247486216
3. Polynomial (deg 2),819,0.00030848232399499333
3. Polynomial (deg 2),820,0.00030848232325155286
3. Polynomial (deg 2),821,0.0003084823225181617
3. Polynomial (deg 2),822,0.0003084823217946833
3. Polynomial (deg 2),823,0.0003084823210809829
3. Polynomial (deg 2),824,0.0003084823203769275
3. Polynomial (deg 2),825,0.0003084823196823862
3. Polynomial (deg 2),826,0.0003084823189972296
3. Polynomial (deg 2),827,0.0003084823183213304
3. Polynomial (deg 2),828,0.0003084823176545625
3. Polynomial (deg 2),829,0.000308482316996802
3. Polynomial (deg 2),830,0.00030848231634792654
3. Polynomial (deg 2),831,0.00030848231570781547
3. Polynomial (deg 2),832,0.0003084823150763498
3. Polynomial (deg 2),833,0.0003084823144534119
3. Polynomial (deg 2),834,0.00030848231383888615
3. Polynomial (deg 2),835,0.0003084823132326583
3. Polynomial (deg 2),836,0.00030848231263461574
3. Polynomial (deg 2),837,0.0003084823120446472
3. Polynomial (deg 2),838,0.0003084823114626431
3. Polynomial (deg 2),839,0.0003084823108884955
3. Polynomial (deg 2),840,0.00030848231032209756
3. Polynomial (deg 2),841,0.00030848230976334416
3. Polynomial (deg 2),842,0.0003084823092121317
3. Polynomial (deg 2),843,0.0003084823086683577
3. Polynomial (deg 2),844,0.00030848230813192135
3. Polynomial (deg 2),845,0.0003084823076027229
3. Polynomial (deg 2),846,0.00030848230708066434
3. Polynomial (deg 2),847,0.0003084823065656487
3. Polynomial (deg 2),848,0.00030848230605758065
3. Polynomial (deg 2),849,0.00030848230555636575
3. Polynomial (deg 2),850,0.0003084823050619111
3. Polynomial (deg 2),851,0.00030848230457412515
3. Polynomial (deg 2),852,0.0003084823040929173
3. Polynomial (deg 2),853,0.0003084823036181986
3. Polynomial (deg 2),854,0.00030848230314988085
3. Polynomial (deg 2),855,0.0003084823026878773
3. Polynomial (deg 2),856,0.0003084823022321025
3. Polynomial (deg 2),857,0.0003084823017824719
3. Polynomial (deg 2),858,0.0003084823013389023
3. Polynomial (deg 2),859,0.0003084823009013115
3. Polynomial (deg 2),860,0.0003084823004696186
3. Polynomial (deg 2),861,0.00030848230004374355
3. Polynomial (deg 2),862,0.00030848229962360767
3. Polynomial (deg 2),863,0.000308482299209133
3. Polynomial (deg 2),864,0.00030848229880024307
3. Polynomial (deg 2),865,0.0003084822983968621
3. Polynomial (deg 2),866,0.0003084822979989155
3. Polynomial (deg 2),867,0.0003084822976063297
3. Polynomial (deg 2),868,0.0003084822972190321
3. Polynomial (deg 2),869,0.00030848229683695113
3. Polynomial (deg 2),870,0.0003084822964600161
3. Polynomial (deg 2),871,0.0003084822960881573
3. Polynomial (deg 2),872,0.00030848229572130606
3. Polynomial (deg 2),873,0.0003084822953593947
3. Polynomial (deg 2),874,0.0003084822950023562
3. Polynomial (deg 2),875,0.00030848229465012467
3. Polynomial (deg 2),876,0.00030848229430263506
3. Polynomial (deg 2),877,0.0003084822939598232
3. Polynomial (deg 2),878,0.00030848229362162577
3. Polynomial (deg 2),879,0.0003084822932879803
3. Polynomial (deg 2),880,0.00030848229295882534
3. Polynomial (deg 2),881,0.0003084822926341
3. Polynomial (deg 2),882,0.00030848229231374445
3. Polynomial (deg 2),883,0.0003084822919976996
3. Polynomial (deg 2),884,0.0003084822916859071
3. Polynomial (deg 2),885,0.0003084822913783094
3. Polynomial (deg 2),886,0.0003084822910748497
3. Polynomial (deg 2),887,0.0003084822907754724
3. Polynomial (deg 2),888,0.00030848229048012195
3. Polynomial (deg 2),889,0.000308482290188744
3. Polynomial (deg 2),890,0.0003084822899012849
3. Polynomial (deg 2),891,0.0003084822896176917
3. Polynomial (deg 2),892,0.0003084822893379121
3. Polynomial (deg 2),893,0.00030848228906189454
3. Polynomial (deg 2),894,0.00030848228878958817
3. Polynomial (deg 2),895,0.0003084822885209428
3. Polynomial (deg 2),896,0.0003084822882559091
3. Polynomial (deg 2),897,0.0003084822879944382
3. Polynomial (deg 2),898,0.00030848228773648194
3. Polynomial (deg 2),899,0.00030848228748199286
3. Polynomial (deg 2),900,0.0003084822872309241
3. Polynomial (deg 2),901,0.00030848228698322956
3. Polynomial (deg 2),902,0.00030848228673886356
3. Polynomial (deg 2),903,0.0003084822864977812
3. Polynomial (deg 2),904,0.00030848228625993807
3. Polynomial (deg 2),905,0.0003084822860252904
3. Polynomial (deg 2),906,0.0003084822857937952
3. Polynomial (deg 2),907,0.00030848228556540987
3. Polynomial (deg 2),908,0.0003084822853400923
3. Polynomial (deg 2),909,0.00030848228511780123
3. Polynomial (deg 2),910,0.0003084822848984957
3. Polynomial (deg 2),911,0.0003084822846821355
3. Polynomial (deg 2),912,0.00030848228446868077
3. Polynomial (deg 2),913,0.0003084822842580924
3. Polynomial (deg 2),914,0.00030848228405033166
3. Polynomial (deg 2),915,0.00030848228384536047
3. Polynomial (deg 2),916,0.00030848228364314104
3. Polynomial (deg 2),917,0.0003084822834436364
3. Polynomial (deg 2),918,0.0003084822832468098
3. Polynomial (deg 2),919,0.0003084822830526253
3. Polynomial (deg 2),920,0.0003084822828610471
3. Polynomial (deg 2),921,0.00030848228267204
3. Polynomial (deg 2),922,0.0003084822824855695
3. Polynomial (deg 2),923,0.0003084822823016013
3. Polynomial (deg 2),924,0.00030848228212010165
3. Polynomial (deg 2),925,0.0003084822819410373
3. Polynomial (deg 2),926,0.00030848228176437545
3. Polynomial (deg 2),927,0.00030848228159008356
3. Polynomial (deg 2),928,0.00030848228141812985
3. Polynomial (deg 2),929,0.00030848228124848273
3. Polynomial (deg 2),930,0.00030848228108111114
3. Polynomial (deg 2),931,0.00030848228091598433
3. Polynomial (deg 2),932,0.0003084822807530722
3. Polynomial (deg 2),933,0.0003084822805923449
3. Polynomial (deg 2),934,0.00030848228043377267
3. Polynomial (deg 2),935,0.0003084822802773268
3. Polynomial (deg 2),936,0.00030848228012297864
3. Polynomial (deg 2),937,0.00030848227997069973
3. Polynomial (deg 2),938,0.0003084822798204624
3. Polynomial (deg 2),939,0.00030848227967223904
3. Polynomial (deg 2),940,0.0003084822795260025
3. Polynomial (deg 2),941,0.00030848227938172615
3. Polynomial (deg 2),942,0.0003084822792393834
3. Polynomial (deg 2),943,0.00030848227909894844
3. Polynomial (deg 2),944,0.00030848227896039537
3. Polynomial (deg 2),945,0.000308482278823699
3. Polynomial (deg 2),946,0.0003084822786888343
3. Polynomial (deg 2),947,0.00030848227855577654
3. Polynomial (deg 2),948,0.00030848227842450145
3. Polynomial (deg 2),949,0.00030848227829498515
3. Polynomial (deg 2),950,0.0003084822781672037
3. Polynomial (deg 2),951,0.000308482278041134
3. Polynomial (deg 2),952,0.00030848227791675293
3. Polynomial (deg 2),953,0.00030848227779403767
3. Polynomial (deg 2),954,0.0003084822776729659
3. Polynomial (deg 2),955,0.00030848227755351566
3. Polynomial (deg 2),956,0.0003084822774356648
3. Polynomial (deg 2),957,0.00030848227731939206
3. Polynomial (deg 2),958,0.00030848227720467616
3. Polynomial (deg 2),959,0.0003084822770914961
3. Polynomial (deg 2),960,0.0003084822769798312
3. Polynomial (deg 2),961,0.0003084822768696612
3. Polynomial (deg 2),962,0.00030848227676096593
3. Polynomial (deg 2),963,0.0003084822766537256
3. Polynomial (deg 2),964,0.00030848227654792053
3. Polynomial (deg 2),965,0.00030848227644353154
3. Polynomial (deg 2),966,0.0003084822763405396
3. Polynomial (deg 2),967,0.00030848227623892584
3. Polynomial (deg 2),968,0.0003084822761386718
3. Polynomial (deg 2),969,0.00030848227603975914
3. Polynomial (deg 2),970,0.0003084822759421699
3. Polynomial (deg 2),971,0.0003084822758458863
3. Polynomial (deg 2),972,0.0003084822757508907
3. Polynomial (deg 2),973,0.00030848227565716594
3. Polynomial (deg 2),974,0.00030848227556469477
3. Polynomial (deg 2),975,0.0003084822754734605
3. Polynomial (deg 2),976,0.0003084822753834464
3. Polynomial (deg 2),977,0.00030848227529463616
3. Polynomial (deg 2),978,0.00030848227520701354
3. Polynomial (deg 2),979,0.0003084822751205627
3. Polynomial (deg 2),980,0.00030848227503526773
3. Polynomial (deg 2),981,0.00030848227495111326
3. Polynomial (deg 2),982,0.0003084822748680839
3. Polynomial (deg 2),983,0.00030848227478616453
3. Polynomial (deg 2),984,0.00030848227470534024
3. Polynomial (deg 2),985,0.0003084822746255964
3. Polynomial (deg 2),986,0.0003084822745469185
3. Polynomial (deg 2),987,0.0003084822744692921
3. Polynomial (deg 2),988,0.0003084822743927032
3. Polynomial (deg 2),989,0.0003084822743171379
3. Polynomial (deg 2),990,0.0003084822742425824
3. Polynomial (deg 2),991,0.0003084822741690231
3. Polynomial (deg 2),992,0.00030848227409644677
3. Polynomial (deg 2),993,0.00030848227402484004
3. Polynomial (deg 2),994,0.00030848227395419
3. Polynomial (deg 2),995,0.0003084822738844839
3. Polynomial (deg 2),996,0.0003084822738157089
3. Polynomial (deg 2),997,0.0003084822737478525
3. Polynomial (deg 2),998,0.00030848227368090265
3. Polynomial (deg 2),999,0.00030848227361484693
3. Polynomial (deg 2),1000,0.0003084822735496734
3. Polynomial (deg 2),1001,0.00030848227348537026
3. Polynomial (deg 2),1002,0.00030848227342192584
3. Polynomial (deg 2),1003,0.00030848227335932856
3. Polynomial (deg 2),1004,0.00030848227329756715
3. Polynomial (deg 2),1005,0.0003084822732366303
3. Polynomial (deg 2),1006,0.00030848227317650714
3. Polynomial (deg 2),1007,0.00030848227311718653
3. Polynomial (deg 2),1008,0.00030848227305865783
3. Polynomial (deg 2),1009,0.00030848227300091035
3. Polynomial (deg 2),1010,0.00030848227294393384
3. Polynomial (deg 2),1011,0.0003084822728877177
3. Polynomial (deg 2),1012,0.00030848227283225186
3. Polynomial (deg 2),1013,0.0003084822727775262
3. Polynomial (deg 2),1014,0.0003084822727235309
3. Polynomial (deg 2),1015,0.00030848227267025606
3. Polynomial (deg 2),1016,0.0003084822726176921
3. Polynomial (deg 2),1017,0.00030848227256582945
3. Polynomial (deg 2),1018,0.0003084822725146589
3. Polynomial (deg 2),1019,0.00030848227246417086
3. Polynomial (deg 2),1020,0.0003084822724143564
3. Polynomial (deg 2),1021,0.00030848227236520635
3. Polynomial (deg 2),1022,0.000308482272316712
3. Polynomial (deg 2),1023,0.00030848227226886447
3. Polynomial (deg 2),1024,0.0003084822722216551
3. Polynomial (deg 2),1025,0.00030848227217507534
3. Polynomial (deg 2),1026,0.00030848227212911677
3. Polynomial (deg 2),1027,0.000308482272083771
3. Polynomial (deg 2),1028,0.00030848227203903
3. Polynomial (deg 2),1029,0.0003084822719948854
3. Polynomial (deg 2),1030,0.00030848227195132946
3. Polynomial (deg 2),1031,0.00030848227190835424
3. Polynomial (deg 2),1032,0.0003084822718659519
3. Polynomial (deg 2),1033,0.0003084822718241148
3. Polynomial (deg 2),1034,0.0003084822717828354
3. Polynomial (deg 2),1035,0.0003084822717421063
3. Polynomial (deg 2),1036,0.00030848227170192
3. Polynomial (deg 2),1037,0.00030848227166226924
3. Polynomial (deg 2),1038,0.00030848227162314694
3. Polynomial (deg 2),1039,0.0003084822715845461
3. Polynomial (deg 2),1040,0.0003084822715464594
3. Polynomial (deg 2),1041,0.0003084822715088805
3. Polynomial (deg 2),1042,0.000308482271471802
3. Polynomial (deg 2),1043,0.00030848227143521773
3. Polynomial (deg 2),1044,0.0003084822713991208
3. Polynomial (deg 2),1045,0.00030848227136350475
3. Polynomial (deg 2),1046,0.00030848227132836316
3. Polynomial (deg 2),1047,0.00030848227129368967
3. Polynomial (deg 2),1048,0.00030848227125947805
3. Polynomial (deg 2),1049,0.00030848227122572206
3. Polynomial (deg 2),1050,0.00030848227119241564
3. Polynomial (deg 2),1051,0.0003084822711595528
3. Polynomial (deg 2),1052,0.00030848227112712764
3. Polynomial (deg 2),1053,0.00030848227109513414
3. Polynomial (deg 2),1054,0.00030848227106356683
3. Polynomial (deg 2),1055,0.0003084822710324197
3. Polynomial (deg 2),1056,0.0003084822710016873
3. Polynomial (deg 2),1057,0.000308482270971364
3. Polynomial (deg 2),1058,0.0003084822709414445
3. Polynomial (deg 2),1059,0.0003084822709119233
3. Polynomial (deg 2),1060,0.000308482270882795
3. Polynomial (deg 2),1061,0.0003084822708540544
3. Polynomial (deg 2),1062,0.0003084822708256964
3. Polynomial (deg 2),1063,0.00030848227079771575
3. Polynomial (deg 2),1064,0.00030848227077010757
3. Polynomial (deg 2),1065,0.0003084822707428667
3. Polynomial (deg 2),1066,0.00030848227071598837
3. Polynomial (deg 2),1067,0.00030848227068946775
3. Polynomial (deg 2),1068,0.0003084822706633
3. Polynomial (deg 2),1069,0.00030848227063748037
3. Polynomial (deg 2),1070,0.0003084822706120043
3. Polynomial (deg 2),1071,0.00030848227058686705
3. Polynomial (deg 2),1072,0.00030848227056206435
3. Polynomial (deg 2),1073,0.00030848227053759147
3. Polynomial (deg 2),1074,0.00030848227051344417
3. Polynomial (deg 2),1075,0.00030848227048961807
3. Polynomial (deg 2),1076,0.0003084822704661089
3. Polynomial (deg 2),1077,0.00030848227044291226
3. Polynomial (deg 2),1078,0.0003084822704200242
3. Polynomial (deg 2),1079,0.00030848227039744055
3. Polynomial (deg 2),1080,0.0003084822703751571
3. Polynomial (deg 2),1081,0.00030848227035317014
3. Polynomial (deg 2),1082,0.0003084822703314753
3. Polynomial (deg 2),1083,0.00030848227031006904
3. Polynomial (deg 2),1084,0.00030848227028894737
3. Polynomial (deg 2),1085,0.00030848227026810646
3. Polynomial (deg 2),1086,0.00030848227024754267
3. Polynomial (deg 2),1087,0.00030848227022725215
3. Polynomial (deg 2),1088,0.0003084822702072314
3. Polynomial (deg 2),1089,0.0003084822701874767
3. Polynomial (deg 2),1090,0.0003084822701679846
3. Polynomial (deg 2),1091,0.0003084822701487515
3. Polynomial (deg 2),1092,0.0003084822701297741
3. Polynomial (deg 2),1093,0.0003084822701110488
3. Polynomial (deg 2),1094,0.00030848227009257244
3. Polynomial (deg 2),1095,0.0003084822700743415
3. Polynomial (deg 2),1096,0.00030848227005635283
3. Polynomial (deg 2),1097,0.00030848227003860314
3. Polynomial (deg 2),1098,0.00030848227002108926
3. Polynomial (deg 2),1099,0.0003084822700038081
3. Polynomial (deg 2),1100,0.0003084822699867565
3. Polynomial (deg 2),1101,0.0003084822699699314
3. Polynomial (deg 2),1102,0.0003084822699533298
3. Polynomial (deg 2),1103,0.00030848226993694867
3. Polynomial (deg 2),1104,0.0003084822699207851
3. Polynomial (deg 2),1105,0.00030848226990483633
3. Polynomial (deg 2),1106,0.00030848226988909925
3. Polynomial (deg 2),1107,0.00030848226987357114
3. Polynomial (deg 2),1108,0.0003084822698582493
3. Polynomial (deg 2),1109,0.00030848226984313086
3. Polynomial (deg 2),1110,0.0003084822698282132
3. Polynomial (deg 2),1111,0.0003084822698134936
3. Polynomial (deg 2),1112,0.0003084822697989695
3. Polynomial (deg 2),1113,0.00030848226978463816
3. Polynomial (deg 2),1114,0.00030848226977049707
3. Polynomial (deg 2),1115,0.00030848226975654366
3. Polynomial (deg 2),1116,0.00030848226974277554
3. Polynomial (deg 2),1117,0.00030848226972919016
3. Polynomial (deg 2),1118,0.0003084822697157851
3. Polynomial (deg 2),1119,0.0003084822697025579
3. Polynomial (deg 2),1120,0.0003084822696895063
3. Polynomial (deg 2),1121,0.00030848226967662793
3. Polynomial (deg 2),1122,0.00030848226966392043
3. Polynomial (deg 2),1123,0.0003084822696513816
3. Polynomial (deg 2),1124,0.00030848226963900904
3. Polynomial (deg 2),1125,0.0003084822696268007
3. Polynomial (deg 2),1126,0.00030848226961475436
3. Polynomial (deg 2),1127,0.0003084822696028678
3. Polynomial (deg 2),1128,0.0003084822695911391
3. Polynomial (deg 2),1129,0.0003084822695795657
3. Polynomial (deg 2),1130,0.00030848226956814613
3. Polynomial (deg 2),1131,0.0003084822695568778
3. Polynomial (deg 2),1132,0.0003084822695457591
3. Polynomial (deg 2),1133,0.00030848226953478783
3. Polynomial (deg 2),1134,0.0003084822695239621
3. Polynomial (deg 2),1135,0.00030848226951327986
3. Polynomial (deg 2),1136,0.00030848226950273936
3. Polynomial (deg 2),1137,0.00030848226949233866
3. Polynomial (deg 2),1138,0.0003084822694820758
3. Polynomial (deg 2),1139,0.00030848226947194905
3. Polynomial (deg 2),1140,0.0003084822694619565
3. Polynomial (deg 2),1141,0.0003084822694520966
3. Polynomial (deg 2),1142,0.0003084822694423673
3. Polynomial (deg 2),1143,0.00030848226943276706
3. Polynomial (deg 2),1144,0.00030848226942329406
3. Polynomial (deg 2),1145,0.00030848226941394667
3. Polynomial (deg 2),1146,0.00030848226940472314
3. Polynomial (deg 2),1147,0.0003084822693956219
3. Polynomial (deg 2),1148,0.00030848226938664125
3. Polynomial (deg 2),1149,0.0003084822693777797
3. Polynomial (deg 2),1150,0.00030848226936903555
3. Polynomial (deg 2),1151,0.0003084822693604073
3. Polynomial (deg 2),1152,0.00030848226935189344
3. Polynomial (deg 2),1153,0.00030848226934349234
3. Polynomial (deg 2),1154,0.0003084822693352026
3. Polynomial (deg 2),1155,0.0003084822693270226
3. Polynomial (deg 2),1156,0.0003084822693189511
3. Polynomial (deg 2),1157,0.0003084822693109865
3. Polynomial (deg 2),1158,0.00030848226930312744
3. Polynomial (deg 2),1159,0.0003084822692953725
3. Polynomial (deg 2),1160,0.0003084822692877203
3. Polynomial (deg 2),1161,0.00030848226928016946
3. Polynomial (deg 2),1162,0.0003084822692727186
3. Polynomial (deg 2),1163,0.0003084822692653665
3. Polynomial (deg 2),1164,0.00030848226925811174
3. Polynomial (deg 2),1165,0.00030848226925095303
3. Polynomial (deg 2),1166,0.00030848226924388923
3. Polynomial (deg 2),1167,0.0003084822692369189
3. Polynomial (deg 2),1168,0.000308482269230041
3. Polynomial (deg 2),1169,0.00030848226922325405
3. Polynomial (deg 2),1170,0.000308482269216557
3. Polynomial (deg 2),1171,0.0003084822692099486
3. Polynomial (deg 2),1172,0.0003084822692034278
3. Polynomial (deg 2),1173,0.00030848226919699326
3. Polynomial (deg 2),1174,0.0003084822691906439
3. Polynomial (deg 2),1175,0.0003084822691843786
3. Polynomial (deg 2),1176,0.00030848226917819623
3. Polynomial (deg 2),1177,0.0003084822691720958
3. Polynomial (deg 2),1178,0.00030848226916607615
3. Polynomial (deg 2),1179,0.00030848226916013597
3. Polynomial (deg 2),1180,0.00030848226915427456
3. Polynomial (deg 2),1181,0.0003084822691484907
3. Polynomial (deg 2),1182,0.0003084822691427834
3. Polynomial (deg 2),1183,0.0003084822691371517
3. Polynomial (deg 2),1184,0.00030848226913159446
3. Polynomial (deg 2),1185,0.0003084822691261107
3. Polynomial (deg 2),1186,0.00030848226912069963
3. Polynomial (deg 2),1187,0.00030848226911536005
3. Polynomial (deg 2),1188,0.0003084822691100912
3. Polynomial (deg 2),1189,0.0003084822691048921
3. Polynomial (deg 2),1190,0.0003084822690997617
3. Polynomial (deg 2),1191,0.0003084822690946991
3. Polynomial (deg 2),1192,0.0003084822690897036
3. Polynomial (deg 2),1193,0.00030848226908477416
3. Polynomial (deg 2),1194,0.00030848226907990994
3. Polynomial (deg 2),1195,0.00030848226907511007
3. Polynomial (deg 2),1196,0.00030848226907037373
3. Polynomial (deg 2),1197,0.00030848226906569996
3. Polynomial (deg 2),1198,0.00030848226906108803
3. Polynomial (deg 2),1199,0.00030848226905653715
3. Polynomial (deg 2),1200,0.0003084822690520464
3. Polynomial (deg 2),1201,0.00030848226904761503
3. Polynomial (deg 2),1202,0.0003084822690432423
3. Polynomial (deg 2),1203,0.0003084822690389273
3. Polynomial (deg 2),1204,0.0003084822690346695
3. Polynomial (deg 2),1205,0.0003084822690304679
3. Polynomial (deg 2),1206,0.0003084822690263219
3. Polynomial (deg 2),1207,0.00030848226902223066
3. Polynomial (deg 2),1208,0.0003084822690181936
3. Polynomial (deg 2),1209,0.0003084822690142098
3. Polynomial (deg 2),1210,0.00030848226901027874
3. Polynomial (deg 2),1211,0.0003084822690063997
3. Polynomial (deg 2),1212,0.0003084822690025718
3. Polynomial (deg 2),1213,0.00030848226899879454
3. Polynomial (deg 2),1214,0.0003084822689950672
3. Polynomial (deg 2),1215,0.0003084822689913892
3. Polynomial (deg 2),1216,0.00030848226898775975
3. Polynomial (deg 2),1217,0.00030848226898417836
3. Polynomial (deg 2),1218,0.0003084822689806442
3. Polynomial (deg 2),1219,0.0003084822689771568
3. Polynomial (deg 2),1220,0.0003084822689737155
3. Polynomial (deg 2),1221,0.0003084822689703196
3. Polynomial (deg 2),1222,0.0003084822689669686
3. Polynomial (deg 2),1223,0.00030848226896366184
3. Polynomial (deg 2),1224,0.0003084822689603988
3. Polynomial (deg 2),1225,0.0003084822689571789
3. Polynomial (deg 2),1226,0.0003084822689540016
3. Polynomial (deg 2),1227,0.00030848226895086614
3. Polynomial (deg 2),1228,0.0003084822689477722
3. Polynomial (deg 2),1229,0.0003084822689447191
3. Polynomial (deg 2),1230,0.00030848226894170626
3. Polynomial (deg 2),1231,0.0003084822689387333
3. Polynomial (deg 2),1232,0.0003084822689357997
3. Polynomial (deg 2),1233,0.0003084822689329047
3. Polynomial (deg 2),1234,0.000308482268930048
3. Polynomial (deg 2),1235,0.00030848226892722907
3. Polynomial (deg 2),1236,0.0003084822689244472
3. Polynomial (deg 2),1237,0.00030848226892170224
3. Polynomial (deg 2),1238,0.0003084822689189934
3. Polynomial (deg 2),1239,0.0003084822689163204
3. Polynomial (deg 2),1240,0.0003084822689136827
3. Polynomial (deg 2),1241,0.0003084822689110798
3. Polynomial (deg 2),1242,0.0003084822689085113
3. Polynomial (deg 2),1243,0.0003084822689059767
3. Polynomial (deg 2),1244,0.00030848226890347556
3. Polynomial (deg 2),1245,0.0003084822689010075
3. Polynomial (deg 2),1246,0.0003084822688985719
3. Polynomial (deg 2),1247,0.0003084822688961685
3. Polynomial (deg 2),1248,0.0003084822688937969
3. Polynomial (deg 2),1249,0.0003084822688914565
3. Polynomial (deg 2),1250,0.0003084822688891471
3. Polynomial (deg 2),1251,0.00030848226888686807
3. Polynomial (deg 2),1252,0.0003084822688846192
3. Polynomial (deg 2),1253,0.0003084822688824
3. Polynomial (deg 2),1254,0.0003084822688802101
3. Polynomial (deg 2),1255,0.000308482268878049
3. Polynomial (deg 2),1256,0.0003084822688759165
3. Polynomial (deg 2),1257,0.0003084822688738122
3. Polynomial (deg 2),1258,0.00030848226887173565
3. Polynomial (deg 2),1259,0.0003084822688696864
3. Polynomial (deg 2),1260,0.00030848226886766425
3. Polynomial (deg 2),1261,0.0003084822688656688
3. Polynomial (deg 2),1262,0.00030848226886369965
3. Polynomial (deg 2),1263,0.00030848226886175643
3. Polynomial (deg 2),1264,0.00030848226885983897
3. Polynomial (deg 2),1265,0.00030848226885794665
3. Polynomial (deg 2),1266,0.0003084822688560795
3. Polynomial (deg 2),1267,0.00030848226885423684
3. Polynomial (deg 2),1268,0.0003084822688524185
3. Polynomial (deg 2),1269,0.00030848226885062417
3. Polynomial (deg 2),1270,0.00030848226884885345
3. Polynomial (deg 2),1271,0.00030848226884710615
3. Polynomial (deg 2),1272,0.00030848226884538183
3. Polynomial (deg 2),1273,0.00030848226884368034
3. Polynomial (deg 2),1274,0.00030848226884200124
3. Polynomial (deg 2),1275,0.0003084822688403443
3. Polynomial (deg 2),1276,0.00030848226883870917
3. Polynomial (deg 2),1277,0.0003084822688370956
3. Polynomial (deg 2),1278,0.00030848226883550334
3. Polynomial (deg 2),1279,0.00030848226883393206
3. Polynomial (deg 2),1280,0.00030848226883238165
3. Polynomial (deg 2),1281,0.00030848226883085147
3. Polynomial (deg 2),1282,0.0003084822688293415
3. Polynomial (deg 2),1283,0.00030848226882785153
3. Polynomial (deg 2),1284,0.00030848226882638114
3. Polynomial (deg 2),1285,0.0003084822688249302
3. Polynomial (deg 2),1286,0.0003084822688234983
3. Polynomial (deg 2),1287,0.00030848226882208526
3. Polynomial (deg 2),1288,0.0003084822688206909
3. Polynomial (deg 2),1289,0.0003084822688193149
3. Polynomial (deg 2),1290,0.00030848226881795716
3. Polynomial (deg 2),1291,0.0003084822688166171
3. Polynomial (deg 2),1292,0.0003084822688152948
3. Polynomial (deg 2),1293,0.00030848226881399
3. Polynomial (deg 2),1294,0.00030848226881270225
3. Polynomial (deg 2),1295,0.0003084822688114316
3. Polynomial (deg 2),1296,0.00030848226881017763
3. Polynomial (deg 2),1297,0.0003084822688089403
3. Polynomial (deg 2),1298,0.00030848226880771914
3. Polynomial (deg 2),1299,0.0003084822688065141
3. Polynomial (deg 2),1300,0.000308482268805325
3. Polynomial (deg 2),1301,0.00030848226880415147
3. Polynomial (deg 2),1302,0.00030848226880299343
3. Polynomial (deg 2),1303,0.00030848226880185063
3. Polynomial (deg 2),1304,0.00030848226880072295
3. Polynomial (deg 2),1305,0.0003084822687996101
3. Polynomial (deg 2),1306,0.00030848226879851194
3. Polynomial (deg 2),1307,0.0003084822687974282
3. Polynomial (deg 2),1308,0.0003084822687963588
3. Polynomial (deg 2),1309,0.0003084822687953034
3. Polynomial (deg 2),1310,0.0003084822687942619
3. Polynomial (deg 2),1311,0.0003084822687932342
3. Polynomial (deg 2),1312,0.00030848226879222004
3. Polynomial (deg 2),1313,0.00030848226879121916
3. Polynomial (deg 2),1314,0.0003084822687902315
3. Polynomial (deg 2),1315,0.00030848226878925686
3. Polynomial (deg 2),1316,0.000308482268788295
3. Polynomial (deg 2),1317,0.00030848226878734596
3. Polynomial (deg 2),1318,0.00030848226878640926
3. Polynomial (deg 2),1319,0.000308482268785485
3. Polynomial (deg 2),1320,0.0003084822687845728
3. Polynomial (deg 2),1321,0.0003084822687836727
3. Polynomial (deg 2),1322,0.0003084822687827844
3. Polynomial (deg 2),1323,0.00030848226878190776
3. Polynomial (deg 2),1324,0.00030848226878104273
3. Polynomial (deg 2),1325,0.00030848226878018903
3. Polynomial (deg 2),1326,0.00030848226877934666
3. Polynomial (deg 2),1327,0.00030848226877851535
3. Polynomial (deg 2),1328,0.0003084822687776949
3. Polynomial (deg 2),1329,0.0003084822687768853
3. Polynomial (deg 2),1330,0.0003084822687760864
3. Polynomial (deg 2),1331,0.00030848226877529803
3. Polynomial (deg 2),1332,0.00030848226877451995
3. Polynomial (deg 2),1333,0.0003084822687737522
3. Polynomial (deg 2),1334,0.00030848226877299453
3. Polynomial (deg 2),1335,0.00030848226877224676
3. Polynomial (deg 2),1336,0.0003084822687715089
3. Polynomial (deg 2),1337,0.00030848226877078076
3. Polynomial (deg 2),1338,0.00030848226877006215
3. Polynomial (deg 2),1339,0.0003084822687693531
3. Polynomial (deg 2),1340,0.0003084822687686533
3. Polynomial (deg 2),1341,0.0003084822687679626
3. Polynomial (deg 2),1342,0.00030848226876728117
3. Polynomial (deg 2),1343,0.0003084822687666087
3. Polynomial (deg 2),1344,0.00030848226876594505
3. Polynomial (deg 2),1345,0.0003084822687652901
3. Polynomial (deg 2),1346,0.00030848226876464363
3. Polynomial (deg 2),1347,0.00030848226876400585
3. Polynomial (deg 2),1348,0.0003084822687633764
3. Polynomial (deg 2),1349,0.00030848226876275533
3. Polynomial (deg 2),1350,0.00030848226876214227
3. Polynomial (deg 2),1351,0.0003084822687615374
3. Polynomial (deg 2),1352,0.0003084822687609405
3. Polynomial (deg 2),1353,0.0003084822687603514
3. Polynomial (deg 2),1354,0.00030848226875977
3. Polynomial (deg 2),1355,0.00030848226875919627
3. Polynomial (deg 2),1356,0.00030848226875863016
3. Polynomial (deg 2),1357,0.0003084822687580714
3. Polynomial (deg 2),1358,0.00030848226875752004
3. Polynomial (deg 2),1359,0.00030848226875697594
3. Polynomial (deg 2),1360,0.0003084822687564389
3. Polynomial (deg 2),1361,0.0003084822687559091
3. Polynomial (deg 2),1362,0.0003084822687553861
3. Polynomial (deg 2),1363,0.00030848226875487003
3. Polynomial (deg 2),1364,0.0003084822687543608
3. Polynomial (deg 2),1365,0.0003084822687538583
3. Polynomial (deg 2),1366,0.0003084822687533623
3. Polynomial (deg 2),1367,0.0003084822687528728
3. Polynomial (deg 2),1368,0.0003084822687523898
3. Polynomial (deg 2),1369,0.00030848226875191314
3. Polynomial (deg 2),1370,0.0003084822687514428
3. Polynomial (deg 2),1371,0.0003084822687509786
3. Polynomial (deg 2),1372,0.0003084822687505205
3. Polynomial (deg 2),1373,0.00030848226875006843
3. Polynomial (deg 2),1374,0.0003084822687496222
3. Polynomial (deg 2),1375,0.00030848226874918204
3. Polynomial (deg 2),1376,0.0003084822687487475
3. Polynomial (deg 2),1377,0.00030848226874831874
3. Polynomial (deg 2),1378,0.0003084822687478956
3. Polynomial (deg 2),1379,0.00030848226874747805
3. Polynomial (deg 2),1380,0.00030848226874706595
3. Polynomial (deg 2),1381,0.0003084822687466593
3. Polynomial (deg 2),1382,0.000308482268746258
3. Polynomial (deg 2),1383,0.00030848226874586194
3. Polynomial (deg 2),1384,0.0003084822687454711
3. Polynomial (deg 2),1385,0.00030848226874508544
3. Polynomial (deg 2),1386,0.00030848226874470477
3. Polynomial (deg 2),1387,0.00030848226874432915
3. Polynomial (deg 2),1388,0.00030848226874395846
3. Polynomial (deg 2),1389,0.00030848226874359265
3. Polynomial (deg 2),1390,0.00030848226874323156
3. Polynomial (deg 2),1391,0.00030848226874287534
3. Polynomial (deg 2),1392,0.00030848226874252374
3. Polynomial (deg 2),1393,0.0003084822687421767
3. Polynomial (deg 2),1394,0.00030848226874183435
3. Polynomial (deg 2),1395,0.0003084822687414964
3. Polynomial (deg 2),1396,0.00030848226874116295
3. Polynomial (deg 2),1397,0.0003084822687408338
3. Polynomial (deg 2),1398,0.00030848226874050907
3. Polynomial (deg 2),1399,0.00030848226874018853
3. Polynomial (deg 2),1400,0.00030848226873987227
3. Polynomial (deg 2),1401,0.0003084822687395601
3. Polynomial (deg 2),1402,0.00030848226873925216
3. Polynomial (deg 2),1403,0.0003084822687389481
3. Polynomial (deg 2),1404,0.0003084822687386481
3. Polynomial (deg 2),1405,0.00030848226873835205
3. Polynomial (deg 2),1406,0.0003084822687380598
3. Polynomial (deg 2),1407,0.0003084822687377715
3. Polynomial (deg 2),1408,0.000308482268737487
3. Polynomial (deg 2),1409,0.00030848226873720616
3. Polynomial (deg 2),1410,0.00030848226873692904
3. Polynomial (deg 2),1411,0.00030848226873665555
3. Polynomial (deg 2),1412,0.0003084822687363857
3. Polynomial (deg 2),1413,0.0003084822687361193
3. Polynomial (deg 2),1414,0.0003084822687358565
3. Polynomial (deg 2),1415,0.0003084822687355971
3. Polynomial (deg 2),1416,0.00030848226873534106
3. Polynomial (deg 2),1417,0.00030848226873508844
3. Polynomial (deg 2),1418,0.00030848226873483913
3. Polynomial (deg 2),1419,0.0003084822687345932
3. Polynomial (deg 2),1420,0.00030848226873435026
3. Polynomial (deg 2),1421,0.0003084822687341107
3. Polynomial (deg 2),1422,0.0003084822687338743
3. Polynomial (deg 2),1423,0.00030848226873364087
3. Polynomial (deg 2),1424,0.0003084822687334106
3. Polynomial (deg 2),1425,0.0003084822687331833
3. Polynomial (deg 2),1426,0.00030848226873295896
3. Polynomial (deg 2),1427,0.00030848226873273757
3. Polynomial (deg 2),1428,0.00030848226873251915
3. Polynomial (deg 2),1429,0.00030848226873230356
3. Polynomial (deg 2),1430,0.00030848226873209084
3. Polynomial (deg 2),1431,0.0003084822687318809
3. Polynomial (deg 2),1432,0.0003084822687316737
3. Polynomial (deg 2),1433,0.0003084822687314692
3. Polynomial (deg 2),1434,0.00030848226873126733
3. Polynomial (deg 2),1435,0.0003084822687310682
3. Polynomial (deg 2),1436,0.0003084822687308717
3. Polynomial (deg 2),1437,0.0003084822687306778
3. Polynomial (deg 2),1438,0.0003084822687304863
3. Polynomial (deg 2),1439,0.00030848226873029746
3. Polynomial (deg 2),1440,0.000308482268730111
3. Polynomial (deg 2),1441,0.0003084822687299271
3. Polynomial (deg 2),1442,0.00030848226872974544
3. Polynomial (deg 2),1443,0.00030848226872956633
3. Polynomial (deg 2),1444,0.00030848226872938944
3. Polynomial (deg 2),1445,0.000308482268729215
3. Polynomial (deg 2),1446,0.00030848226872904277
3. Polynomial (deg 2),1447,0.0003084822687288728
3. Polynomial (deg 2),1448,0.00030848226872870504
3. Polynomial (deg 2),1449,0.0003084822687285396
3. Polynomial (deg 2),1450,0.00030848226872837625
3. Polynomial (deg 2),1451,0.0003084822687282149
3. Polynomial (deg 2),1452,0.0003084822687280559
3. Polynomial (deg 2),1453,0.0003084822687278988
3. Polynomial (deg 2),1454,0.0003084822687277439
3. Polynomial (deg 2),1455,0.000308482268727591
3. Polynomial (deg 2),1456,0.0003084822687274401
3. Polynomial (deg 2),1457,0.0003084822687272912
3. Polynomial (deg 2),1458,0.0003084822687271442
3. Polynomial (deg 2),1459,0.00030848226872699915
3. Polynomial (deg 2),1460,0.00030848226872685604
3. Polynomial (deg 2),1461,0.0003084822687267147
3. Polynomial (deg 2),1462,0.00030848226872657534
3. Polynomial (deg 2),1463,0.0003084822687264377
3. Polynomial (deg 2),1464,0.0003084822687263019
3. Polynomial (deg 2),1465,0.0003084822687261679
3. Polynomial (deg 2),1466,0.00030848226872603573
3. Polynomial (deg 2),1467,0.0003084822687259052
3. Polynomial (deg 2),1468,0.00030848226872577634
3. Polynomial (deg 2),1469,0.00030848226872564927
3. Polynomial (deg 2),1470,0.0003084822687255238
3. Polynomial (deg 2),1471,0.00030848226872540006
3. Polynomial (deg 2),1472,0.0003084822687252779
3. Polynomial (deg 2),1473,0.00030848226872515726
3. Polynomial (deg 2),1474,0.00030848226872503827
3. Polynomial (deg 2),1475,0.00030848226872492085
3. Polynomial (deg 2),1476,0.000308482268724805
3. Polynomial (deg 2),1477,0.0003084822687246906
3. Polynomial (deg 2),1478,0.00030848226872457775
3. Polynomial (deg 2),1479,0.00030848226872446635
3. Polynomial (deg 2),1480,0.00030848226872435636
3. Polynomial (deg 2),1481,0.00030848226872424794
3. Polynomial (deg 2),1482,0.0003084822687241408
3. Polynomial (deg 2),1483,0.0003084822687240352
3. Polynomial (deg 2),1484,0.0003084822687239309
3. Polynomial (deg 2),1485,0.00030848226872382797
3. Polynomial (deg 2),1486,0.0003084822687237265
3. Polynomial (deg 2),1487,0.00030848226872362615
3. Polynomial (deg 2),1488,0.00030848226872352727
3. Polynomial (deg 2),1489,0.00030848226872342964
3. Polynomial (deg 2),1490,0.0003084822687233333
3. Polynomial (deg 2),1491,0.0003084822687232383
3. Polynomial (deg 2),1492,0.0003084822687231444
3. Polynomial (deg 2),1493,0.0003084822687230518
3. Polynomial (deg 2),1494,0.0003084822687229604
3. Polynomial (deg 2),1495,0.00030848226872287024
3. Polynomial (deg 2),1496,0.0003084822687227812
3. Polynomial (deg 2),1497,0.00030848226872269335
3. Polynomial (deg 2),1498,0.0003084822687226067
3. Polynomial (deg 2),1499,0.0003084822687225211
3. Polynomial (deg 2),1500,0.00030848226872243667
3. Polynomial (deg 2),1501,0.00030848226872235335
3. Polynomial (deg 2),1502,0.0003084822687222711
3. Polynomial (deg 2),1503,0.00030848226872218996
3. Polynomial (deg 2),1504,0.0003084822687221098
3. Polynomial (deg 2),1505,0.00030848226872203085
3. Polynomial (deg 2),1506,0.00030848226872195284
3. Polynomial (deg 2),1507,0.00030848226872187587
3. Polynomial (deg 2),1508,0.0003084822687217998
3. Polynomial (deg 2),1509,0.0003084822687217249
3. Polynomial (deg 2),1510,0.00030848226872165084
3. Polynomial (deg 2),1511,0.0003084822687215778
3. Polynomial (deg 2),1512,0.0003084822687215057
3. Polynomial (deg 2),1513,0.00030848226872143465
3. Polynomial (deg 2),1514,0.00030848226872136445
3. Polynomial (deg 2),1515,0.0003084822687212951
3. Polynomial (deg 2),1516,0.0003084822687212267
3. Polynomial (deg 2),1517,0.0003084822687211593
3. Polynomial (deg 2),1518,0.0003084822687210927
3. Polynomial (deg 2),1519,0.000308482268721027
3. Polynomial (deg 2),1520,0.00030848226872096215
3. Polynomial (deg 2),1521,0.00030848226872089813
3. Polynomial (deg 2),1522,0.0003084822687208349
3. Polynomial (deg 2),1523,0.00030848226872077264
3. Polynomial (deg 2),1524,0.000308482268720711
3. Polynomial (deg 2),1525,0.00030848226872065034
3. Polynomial (deg 2),1526,0.00030848226872059044
3. Polynomial (deg 2),1527,0.0003084822687205313
3. Polynomial (deg 2),1528,0.0003084822687204729
3. Polynomial (deg 2),1529,0.0003084822687204153
3. Polynomial (deg 2),1530,0.00030848226872035847
3. Polynomial (deg 2),1531,0.00030848226872030236
3. Polynomial (deg 2),1532,0.000308482268720247
3. Polynomial (deg 2),1533,0.00030848226872019237
3. Polynomial (deg 2),1534,0.0003084822687201385
3. Polynomial (deg 2),1535,0.0003084822687200852
3. Polynomial (deg 2),1536,0.00030848226872003267
3. Polynomial (deg 2),1537,0.00030848226871998084
3. Polynomial (deg 2),1538,0.00030848226871992967
3. Polynomial (deg 2),1539,0.00030848226871987914
3. Polynomial (deg 2),1540,0.00030848226871982943
3. Polynomial (deg 2),1541,0.0003084822687197802
3. Polynomial (deg 2),1542,0.00030848226871973164
3. Polynomial (deg 2),1543,0.00030848226871968377
3. Polynomial (deg 2),1544,0.0003084822687196365
3. Polynomial (deg 2),1545,0.0003084822687195898
3. Polynomial (deg 2),1546,0.0003084822687195438
3. Polynomial (deg 2),1547,0.00030848226871949837
3. Polynomial (deg 2),1548,0.0003084822687194536
3. Polynomial (deg 2),1549,0.0003084822687194093
3. Polynomial (deg 2),1550,0.0003084822687193656
3. Polynomial (deg 2),1551,0.00030848226871932257
3. Polynomial (deg 2),1552,0.00030848226871927996
3. Polynomial (deg 2),1553,0.000308482268719238
3. Polynomial (deg 2),1554,0.0003084822687191966
3. Polynomial (deg 2),1555,0.0003084822687191557
3. Polynomial (deg 2),1556,0.00030848226871911527
3. Polynomial (deg 2),1557,0.0003084822687190755
3. Polynomial (deg 2),1558,0.0003084822687190362
3. Polynomial (deg 2),1559,0.0003084822687189974
3. Polynomial (deg 2),1560,0.0003084822687189591
3. Polynomial (deg 2),1561,0.0003084822687189213
3. Polynomial (deg 2),1562,0.00030848226871888406
3. Polynomial (deg 2),1563,0.0003084822687188472
3. Polynomial (deg 2),1564,0.00030848226871881093
3. Polynomial (deg 2),1565,0.0003084822687187751
3. Polynomial (deg 2),1566,0.0003084822687187397
3. Polynomial (deg 2),1567,0.00030848226871870485
3. Polynomial (deg 2),1568,0.0003084822687186703
3. Polynomial (deg 2),1569,0.0003084822687186364
3. Polynomial (deg 2),1570,0.00030848226871860277
3. Polynomial (deg 2),1571,0.00030848226871856965
3. Polynomial (deg 2),1572,0.00030848226871853696
3. Polynomial (deg 2),1573,0.00030848226871850476
3. Polynomial (deg 2),1574,0.0003084822687184729
3. Polynomial (deg 2),1575,0.0003084822687184415
3. Polynomial (deg 2),1576,0.0003084822687184105
3. Polynomial (deg 2),1577,0.00030848226871837986
3. Polynomial (deg 2),1578,0.00030848226871834966
3. Polynomial (deg 2),1579,0.0003084822687183199
3. Polynomial (deg 2),1580,0.0003084822687182904
3. Polynomial (deg 2),1581,0.0003084822687182614
3. Polynomial (deg 2),1582,0.00030848226871823273
3. Polynomial (deg 2),1583,0.0003084822687182045
3. Polynomial (deg 2),1584,0.00030848226871817657
3. Polynomial (deg 2),1585,0.00030848226871814903
3. Polynomial (deg 2),1586,0.0003084822687181218
3. Polynomial (deg 2),1587,0.00030848226871809504
3. Polynomial (deg 2),1588,0.0003084822687180685
3. Polynomial (deg 2),1589,0.0003084822687180424
3. Polynomial (deg 2),1590,0.0003084822687180166
3. Polynomial (deg 2),1591,0.00030848226871799117
3. Polynomial (deg 2),1592,0.00030848226871796607
3. Polynomial (deg 2),1593,0.0003084822687179413
3. Polynomial (deg 2),1594,0.0003084822687179168
3. Polynomial (deg 2),1595,0.0003084822687178926
3. Polynomial (deg 2),1596,0.00030848226871786887
3. Polynomial (deg 2),1597,0.00030848226871784534
3. Polynomial (deg 2),1598,0.00030848226871782214
3. Polynomial (deg 2),1599,0.0003084822687177992
3. Polynomial (deg 2),1600,0.0003084822687177766
3. Polynomial (deg 2),1601,0.0003084822687177543
3. Polynomial (deg 2),1602,0.00030848226871773226
3. Polynomial (deg 2),1603,0.0003084822687177105
3. Polynomial (deg 2),1604,0.00030848226871768906
3. Polynomial (deg 2),1605,0.00030848226871766797
3. Polynomial (deg 2),1606,0.000308482268717647
3. Polynomial (deg 2),1607,0.0003084822687176264
3. Polynomial (deg 2),1608,0.00030848226871760606
3. Polynomial (deg 2),1609,0.000308482268717586
3. Polynomial (deg 2),1610,0.0003084822687175662
3. Polynomial (deg 2),1611,0.0003084822687175466
3. Polynomial (deg 2),1612,0.0003084822687175273
3. Polynomial (deg 2),1613,0.0003084822687175083
3. Polynomial (deg 2),1614,0.00030848226871748945
3. Polynomial (deg 2),1615,0.0003084822687174709
3. Polynomial (deg 2),1616,0.0003084822687174526
3. Polynomial (deg 2),1617,0.0003084822687174345
3. Polynomial (deg 2),1618,0.00030848226871741665
3. Polynomial (deg 2),1619,0.00030848226871739914
3. Polynomial (deg 2),1620,0.0003084822687173818
3. Polynomial (deg 2),1621,0.00030848226871736455
3. Polynomial (deg 2),1622,0.0003084822687173477
3. Polynomial (deg 2),1623,0.0003084822687173309
3. Polynomial (deg 2),1624,0.0003084822687173144
3. Polynomial (deg 2),1625,0.0003084822687172982
3. Polynomial (deg 2),1626,0.00030848226871728216
3. Polynomial (deg 2),1627,0.0003084822687172663
3. Polynomial (deg 2),1628,0.00030848226871725066
3. Polynomial (deg 2),1629,0.00030848226871723526
3. Polynomial (deg 2),1630,0.0003084822687172199
3. Polynomial (deg 2),1631,0.000308482268717205
3. Polynomial (deg 2),1632,0.00030848226871719016
3. Polynomial (deg 2),1633,0.0003084822687171754
3. Polynomial (deg 2),1634,0.00030848226871716105
3. Polynomial (deg 2),1635,0.0003084822687171468
3. Polynomial (deg 2),1636,0.0003084822687171327
3. Polynomial (deg 2),1637,0.0003084822687171188
3. Polynomial (deg 2),1638,0.0003084822687171051
3. Polynomial (deg 2),1639,0.00030848226871709155
3. Polynomial (deg 2),1640,0.00030848226871707816
3. Polynomial (deg 2),1641,0.0003084822687170651
3. Polynomial (deg 2),1642,0.0003084822687170521
3. Polynomial (deg 2),1643,0.00030848226871703924
3. Polynomial (deg 2),1644,0.00030848226871702655
3. Polynomial (deg 2),1645,0.00030848226871701403
3. Polynomial (deg 2),1646,0.00030848226871700167
3. Polynomial (deg 2),1647,0.0003084822687169895
3. Polynomial (deg 2),1648,0.00030848226871697744
3. Polynomial (deg 2),1649,0.0003084822687169656
3. Polynomial (deg 2),1650,0.0003084822687169539
3. Polynomial (deg 2),1651,0.00030848226871694237
3. Polynomial (deg 2),1652,0.00030848226871693093
3. Polynomial (deg 2),1653,0.0003084822687169197
3. Polynomial (deg 2),1654,0.0003084822687169086
3. Polynomial (deg 2),1655,0.00030848226871689764
3. Polynomial (deg 2),1656,0.00030848226871688686
3. Polynomial (deg 2),1657,0.0003084822687168761
3. Polynomial (deg 2),1658,0.00030848226871686555
3. Polynomial (deg 2),1659,0.00030848226871685514
3. Polynomial (deg 2),1660,0.00030848226871684495
3. Polynomial (deg 2),1661,0.00030848226871683487
3. Polynomial (deg 2),1662,0.00030848226871682484
3. Polynomial (deg 2),1663,0.0003084822687168149
3. Polynomial (deg 2),1664,0.00030848226871680516
3. Polynomial (deg 2),1665,0.0003084822687167956
3. Polynomial (deg 2),1666,0.00030848226871678613
3. Polynomial (deg 2),1667,0.00030848226871677675
3. Polynomial (deg 2),1668,0.0003084822687167675
3. Polynomial (deg 2),1669,0.0003084822687167584
3. Polynomial (deg 2),1670,0.00030848226871674943
3. Polynomial (deg 2),1671,0.00030848226871674054
3. Polynomial (deg 2),1672,0.00030848226871673176
3. Polynomial (deg 2),1673,0.00030848226871672303
3. Polynomial (deg 2),1674,0.0003084822687167145
3. Polynomial (deg 2),1675,0.0003084822687167061
3. Polynomial (deg 2),1676,0.0003084822687166978
3. Polynomial (deg 2),1677,0.0003084822687166896
3. Polynomial (deg 2),1678,0.0003084822687166815
3. Polynomial (deg 2),1679,0.0003084822687166735
3. Polynomial (deg 2),1680,0.00030848226871666557
3. Polynomial (deg 2),1681,0.00030848226871665787
3. Polynomial (deg 2),1682,0.0003084822687166501
3. Polynomial (deg 2),1683,0.00030848226871664253
3. Polynomial (deg 2),1684,0.000308482268716635
3. Polynomial (deg 2),1685,0.0003084822687166277
3. Polynomial (deg 2),1686,0.0003084822687166204
3. Polynomial (deg 2),1687,0.00030848226871661315
3. Polynomial (deg 2),1688,0.00030848226871660616
3. Polynomial (deg 2),1689,0.00030848226871659905
3. Polynomial (deg 2),1690,0.00030848226871659217
3. Polynomial (deg 2),1691,0.00030848226871658534
3. Polynomial (deg 2),1692,0.00030848226871657856
3. Polynomial (deg 2),1693,0.00030848226871657195
3. Polynomial (deg 2),1694,0.00030848226871656533
3. Polynomial (deg 2),1695,0.00030848226871655883
3. Polynomial (deg 2),1696,0.0003084822687165525
3. Polynomial (deg 2),1697,0.00030848226871654614
3. Polynomial (deg 2),1698,0.00030848226871653996
3. Polynomial (deg 2),1699,0.00030848226871653384
3. Polynomial (deg 2),1700,0.00030848226871652777
3. Polynomial (deg 2),1701,0.00030848226871652175
3. Polynomial (deg 2),1702,0.00030848226871651584
3. Polynomial (deg 2),1703,0.00030848226871651004
3. Polynomial (deg 2),1704,0.00030848226871650424
3. Polynomial (deg 2),1705,0.00030848226871649855
3. Polynomial (deg 2),1706,0.000308482268716493
3. Polynomial (deg 2),1707,0.00030848226871648743
3. Polynomial (deg 2),1708,0.00030848226871648196
3. Polynomial (deg 2),1709,0.0003084822687164766
3. Polynomial (deg 2),1710,0.0003084822687164713
3. Polynomial (deg 2),1711,0.000308482268716466
3. Polynomial (deg 2),1712,0.0003084822687164608
3. Polynomial (deg 2),1713,0.00030848226871645567
3. Polynomial (deg 2),1714,0.0003084822687164507
3. Polynomial (deg 2),1715,0.0003084822687164457
3. Polynomial (deg 2),1716,0.0003084822687164408
3. Polynomial (deg 2),1717,0.00030848226871643594
3. Polynomial (deg 2),1718,0.00030848226871643116
3. Polynomial (deg 2),1719,0.00030848226871642645
3. Polynomial (deg 2),1720,0.0003084822687164218
3. Polynomial (deg 2),1721,0.0003084822687164171
3. Polynomial (deg 2),1722,0.00030848226871641257
3. Polynomial (deg 2),1723,0.0003084822687164082
3. Polynomial (deg 2),1724,0.00030848226871640373
3. Polynomial (deg 2),1725,0.00030848226871639934
3. Polynomial (deg 2),1726,0.00030848226871639506
3. Polynomial (deg 2),1727,0.0003084822687163908
3. Polynomial (deg 2),1728,0.00030848226871638655
3. Polynomial (deg 2),1729,0.00030848226871638243
3. Polynomial (deg 2),1730,0.0003084822687163783
3. Polynomial (deg 2),1731,0.0003084822687163743
3. Polynomial (deg 2),1732,0.00030848226871637034
3. Polynomial (deg 2),1733,0.0003084822687163664
3. Polynomial (deg 2),1734,0.0003084822687163625
3. Polynomial (deg 2),1735,0.00030848226871635863
3. Polynomial (deg 2),1736,0.00030848226871635484
3. Polynomial (deg 2),1737,0.0003084822687163511
3. Polynomial (deg 2),1738,0.00030848226871634746
3. Polynomial (deg 2),1739,0.00030848226871634383
3. Polynomial (deg 2),1740,0.0003084822687163402
3. Polynomial (deg 2),1741,0.00030848226871633673
3. Polynomial (deg 2),1742,0.00030848226871633326
3. Polynomial (deg 2),1743,0.0003084822687163298
3. Polynomial (deg 2),1744,0.0003084822687163263
3. Polynomial (deg 2),1745,0.000308482268716323
3. Polynomial (deg 2),1746,0.0003084822687163197
3. Polynomial (deg 2),1747,0.0003084822687163164
3. Polynomial (deg 2),1748,0.0003084822687163132
3. Polynomial (deg 2),1749,0.00030848226871631
3. Polynomial (deg 2),1750,0.00030848226871630686
3. Polynomial (deg 2),1751,0.00030848226871630377
3. Polynomial (deg 2),1752,0.0003084822687163007
3. Polynomial (deg 2),1753,0.0003084822687162977
3. Polynomial (deg 2),1754,0.0003084822687162947
3. Polynomial (deg 2),1755,0.0003084822687162918
3. Polynomial (deg 2),1756,0.00030848226871628886
3. Polynomial (deg 2),1757,0.000308482268716286
3. Polynomial (deg 2),1758,0.0003084822687162831
3. Polynomial (deg 2),1759,0.00030848226871628035
3. Polynomial (deg 2),1760,0.00030848226871627764
3. Polynomial (deg 2),1761,0.0003084822687162748
3. Polynomial (deg 2),1762,0.00030848226871627217
3. Polynomial (deg 2),1763,0.0003084822687162695
3. Polynomial (deg 2),1764,0.00030848226871626696
3. Polynomial (deg 2),1765,0.00030848226871626436
3. Polynomial (deg 2),1766,0.00030848226871626176
3. Polynomial (deg 2),1767,0.00030848226871625926
3. Polynomial (deg 2),1768,0.00030848226871625677
3. Polynomial (deg 2),1769,0.00030848226871625433
3. Polynomial (deg 2),1770,0.0003084822687162519
3. Polynomial (deg 2),1771,0.0003084822687162495
3. Polynomial (deg 2),1772,0.0003084822687162471
3. Polynomial (deg 2),1773,0.00030848226871624484
3. Polynomial (deg 2),1774,0.00030848226871624257
3. Polynomial (deg 2),1775,0.0003084822687162403
3. Polynomial (deg 2),1776,0.00030848226871623807
3. Polynomial (deg 2),1777,0.00030848226871623585
3. Polynomial (deg 2),1778,0.0003084822687162337
3. Polynomial (deg 2),1779,0.0003084822687162315
3. Polynomial (deg 2),1780,0.00030848226871622934
3. Polynomial (deg 2),1781,0.0003084822687162273
3. Polynomial (deg 2),1782,0.0003084822687162252
3. Polynomial (deg 2),1783,0.0003084822687162232
3. Polynomial (deg 2),1784,0.00030848226871622115
3. Polynomial (deg 2),1785,0.0003084822687162192
3. Polynomial (deg 2),1786,0.00030848226871621725
3. Polynomial (deg 2),1787,0.00030848226871621525
3. Polynomial (deg 2),1788,0.0003084822687162134
3. Polynomial (deg 2),1789,0.00030848226871621156
3. Polynomial (deg 2),1790,0.00030848226871620966
3. Polynomial (deg 2),1791,0.00030848226871620776
3. Polynomial (deg 2),1792,0.000308482268716206
3. Polynomial (deg 2),1793,0.00030848226871620424
3. Polynomial (deg 2),1794,0.0003084822687162025
3. Polynomial (deg 2),1795,0.0003084822687162007
3. Polynomial (deg 2),1796,0.000308482268716199
3. Polynomial (deg 2),1797,0.0003084822687161973
3. Polynomial (deg 2),1798,0.0003084822687161956
3. Polynomial (deg 2),1799,0.00030848226871619394
3. Polynomial (deg 2),1800,0.00030848226871619237
3. Polynomial (deg 2),1801,0.0003084822687161907
3. Polynomial (deg 2),1802,0.00030848226871618917
3. Polynomial (deg 2),1803,0.0003084822687161876
3. Polynomial (deg 2),1804,0.00030848226871618597
3. Polynomial (deg 2),1805,0.00030848226871618445
3. Polynomial (deg 2),1806,0.00030848226871618305
3. Polynomial (deg 2),1807,0.00030848226871618153
3. Polynomial (deg 2),1808,0.00030848226871618
3. Polynomial (deg 2),1809,0.0003084822687161786
3. Polynomial (deg 2),1810,0.00030848226871617714
3. Polynomial (deg 2),1811,0.0003084822687161757
3. Polynomial (deg 2),1812,0.00030848226871617437
3. Polynomial (deg 2),1813,0.00030848226871617296
3. Polynomial (deg 2),1814,0.00030848226871617166
3. Polynomial (deg 2),1815,0.0003084822687161703
3. Polynomial (deg 2),1816,0.000308482268716169
3. Polynomial (deg 2),1817,0.0003084822687161676
3. Polynomial (deg 2),1818,0.00030848226871616635
3. Polynomial (deg 2),1819,0.00030848226871616505
3. Polynomial (deg 2),1820,0.0003084822687161638
3. Polynomial (deg 2),1821,0.00030848226871616266
3. Polynomial (deg 2),1822,0.00030848226871616136
3. Polynomial (deg 2),1823,0.00030848226871616017
3. Polynomial (deg 2),1824,0.000308482268716159
3. Polynomial (deg 2),1825,0.00030848226871615784
3. Polynomial (deg 2),1826,0.00030848226871615664
3. Polynomial (deg 2),1827,0.00030848226871615545
3. Polynomial (deg 2),1828,0.0003084822687161543
3. Polynomial (deg 2),1829,0.00030848226871615323
3. Polynomial (deg 2),1830,0.00030848226871615215
3. Polynomial (deg 2),1831,0.0003084822687161511
3. Polynomial (deg 2),1832,0.00030848226871615
3. Polynomial (deg 2),1833,0.00030848226871614895
3. Polynomial (deg 2),1834,0.0003084822687161479
3. Polynomial (deg 2),1835,0.0003084822687161469
3. Polynomial (deg 2),1836,0.0003084822687161458
3. Polynomial (deg 2),1837,0.0003084822687161448
3. Polynomial (deg 2),1838,0.00030848226871614385
3. Polynomial (deg 2),1839,0.0003084822687161428
3. Polynomial (deg 2),1840,0.00030848226871614195
3. Polynomial (deg 2),1841,0.000308482268716141
3. Polynomial (deg 2),1842,0.00030848226871614006
3. Polynomial (deg 2),1843,0.0003084822687161391
3. Polynomial (deg 2),1844,0.00030848226871613816
3. Polynomial (deg 2),1845,0.0003084822687161373
3. Polynomial (deg 2),1846,0.0003084822687161364
3. Polynomial (deg 2),1847,0.0003084822687161355
3. Polynomial (deg 2),1848,0.00030848226871613464
3. Polynomial (deg 2),1849,0.00030848226871613377
3. Polynomial (deg 2),1850,0.00030848226871613296
3. Polynomial (deg 2),1851,0.0003084822687161321
3. Polynomial (deg 2),1852,0.0003084822687161313
3. Polynomial (deg 2),1853,0.0003084822687161305
3. Polynomial (deg 2),1854,0.0003084822687161296
3. Polynomial (deg 2),1855,0.0003084822687161289
3. Polynomial (deg 2),1856,0.0003084822687161281
3. Polynomial (deg 2),1857,0.00030848226871612726
3. Polynomial (deg 2),1858,0.0003084822687161266
3. Polynomial (deg 2),1859,0.0003084822687161258
3. Polynomial (deg 2),1860,0.0003084822687161251
3. Polynomial (deg 2),1861,0.0003084822687161244
3. Polynomial (deg 2),1862,0.0003084822687161236
3. Polynomial (deg 2),1863,0.00030848226871612287
3. Polynomial (deg 2),1864,0.00030848226871612217
3. Polynomial (deg 2),1865,0.00030848226871612146
3. Polynomial (deg 2),1866,0.0003084822687161208
3. Polynomial (deg 2),1867,0.0003084822687161201
3. Polynomial (deg 2),1868,0.00030848226871611946
3. Polynomial (deg 2),1869,0.0003084822687161188
3. Polynomial (deg 2),1870,0.0003084822687161181
3. Polynomial (deg 2),1871,0.0003084822687161175
3. Polynomial (deg 2),1872,0.00030848226871611685
3. Polynomial (deg 2),1873,0.00030848226871611626
3. Polynomial (deg 2),1874,0.00030848226871611555
3. Polynomial (deg 2),1875,0.000308482268716115
3. Polynomial (deg 2),1876,0.0003084822687161144
3. Polynomial (deg 2),1877,0.0003084822687161138
3. Polynomial (deg 2),1878,0.0003084822687161133
3. Polynomial (deg 2),1879,0.0003084822687161127
3. Polynomial (deg 2),1880,0.0003084822687161121
3. Polynomial (deg 2),1881,0.00030848226871611154
3. Polynomial (deg 2),1882,0.00030848226871611095
3. Polynomial (deg 2),1883,0.00030848226871611046
3. Polynomial (deg 2),1884,0.0003084822687161099
3. Polynomial (deg 2),1885,0.0003084822687161093
3. Polynomial (deg 2),1886,0.0003084822687161088
3. Polynomial (deg 2),1887,0.0003084822687161083
3. Polynomial (deg 2),1888,0.0003084822687161078
3. Polynomial (deg 2),1889,0.0003084822687161072
3. Polynomial (deg 2),1890,0.00030848226871610677
3. Polynomial (deg 2),1891,0.00030848226871610623
3. Polynomial (deg 2),1892,0.00030848226871610585
3. Polynomial (deg 2),1893,0.0003084822687161053
3. Polynomial (deg 2),1894,0.0003084822687161049
3. Polynomial (deg 2),1895,0.00030848226871610433
3. Polynomial (deg 2),1896,0.0003084822687161039
3. Polynomial (deg 2),1897,0.0003084822687161034
3. Polynomial (deg 2),1898,0.000308482268716103
3. Polynomial (deg 2),1899,0.00030848226871610254
3. Polynomial (deg 2),1900,0.00030848226871610206
3. Polynomial (deg 2),1901,0.0003084822687161017
3. Polynomial (deg 2),1902,0.0003084822687161012
3. Polynomial (deg 2),1903,0.00030848226871610086
3. Polynomial (deg 2),1904,0.0003084822687161004
3. Polynomial (deg 2),1905,0.00030848226871609994
3. Polynomial (deg 2),1906,0.00030848226871609956
3. Polynomial (deg 2),1907,0.00030848226871609924
3. Polynomial (deg 2),1908,0.00030848226871609875
3. Polynomial (deg 2),1909,0.00030848226871609837
3. Polynomial (deg 2),1910,0.000308482268716098
3. Polynomial (deg 2),1911,0.0003084822687160976
3. Polynomial (deg 2),1912,0.0003084822687160973
3. Polynomial (deg 2),1913,0.00030848226871609685
3. Polynomial (deg 2),1914,0.0003084822687160966
3. Polynomial (deg 2),1915,0.00030848226871609615
3. Polynomial (deg 2),1916,0.00030848226871609577
3. Polynomial (deg 2),1917,0.0003084822687160955
3. Polynomial (deg 2),1918,0.0003084822687160951
3. Polynomial (deg 2),1919,0.0003084822687160948
3. Polynomial (deg 2),1920,0.00030848226871609447
3. Polynomial (deg 2),1921,0.00030848226871609414
3. Polynomial (deg 2),1922,0.00030848226871609376
3. Polynomial (deg 2),1923,0.00030848226871609344
3. Polynomial (deg 2),1924,0.0003084822687160931
3. Polynomial (deg 2),1925,0.00030848226871609284
3. Polynomial (deg 2),1926,0.0003084822687160925
3. Polynomial (deg 2),1927,0.00030848226871609213
3. Polynomial (deg 2),1928,0.0003084822687160919
3. Polynomial (deg 2),1929,0.0003084822687160916
3. Polynomial (deg 2),1930,0.00030848226871609127
3. Polynomial (deg 2),1931,0.000308482268716091
3. Polynomial (deg 2),1932,0.0003084822687160907
3. Polynomial (deg 2),1933,0.0003084822687160904
3. Polynomial (deg 2),1934,0.00030848226871609013
3. Polynomial (deg 2),1935,0.00030848226871608986
3. Polynomial (deg 2),1936,0.0003084822687160896
3. Polynomial (deg 2),1937,0.00030848226871608937
3. Polynomial (deg 2),1938,0.00030848226871608904
3. Polynomial (deg 2),1939,0.0003084822687160887
3. Polynomial (deg 2),1940,0.00030848226871608856
3. Polynomial (deg 2),1941,0.0003084822687160883
3. Polynomial (deg 2),1942,0.00030848226871608796
3. Polynomial (deg 2),1943,0.00030848226871608774
3. Polynomial (deg 2),1944,0.0003084822687160875
3. Polynomial (deg 2),1945,0.0003084822687160873
3. Polynomial (deg 2),1946,0.00030848226871608704
3. Polynomial (deg 2),1947,0.0003084822687160868
3. Polynomial (deg 2),1948,0.0003084822687160866
3. Polynomial (deg 2),1949,0.0003084822687160864
3. Polynomial (deg 2),1950,0.0003084822687160861
3. Polynomial (deg 2),1951,0.0003084822687160859
3. Polynomial (deg 2),1952,0.0003084822687160857
3. Polynomial (deg 2),1953,0.0003084822687160854
3. Polynomial (deg 2),1954,0.0003084822687160852
3. Polynomial (deg 2),1955,0.000308482268716085
3. Polynomial (deg 2),1956,0.0003084822687160848
3. Polynomial (deg 2),1957,0.0003084822687160846
3. Polynomial (deg 2),1958,0.0003084822687160844
3. Polynomial (deg 2),1959,0.00030848226871608417
3. Polynomial (deg 2),1960,0.00030848226871608395
3. Polynomial (deg 2),1961,0.0003084822687160838
3. Polynomial (deg 2),1962,0.00030848226871608357
3. Polynomial (deg 2),1963,0.0003084822687160834
3. Polynomial (deg 2),1964,0.00030848226871608324
3. Polynomial (deg 2),1965,0.00030848226871608303
3. Polynomial (deg 2),1966,0.00030848226871608286
3. Polynomial (deg 2),1967,0.00030848226871608265
3. Polynomial (deg 2),1968,0.0003084822687160825
3. Polynomial (deg 2),1969,0.0003084822687160823
3. Polynomial (deg 2),1970,0.00030848226871608205
3. Polynomial (deg 2),1971,0.00030848226871608194
3. Polynomial (deg 2),1972,0.0003084822687160817
3. Polynomial (deg 2),1973,0.0003084822687160816
3. Polynomial (deg 2),1974,0.0003084822687160815
3. Polynomial (deg 2),1975,0.00030848226871608124
3. Polynomial (deg 2),1976,0.0003084822687160811
3. Polynomial (deg 2),1977,0.0003084822687160809
3. Polynomial (deg 2),1978,0.0003084822687160808
3. Polynomial (deg 2),1979,0.00030848226871608064
3. Polynomial (deg 2),1980,0.00030848226871608053
3. Polynomial (deg 2),1981,0.0003084822687160803
3. Polynomial (deg 2),1982,0.0003084822687160802
3. Polynomial (deg 2),1983,0.00030848226871608005
3. Polynomial (deg 2),1984,0.0003084822687160799
3. Polynomial (deg 2),1985,0.0003084822687160798
3. Polynomial (deg 2),1986,0.0003084822687160796
3. Polynomial (deg 2),1987,0.00030848226871607945
3. Polynomial (deg 2),1988,0.0003084822687160793
3. Polynomial (deg 2),1989,0.0003084822687160792
3. Polynomial (deg 2),1990,0.00030848226871607907
3. Polynomial (deg 2),1991,0.00030848226871607896
3. Polynomial (deg 2),1992,0.00030848226871607885
3. Polynomial (deg 2),1993,0.00030848226871607864
3. Polynomial (deg 2),1994,0.00030848226871607853
3. Polynomial (deg 2),1995,0.00030848226871607837
3. Polynomial (deg 2),1996,0.00030848226871607826
3. Polynomial (deg 2),1997,0.0003084822687160782
3. Polynomial (deg 2),1998,0.00030848226871607804
3. Polynomial (deg 2),1999,0.0003084822687160779
3. Polynomial (deg 2),2000,0.00030848226871607777
3. Polynomial (deg 2),2001,0.00030848226871607766
3. Polynomial (deg 2),2002,0.0003084822687160776
3. Polynomial (deg 2),2003,0.00030848226871607744
3. Polynomial (deg 2),2004,0.00030848226871607734
3. Polynomial (deg 2),2005,0.0003084822687160773
3. Polynomial (deg 2),2006,0.00030848226871607717
3. Polynomial (deg 2),2007,0.000308482268716077
3. Polynomial (deg 2),2008,0.0003084822687160769
3. Polynomial (deg 2),2009,0.00030848226871607685
3. Polynomial (deg 2),2010,0.00030848226871607674
3. Polynomial (deg 2),2011,0.00030848226871607663
3. Polynomial (deg 2),2012,0.0003084822687160765
3. Polynomial (deg 2),2013,0.0003084822687160764
3. Polynomial (deg 2),2014,0.00030848226871607625
3. Polynomial (deg 2),2015,0.00030848226871607614
3. Polynomial (deg 2),2016,0.00030848226871607603
3. Polynomial (deg 2),2017,0.000308482268716076
3. Polynomial (deg 2),2018,0.0003084822687160759
3. Polynomial (deg 2),2019,0.0003084822687160758
3. Polynomial (deg 2),2020,0.0003084822687160757
3. Polynomial (deg 2),2021,0.00030848226871607565
3. Polynomial (deg 2),2022,0.0003084822687160756
3. Polynomial (deg 2),2023,0.0003084822687160755
3. Polynomial (deg 2),2024,0.00030848226871607533
3. Polynomial (deg 2),2025,0.0003084822687160752
3. Polynomial (deg 2),2026,0.0003084822687160752
3. Polynomial (deg 2),2027,0.0003084822687160751
3. Polynomial (deg 2),2028,0.000308482268716075
3. Polynomial (deg 2),2029,0.000308482268716075
3. Polynomial (deg 2),2030,0.0003084822687160749
3. Polynomial (deg 2),2031,0.0003084822687160748
3. Polynomial (deg 2),2032,0.00030848226871607473
3. Polynomial (deg 2),2033,0.0003084822687160747
3. Polynomial (deg 2),2034,0.0003084822687160747
3. Polynomial (deg 2),2035,0.00030848226871607446
3. Polynomial (deg 2),2036,0.0003084822687160744
3. Polynomial (deg 2),2037,0.00030848226871607435
3. Polynomial (deg 2),2038,0.0003084822687160743
3. Polynomial (deg 2),2039,0.0003084822687160742
3. Polynomial (deg 2),2040,0.0003084822687160742
3. Polynomial (deg 2),2041,0.0003084822687160741
3. Polynomial (deg 2),2042,0.00030848226871607403
3. Polynomial (deg 2),2043,0.000308482268716074
3. Polynomial (deg 2),2044,0.0003084822687160739
3. Polynomial (deg 2),2045,0.00030848226871607387
3. Polynomial (deg 2),2046,0.0003084822687160737
3. Polynomial (deg 2),2047,0.00030848226871607365
3. Polynomial (deg 2),2048,0.0003084822687160736
3. Polynomial (deg 2),2049,0.00030848226871607354
3. Polynomial (deg 2),2050,0.0003084822687160735
3. Polynomial (deg 2),2051,0.00030848226871607343
3. Polynomial (deg 2),2052,0.0003084822687160734
3. Polynomial (deg 2),2053,0.00030848226871607327
3. Polynomial (deg 2),2054,0.00030848226871607327
3. Polynomial (deg 2),2055,0.00030848226871607327
3. Polynomial (deg 2),2056,0.00030848226871607316
3. Polynomial (deg 2),2057,0.0003084822687160731
3. Polynomial (deg 2),2058,0.00030848226871607305
3. Polynomial (deg 2),2059,0.000308482268716073
3. Polynomial (deg 2),2060,0.0003084822687160729
3. Polynomial (deg 2),2061,0.00030848226871607284
3. Polynomial (deg 2),2062,0.0003084822687160728
3. Polynomial (deg 2),2063,0.0003084822687160728
3. Polynomial (deg 2),2064,0.0003084822687160727
3. Polynomial (deg 2),2065,0.0003084822687160727
3. Polynomial (deg 2),2066,0.00030848226871607256
3. Polynomial (deg 2),2067,0.00030848226871607256
3. Polynomial (deg 2),2068,0.0003084822687160725
3. Polynomial (deg 2),2069,0.00030848226871607246
3. Polynomial (deg 2),2070,0.00030848226871607235
3. Polynomial (deg 2),2071,0.00030848226871607235
3. Polynomial (deg 2),2072,0.00030848226871607235
3. Polynomial (deg 2),2073,0.0003084822687160723
3. Polynomial (deg 2),2074,0.00030848226871607224
3. Polynomial (deg 2),2075,0.00030848226871607224
3. Polynomial (deg 2),2076,0.0003084822687160721
3. Polynomial (deg 2),2077,0.0003084822687160721
3. Polynomial (deg 2),2078,0.000308482268716072
3. Polynomial (deg 2),2079,0.00030848226871607197
3. Polynomial (deg 2),2080,0.00030848226871607197
3. Polynomial (deg 2),2081,0.0003084822687160719
3. Polynomial (deg 2),2082,0.00030848226871607186
3. Polynomial (deg 2),2083,0.00030848226871607186
3. Polynomial (deg 2),2084,0.00030848226871607175
3. Polynomial (deg 2),2085,0.00030848226871607175
3. Polynomial (deg 2),2086,0.00030848226871607175
3. Polynomial (deg 2),2087,0.0003084822687160717
3. Polynomial (deg 2),2088,0.00030848226871607164
3. Polynomial (deg 2),2089,0.0003084822687160716
3. Polynomial (deg 2),2090,0.0003084822687160716
3. Polynomial (deg 2),2091,0.00030848226871607153
3. Polynomial (deg 2),2092,0.00030848226871607153
3. Polynomial (deg 2),2093,0.0003084822687160715
3. Polynomial (deg 2),2094,0.0003084822687160715
3. Polynomial (deg 2),2095,0.0003084822687160714
3. Polynomial (deg 2),2096,0.00030848226871607137
3. Polynomial (deg 2),2097,0.00030848226871607137
3. Polynomial (deg 2),2098,0.00030848226871607137
3. Polynomial (deg 2),2099,0.0003084822687160713
3. Polynomial (deg 2),2100,0.0003084822687160712
3. Polynomial (deg 2),2101,0.0003084822687160712
3. Polynomial (deg 2),2102,0.00030848226871607116
3. Polynomial (deg 2),2103,0.00030848226871607116
3. Polynomial (deg 2),2104,0.00030848226871607105
3. Polynomial (deg 2),2105,0.00030848226871607105
3. Polynomial (deg 2),2106,0.00030848226871607105
3. Polynomial (deg 2),2107,0.00030848226871607105
3. Polynomial (deg 2),2108,0.00030848226871607105
3. Polynomial (deg 2),2109,0.00030848226871607094
3. Polynomial (deg 2),2110,0.00030848226871607094
3. Polynomial (deg 2),2111,0.00030848226871607094
3. Polynomial (deg 2),2112,0.0003084822687160709
3. Polynomial (deg 2),2113,0.00030848226871607083
3. Polynomial (deg 2),2114,0.00030848226871607083
3. Polynomial (deg 2),2115,0.00030848226871607083
3. Polynomial (deg 2),2116,0.0003084822687160708
3. Polynomial (deg 2),2117,0.0003084822687160707
3. Polynomial (deg 2),2118,0.0003084822687160707
3. Polynomial (deg 2),2119,0.0003084822687160707
3. Polynomial (deg 2),2120,0.0003084822687160707
3. Polynomial (deg 2),2121,0.0003084822687160706
3. Polynomial (deg 2),2122,0.00030848226871607067
3. Polynomial (deg 2),2123,0.0003084822687160706
3. Polynomial (deg 2),2124,0.0003084822687160706
3. Polynomial (deg 2),2125,0.0003084822687160706
3. Polynomial (deg 2),2126,0.0003084822687160706
3. Polynomial (deg 2),2127,0.00030848226871607056
3. Polynomial (deg 2),2128,0.0003084822687160705
3. Polynomial (deg 2),2129,0.0003084822687160705
3. Polynomial (deg 2),2130,0.0003084822687160705
3. Polynomial (deg 2),2131,0.00030848226871607034
3. Polynomial (deg 2),2132,0.00030848226871607034
3. Polynomial (deg 2),2133,0.00030848226871607034
3. Polynomial (deg 2),2134,0.00030848226871607034
3. Polynomial (deg 2),2135,0.00030848226871607034
3. Polynomial (deg 2),2136,0.0003084822687160703
3. Polynomial (deg 2),2137,0.00030848226871607023
3. Polynomial (deg 2),2138,0.0003084822687160703
3. Polynomial (deg 2),2139,0.0003084822687160703
3. Polynomial (deg 2),2140,0.00030848226871607023
3. Polynomial (deg 2),2141,0.00030848226871607023
3. Polynomial (deg 2),2142,0.0003084822687160702
3. Polynomial (deg 2),2143,0.00030848226871607023
3. Polynomial (deg 2),2144,0.0003084822687160702
3. Polynomial (deg 2),2145,0.0003084822687160701
3. Polynomial (deg 2),2146,0.0003084822687160701
3. Polynomial (deg 2),2147,0.0003084822687160701
3. Polynomial (deg 2),2148,0.0003084822687160701
3. Polynomial (deg 2),2149,0.0003084822687160701
3. Polynomial (deg 2),2150,0.00030848226871607
3. Polynomial (deg 2),2151,0.00030848226871607007
3. Polynomial (deg 2),2152,0.00030848226871607
3. Polynomial (deg 2),2153,0.00030848226871607
3. Polynomial (deg 2),2154,0.00030848226871607
3. Polynomial (deg 2),2155,0.00030848226871607
3. Polynomial (deg 2),2156,0.00030848226871607
3. Polynomial (deg 2),2157,0.00030848226871606996
3. Polynomial (deg 2),2158,0.00030848226871606996
3. Polynomial (deg 2),2159,0.0003084822687160699
3. Polynomial (deg 2),2160,0.0003084822687160699
3. Polynomial (deg 2),2161,0.0003084822687160699
3. Polynomial (deg 2),2162,0.0003084822687160699
3. Polynomial (deg 2),2163,0.0003084822687160699
3. Polynomial (deg 2),2164,0.00030848226871606985
3. Polynomial (deg 2),2165,0.0003084822687160699
3. Polynomial (deg 2),2166,0.00030848226871606985
3. Polynomial (deg 2),2167,0.00030848226871606985
3. Polynomial (deg 2),2168,0.00030848226871606985
3. Polynomial (deg 2),2169,0.0003084822687160698
3. Polynomial (deg 2),2170,0.0003084822687160698
3. Polynomial (deg 2),2171,0.0003084822687160698
3. Polynomial (deg 2),2172,0.0003084822687160698
3. Polynomial (deg 2),2173,0.0003084822687160698
3. Polynomial (deg 2),2174,0.0003084822687160698
3. Polynomial (deg 2),2175,0.00030848226871606975
3. Polynomial (deg 2),2176,0.0003084822687160698
3. Polynomial (deg 2),2177,0.0003084822687160697
3. Polynomial (deg 2),2178,0.00030848226871606975
3. Polynomial (deg 2),2179,0.0003084822687160697
3. Polynomial (deg 2),2180,0.0003084822687160697
3. Polynomial (deg 2),2181,0.0003084822687160697
3. Polynomial (deg 2),2182,0.00030848226871606964
3. Polynomial (deg 2),2183,0.0003084822687160697
3. Polynomial (deg 2),2184,0.00030848226871606964
3. Polynomial (deg 2),2185,0.00030848226871606964
3. Polynomial (deg 2),2186,0.00030848226871606964
3. Polynomial (deg 2),2187,0.00030848226871606953
3. Polynomial (deg 2),2188,0.00030848226871606964
3. Polynomial (deg 2),2189,0.00030848226871606953
3. Polynomial (deg 2),2190,0.00030848226871606953
3. Polynomial (deg 2),2191,0.00030848226871606953
3. Polynomial (deg 2),2192,0.00030848226871606953
3. Polynomial (deg 2),2193,0.00030848226871606953
3. Polynomial (deg 2),2194,0.00030848226871606953
3. Polynomial (deg 2),2195,0.00030848226871606953
3. Polynomial (deg 2),2196,0.0003084822687160695
3. Polynomial (deg 2),2197,0.00030848226871606953
3. Polynomial (deg 2),2198,0.0003084822687160695
3. Polynomial (deg 2),2199,0.0003084822687160694
3. Polynomial (deg 2),2200,0.0003084822687160694
3. Polynomial (deg 2),2201,0.0003084822687160695
3. Polynomial (deg 2),2202,0.0003084822687160695
3. Polynomial (deg 2),2203,0.0003084822687160694
3. Polynomial (deg 2),2204,0.0003084822687160694
3. Polynomial (deg 2),2205,0.0003084822687160694
3. Polynomial (deg 2),2206,0.0003084822687160694
3. Polynomial (deg 2),2207,0.0003084822687160694
3. Polynomial (deg 2),2208,0.00030848226871606937
3. Polynomial (deg 2),2209,0.0003084822687160694
3. Polynomial (deg 2),2210,0.0003084822687160694
3. Polynomial (deg 2),2211,0.00030848226871606937
3. Polynomial (deg 2),2212,0.0003084822687160694
3. Polynomial (deg 2),2213,0.0003084822687160694
3. Polynomial (deg 2),2214,0.0003084822687160693
3. Polynomial (deg 2),2215,0.0003084822687160693
3. Polynomial (deg 2),2216,0.0003084822687160693
3. Polynomial (deg 2),2217,0.0003084822687160693
3. Polynomial (deg 2),2218,0.0003084822687160693
3. Polynomial (deg 2),2219,0.00030848226871606937
3. Polynomial (deg 2),2220,0.0003084822687160693
3. Polynomial (deg 2),2221,0.0003084822687160693
3. Polynomial (deg 2),2222,0.0003084822687160693
3. Polynomial (deg 2),2223,0.0003084822687160693
3. Polynomial (deg 2),2224,0.00030848226871606926
3. Polynomial (deg 2),2225,0.0003084822687160693
3. Polynomial (deg 2),2226,0.00030848226871606926
3. Polynomial (deg 2),2227,0.00030848226871606926
3. Polynomial (deg 2),2228,0.0003084822687160693
3. Polynomial (deg 2),2229,0.00030848226871606926
3. Polynomial (deg 2),2230,0.00030848226871606926
3. Polynomial (deg 2),2231,0.00030848226871606926
3. Polynomial (deg 2),2232,0.0003084822687160692
3. Polynomial (deg 2),2233,0.0003084822687160692
3. Polynomial (deg 2),2234,0.00030848226871606926
3. Polynomial (deg 2),2235,0.00030848226871606926
3. Polynomial (deg 2),2236,0.00030848226871606926
3. Polynomial (deg 2),2237,0.0003084822687160692
3. Polynomial (deg 2),2238,0.0003084822687160692
3. Polynomial (deg 2),2239,0.0003084822687160692
3. Polynomial (deg 2),2240,0.0003084822687160692
3. Polynomial (deg 2),2241,0.0003084822687160692
3. Polynomial (deg 2),2242,0.0003084822687160692
3. Polynomial (deg 2),2243,0.0003084822687160692
3. Polynomial (deg 2),2244,0.0003084822687160692
3. Polynomial (deg 2),2245,0.0003084822687160692
3. Polynomial (deg 2),2246,0.0003084822687160692
3. Polynomial (deg 2),2247,0.0003084822687160692
3. Polynomial (deg 2),2248,0.00030848226871606915
3. Polynomial (deg 2),2249,0.00030848226871606915
3. Polynomial (deg 2),2250,0.0003084822687160691
3. Polynomial (deg 2),2251,0.00030848226871606915
3. Polynomial (deg 2),2252,0.0003084822687160691
3. Polynomial (deg 2),2253,0.0003084822687160692
3. Polynomial (deg 2),2254,0.00030848226871606915
3. Polynomial (deg 2),2255,0.00030848226871606915
3. Polynomial (deg 2),2256,0.00030848226871606915
3. Polynomial (deg 2),2257,0.0003084822687160691
3. Polynomial (deg 2),2258,0.00030848226871606915
3. Polynomial (deg 2),2259,0.00030848226871606915
3. Polynomial (deg 2),2260,0.00030848226871606915
3. Polynomial (deg 2),2261,0.0003084822687160691
3. Polynomial (deg 2),2262,0.0003084822687160691
3. Polynomial (deg 2),2263,0.0003084822687160691
3. Polynomial (deg 2),2264,0.0003084822687160691
3. Polynomial (deg 2),2265,0.0003084822687160691
3. Polynomial (deg 2),2266,0.0003084822687160691
3. Polynomial (deg 2),2267,0.0003084822687160691
3. Polynomial (deg 2),2268,0.0003084822687160691
3. Polynomial (deg 2),2269,0.0003084822687160691
3. Polynomial (deg 2),2270,0.0003084822687160691
3. Polynomial (deg 2),2271,0.0003084822687160691
3. Polynomial (deg 2),2272,0.0003084822687160691
3. Polynomial (deg 2),2273,0.0003084822687160691
3. Polynomial (deg 2),2274,0.0003084822687160691
3. Polynomial (deg 2),2275,0.0003084822687160691
3. Polynomial (deg 2),2276,0.0003084822687160691
3. Polynomial (deg 2),2277,0.0003084822687160691
3. Polynomial (deg 2),2278,0.0003084822687160691
3. Polynomial (deg 2),2279,0.0003084822687160691
3. Polynomial (deg 2),2280,0.0003084822687160691
3. Polynomial (deg 2),2281,0.0003084822687160691
3. Polynomial (deg 2),2282,0.00030848226871606904
3. Polynomial (deg 2),2283,0.00030848226871606904
3. Polynomial (deg 2),2284,0.00030848226871606904
3. Polynomial (deg 2),2285,0.00030848226871606904
3. Polynomial (deg 2),2286,0.00030848226871606904
3. Polynomial (deg 2),2287,0.000308482268716069
3. Polynomial (deg 2),2288,0.000308482268716069
3. Polynomial (deg 2),2289,0.00030848226871606904
3. Polynomial (deg 2),2290,0.00030848226871606904
3. Polynomial (deg 2),2291,0.00030848226871606904
3. Polynomial (deg 2),2292,0.00030848226871606904
3. Polynomial (deg 2),2293,0.000308482268716069
3. Polynomial (deg 2),2294,0.000308482268716069
3. Polynomial (deg 2),2295,0.000308482268716069
3. Polynomial (deg 2),2296,0.000308482268716069
3. Polynomial (deg 2),2297,0.000308482268716069
3. Polynomial (deg 2),2298,0.000308482268716069
3. Polynomial (deg 2),2299,0.00030848226871606904
3. Polynomial (deg 2),2300,0.000308482268716069
3. Polynomial (deg 2),2301,0.000308482268716069
3. Polynomial (deg 2),2302,0.000308482268716069
3. Polynomial (deg 2),2303,0.000308482268716069
3. Polynomial (deg 2),2304,0.00030848226871606904
3. Polynomial (deg 2),2305,0.000308482268716069
3. Polynomial (deg 2),2306,0.000308482268716069
3. Polynomial (deg 2),2307,0.000308482268716069
3. Polynomial (deg 2),2308,0.000308482268716069
3. Polynomial (deg 2),2309,0.000308482268716069
3. Polynomial (deg 2),2310,0.000308482268716069
3. Polynomial (deg 2),2311,0.000308482268716069
3. Polynomial (deg 2),2312,0.000308482268716069
3. Polynomial (deg 2),2313,0.000308482268716069
3. Polynomial (deg 2),2314,0.000308482268716069
3. Polynomial (deg 2),2315,0.000308482268716069
3. Polynomial (deg 2),2316,0.000308482268716069
3. Polynomial (deg 2),2317,0.000308482268716069
3. Polynomial (deg 2),2318,0.000308482268716069
3. Polynomial (deg 2),2319,0.000308482268716069
3. Polynomial (deg 2),2320,0.000308482268716069
3. Polynomial (deg 2),2321,0.000308482268716069
3. Polynomial (deg 2),2322,0.000308482268716069
3. Polynomial (deg 2),2323,0.000308482268716069
3. Polynomial (deg 2),2324,0.000308482268716069
3. Polynomial (deg 2),2325,0.000308482268716069
3. Polynomial (deg 2),2326,0.000308482268716069
3. Polynomial (deg 2),2327,0.000308482268716069
3. Polynomial (deg 2),2328,0.000308482268716069
3. Polynomial (deg 2),2329,0.000308482268716069
3. Polynomial (deg 2),2330,0.000308482268716069
3. Polynomial (deg 2),2331,0.00030848226871606893
3. Polynomial (deg 2),2332,0.00030848226871606893
3. Polynomial (deg 2),2333,0.000308482268716069
3. Polynomial (deg 2),2334,0.00030848226871606893
3. Polynomial (deg 2),2335,0.00030848226871606893
3. Polynomial (deg 2),2336,0.00030848226871606893
3. Polynomial (deg 2),2337,0.000308482268716069
3. Polynomial (deg 2),2338,0.000308482268716069
3. Polynomial (deg 2),2339,0.00030848226871606893
3. Polynomial (deg 2),2340,0.00030848226871606893
3. Polynomial (deg 2),2341,0.00030848226871606893
3. Polynomial (deg 2),2342,0.00030848226871606893
3. Polynomial (deg 2),2343,0.000308482268716069
3. Polynomial (deg 2),2344,0.000308482268716069
3. Polynomial (deg 2),2345,0.00030848226871606893
3. Polynomial (deg 2),2346,0.00030848226871606893
3. Polynomial (deg 2),2347,0.00030848226871606893
3. Polynomial (deg 2),2348,0.00030848226871606893
3. Polynomial (deg 2),2349,0.0003084822687160689
3. Polynomial (deg 2),2350,0.000308482268716069
3. Polynomial (deg 2),2351,0.0003084822687160689
3. Polynomial (deg 2),2352,0.00030848226871606893
3. Polynomial (deg 2),2353,0.00030848226871606893
3. Polynomial (deg 2),2354,0.00030848226871606893
3. Polynomial (deg 2),2355,0.0003084822687160689
3. Polynomial (deg 2),2356,0.0003084822687160689
3. Polynomial (deg 2),2357,0.00030848226871606893
3. Polynomial (deg 2),2358,0.00030848226871606893
3. Polynomial (deg 2),2359,0.0003084822687160689
3. Polynomial (deg 2),2360,0.0003084822687160689
3. Polynomial (deg 2),2361,0.00030848226871606893
3. Polynomial (deg 2),2362,0.00030848226871606893
3. Polynomial (deg 2),2363,0.00030848226871606893
3. Polynomial (deg 2),2364,0.00030848226871606893
3. Polynomial (deg 2),2365,0.0003084822687160689
3. Polynomial (deg 2),2366,0.0003084822687160689
3. Polynomial (deg 2),2367,0.00030848226871606893
3. Polynomial (deg 2),2368,0.00030848226871606893
3. Polynomial (deg 2),2369,0.00030848226871606893
3. Polynomial (deg 2),2370,0.00030848226871606893
3. Polynomial (deg 2),2371,0.0003084822687160689
3. Polynomial (deg 2),2372,0.0003084822687160689
3. Polynomial (deg 2),2373,0.0003084822687160689
3. Polynomial (deg 2),2374,0.00030848226871606893
3. Polynomial (deg 2),2375,0.00030848226871606893
3. Polynomial (deg 2),2376,0.0003084822687160689
3. Polynomial (deg 2),2377,0.00030848226871606893
3. Polynomial (deg 2),2378,0.0003084822687160689
3. Polynomial (deg 2),2379,0.00030848226871606893
3. Polynomial (deg 2),2380,0.0003084822687160689
3. Polynomial (deg 2),2381,0.0003084822687160689
3. Polynomial (deg 2),2382,0.0003084822687160689
3. Polynomial (deg 2),2383,0.0003084822687160689
3. Polynomial (deg 2),2384,0.0003084822687160689
3. Polynomial (deg 2),2385,0.0003084822687160689
3. Polynomial (deg 2),2386,0.0003084822687160689
3. Polynomial (deg 2),2387,0.0003084822687160689
3. Polynomial (deg 2),2388,0.0003084822687160689
3. Polynomial (deg 2),2389,0.00030848226871606893
3. Polynomial (deg 2),2390,0.0003084822687160689
3. Polynomial (deg 2),2391,0.0003084822687160689
3. Polynomial (deg 2),2392,0.0003084822687160689
3. Polynomial (deg 2),2393,0.0003084822687160689
3. Polynomial (deg 2),2394,0.0003084822687160689
3. Polynomial (deg 2),2395,0.0003084822687160689
3. Polynomial (deg 2),2396,0.0003084822687160689
3. Polynomial (deg 2),2397,0.0003084822687160689
3. Polynomial (deg 2),2398,0.0003084822687160689
3. Polynomial (deg 2),2399,0.0003084822687160689
3. Polynomial (deg 2),2400,0.0003084822687160689
3. Polynomial (deg 2),2401,0.0003084822687160689
3. Polynomial (deg 2),2402,0.0003084822687160689
3. Polynomial (deg 2),2403,0.0003084822687160689
3. Polynomial (deg 2),2404,0.0003084822687160689
3. Polynomial (deg 2),2405,0.0003084822687160689
3. Polynomial (deg 2),2406,0.0003084822687160689
3. Polynomial (deg 2),2407,0.0003084822687160689
3. Polynomial (deg 2),2408,0.0003084822687160689
3. Polynomial (deg 2),2409,0.0003084822687160689
3. Polynomial (deg 2),2410,0.0003084822687160689
3. Polynomial (deg 2),2411,0.0003084822687160689
3. Polynomial (deg 2),2412,0.0003084822687160689
3. Polynomial (deg 2),2413,0.0003084822687160689
3. Polynomial (deg 2),2414,0.0003084822687160689
3. Polynomial (deg 2),2415,0.0003084822687160689
3. Polynomial (deg 2),2416,0.0003084822687160689
3. Polynomial (deg 2),2417,0.0003084822687160689
3. Polynomial (deg 2),2418,0.0003084822687160689
3. Polynomial (deg 2),2419,0.0003084822687160689
3. Polynomial (deg 2),2420,0.0003084822687160689
3. Polynomial (deg 2),2421,0.0003084822687160689
3. Polynomial (deg 2),2422,0.0003084822687160689
3. Polynomial (deg 2),2423,0.0003084822687160689
3. Polynomial (deg 2),2424,0.0003084822687160689
3. Polynomial (deg 2),2425,0.0003084822687160689
3. Polynomial (deg 2),2426,0.0003084822687160689
3. Polynomial (deg 2),2427,0.0003084822687160689
3. Polynomial (deg 2),2428,0.0003084822687160689
3. Polynomial (deg 2),2429,0.0003084822687160688
3. Polynomial (deg 2),2430,0.0003084822687160689
3. Polynomial (deg 2),2431,0.0003084822687160689
3. Polynomial (deg 2),2432,0.0003084822687160689
3. Polynomial (deg 2),2433,0.0003084822687160689
3. Polynomial (deg 2),2434,0.0003084822687160689
3. Polynomial (deg 2),2435,0.0003084822687160689
3. Polynomial (deg 2),2436,0.0003084822687160689
3. Polynomial (deg 2),2437,0.0003084822687160689
3. Polynomial (deg 2),2438,0.0003084822687160689
3. Polynomial (deg 2),2439,0.0003084822687160689
3. Polynomial (deg 2),2440,0.0003084822687160689
3. Polynomial (deg 2),2441,0.0003084822687160689
3. Polynomial (deg 2),2442,0.0003084822687160689
3. Polynomial (deg 2),2443,0.0003084822687160689
3. Polynomial (deg 2),2444,0.0003084822687160688
3. Polynomial (deg 2),2445,0.0003084822687160689
3. Polynomial (deg 2),2446,0.0003084822687160689
3. Polynomial (deg 2),2447,0.0003084822687160689
3. Polynomial (deg 2),2448,0.0003084822687160689
3. Polynomial (deg 2),2449,0.0003084822687160689
3. Polynomial (deg 2),2450,0.0003084822687160689
3. Polynomial (deg 2),2451,0.0003084822687160689
3. Polynomial (deg 2),2452,0.0003084822687160689
3. Polynomial (deg 2),2453,0.0003084822687160689
3. Polynomial (deg 2),2454,0.0003084822687160689
3. Polynomial (deg 2),2455,0.0003084822687160689
3. Polynomial (deg 2),2456,0.0003084822687160689
3. Polynomial (deg 2),2457,0.0003084822687160688
3. Polynomial (deg 2),2458,0.0003084822687160689
3. Polynomial (deg 2),2459,0.0003084822687160689
3. Polynomial (deg 2),2460,0.0003084822687160689
3. Polynomial (deg 2),2461,0.0003084822687160689
3. Polynomial (deg 2),2462,0.0003084822687160689
3. Polynomial (deg 2),2463,0.0003084822687160688
3. Polynomial (deg 2),2464,0.0003084822687160689
3. Polynomial (deg 2),2465,0.0003084822687160689
3. Polynomial (deg 2),2466,0.0003084822687160689
3. Polynomial (deg 2),2467,0.0003084822687160689
3. Polynomial (deg 2),2468,0.0003084822687160688
3. Polynomial (deg 2),2469,0.0003084822687160689
3. Polynomial (deg 2),2470,0.0003084822687160689
3. Polynomial (deg 2),2471,0.0003084822687160689
3. Polynomial (deg 2),2472,0.0003084822687160689
3. Polynomial (deg 2),2473,0.0003084822687160689
3. Polynomial (deg 2),2474,0.0003084822687160689
3. Polynomial (deg 2),2475,0.0003084822687160689
3. Polynomial (deg 2),2476,0.0003084822687160689
3. Polynomial (deg 2),2477,0.0003084822687160689
3. Polynomial (deg 2),2478,0.0003084822687160689
3. Polynomial (deg 2),2479,0.0003084822687160689
3. Polynomial (deg 2),2480,0.0003084822687160688
3. Polynomial (deg 2),2481,0.0003084822687160689
3. Polynomial (deg 2),2482,0.0003084822687160689
3. Polynomial (deg 2),2483,0.0003084822687160689
3. Polynomial (deg 2),2484,0.0003084822687160689
3. Polynomial (deg 2),2485,0.0003084822687160689
3. Polynomial (deg 2),2486,0.0003084822687160689
3. Polynomial (deg 2),2487,0.0003084822687160689
3. Polynomial (deg 2),2488,0.0003084822687160689
3. Polynomial (deg 2),2489,0.0003084822687160688
3. Polynomial (deg 2),2490,0.0003084822687160688
3. Polynomial (deg 2),2491,0.0003084822687160689
3. Polynomial (deg 2),2492,0.0003084822687160689
3. Polynomial (deg 2),2493,0.0003084822687160689
3. Polynomial (deg 2),2494,0.0003084822687160688
3. Polynomial (deg 2),2495,0.0003084822687160689
3. Polynomial (deg 2),2496,0.0003084822687160689
3. Polynomial (deg 2),2497,0.0003084822687160689
3. Polynomial (deg 2),2498,0.0003084822687160689
3. Polynomial (deg 2),2499,0.0003084822687160689
3. Polynomial (deg 2),2500,0.0003084822687160689
3. Polynomial (deg 2),2501,0.0003084822687160689
3. Polynomial (deg 2),2502,0.0003084822687160689
3. Polynomial (deg 2),2503,0.0003084822687160689
3. Polynomial (deg 2),2504,0.0003084822687160689
3. Polynomial (deg 2),2505,0.0003084822687160689
3. Polynomial (deg 2),2506,0.0003084822687160689
3. Polynomial (deg 2),2507,0.0003084822687160689
3. Polynomial (deg 2),2508,0.0003084822687160689
3. Polynomial (deg 2),2509,0.0003084822687160689
3. Polynomial (deg 2),2510,0.0003084822687160689
3. Polynomial (deg 2),2511,0.0003084822687160688
3. Polynomial (deg 2),2512,0.0003084822687160689
3. Polynomial (deg 2),2513,0.0003084822687160689
3. Polynomial (deg 2),2514,0.0003084822687160689
3. Polynomial (deg 2),2515,0.0003084822687160689
3. Polynomial (deg 2),2516,0.0003084822687160689
3. Polynomial (deg 2),2517,0.0003084822687160688
3. Polynomial (deg 2),2518,0.0003084822687160689
3. Polynomial (deg 2),2519,0.0003084822687160689
3. Polynomial (deg 2),2520,0.0003084822687160689
3. Polynomial (deg 2),2521,0.0003084822687160689
3. Polynomial (deg 2),2522,0.0003084822687160688
3. Polynomial (deg 2),2523,0.0003084822687160688
3. Polynomial (deg 2),2524,0.0003084822687160689
3. Polynomial (deg 2),2525,0.0003084822687160688
3. Polynomial (deg 2),2526,0.0003084822687160689
3. Polynomial (deg 2),2527,0.0003084822687160688
3. Polynomial (deg 2),2528,0.0003084822687160689
3. Polynomial (deg 2),2529,0.0003084822687160688
3. Polynomial (deg 2),2530,0.0003084822687160689
3. Polynomial (deg 2),2531,0.0003084822687160688
3. Polynomial (deg 2),2532,0.0003084822687160689
3. Polynomial (deg 2),2533,0.0003084822687160689
3. Polynomial (deg 2),2534,0.0003084822687160689
3. Polynomial (deg 2),2535,0.0003084822687160689
3. Polynomial (deg 2),2536,0.0003084822687160689
3. Polynomial (deg 2),2537,0.0003084822687160689
3. Polynomial (deg 2),2538,0.0003084822687160688
3. Polynomial (deg 2),2539,0.0003084822687160689
3. Polynomial (deg 2),2540,0.0003084822687160688
3. Polynomial (deg 2),2541,0.0003084822687160689
3. Polynomial (deg 2),2542,0.0003084822687160688
3. Polynomial (deg 2),2543,0.0003084822687160689
3. Polynomial (deg 2),2544,0.0003084822687160689
3. Polynomial (deg 2),2545,0.0003084822687160689
3. Polynomial (deg 2),2546,0.0003084822687160689
3. Polynomial (deg 2),2547,0.0003084822687160689
3. Polynomial (deg 2),2548,0.0003084822687160688
3. Polynomial (deg 2),2549,0.0003084822687160688
3. Polynomial (deg 2),2550,0.0003084822687160689
3. Polynomial (deg 2),2551,0.0003084822687160689
3. Polynomial (deg 2),2552,0.0003084822687160688
3. Polynomial (deg 2),2553,0.0003084822687160689
3. Polynomial (deg 2),2554,0.0003084822687160688
3. Polynomial (deg 2),2555,0.0003084822687160688
3. Polynomial (deg 2),2556,0.0003084822687160689
3. Polynomial (deg 2),2557,0.0003084822687160688
3. Polynomial (deg 2),2558,0.0003084822687160689
3. Polynomial (deg 2),2559,0.0003084822687160689
3. Polynomial (deg 2),2560,0.0003084822687160689
3. Polynomial (deg 2),2561,0.0003084822687160689
3. Polynomial (deg 2),2562,0.0003084822687160689
3. Polynomial (deg 2),2563,0.0003084822687160689
3. Polynomial (deg 2),2564,0.0003084822687160689
3. Polynomial (deg 2),2565,0.0003084822687160689
3. Polynomial (deg 2),2566,0.0003084822687160689
3. Polynomial (deg 2),2567,0.0003084822687160689
3. Polynomial (deg 2),2568,0.0003084822687160689
3. Polynomial (deg 2),2569,0.0003084822687160689
3. Polynomial (deg 2),2570,0.0003084822687160688
3. Polynomial (deg 2),2571,0.0003084822687160689
3. Polynomial (deg 2),2572,0.0003084822687160689
3. Polynomial (deg 2),2573,0.0003084822687160689
3. Polynomial (deg 2),2574,0.0003084822687160689
3. Polynomial (deg 2),2575,0.0003084822687160689
3. Polynomial (deg 2),2576,0.0003084822687160689
3. Polynomial (deg 2),2577,0.0003084822687160688
3. Polynomial (deg 2),2578,0.0003084822687160689
3. Polynomial (deg 2),2579,0.0003084822687160688
3. Polynomial (deg 2),2580,0.0003084822687160689
3. Polynomial (deg 2),2581,0.0003084822687160688
3. Polynomial (deg 2),2582,0.0003084822687160689
3. Polynomial (deg 2),2583,0.0003084822687160689
3. Polynomial (deg 2),2584,0.0003084822687160689
3. Polynomial (deg 2),2585,0.0003084822687160689
3. Polynomial (deg 2),2586,0.0003084822687160688
3. Polynomial (deg 2),2587,0.0003084822687160689
3. Polynomial (deg 2),2588,0.0003084822687160689
3. Polynomial (deg 2),2589,0.0003084822687160688
3. Polynomial (deg 2),2590,0.0003084822687160688
3. Polynomial (deg 2),2591,0.0003084822687160688
3. Polynomial (deg 2),2592,0.0003084822687160689
3. Polynomial (deg 2),2593,0.0003084822687160689
3. Polynomial (deg 2),2594,0.0003084822687160689
3. Polynomial (deg 2),2595,0.0003084822687160689
3. Polynomial (deg 2),2596,0.0003084822687160688
3. Polynomial (deg 2),2597,0.0003084822687160688
3. Polynomial (deg 2),2598,0.0003084822687160688
3. Polynomial (deg 2),2599,0.0003084822687160689
3. Polynomial (deg 2),2600,0.0003084822687160688
3. Polynomial (deg 2),2601,0.0003084822687160688
3. Polynomial (deg 2),2602,0.0003084822687160689
3. Polynomial (deg 2),2603,0.0003084822687160689
3. Polynomial (deg 2),2604,0.0003084822687160688
3. Polynomial (deg 2),2605,0.0003084822687160688
3. Polynomial (deg 2),2606,0.0003084822687160689
3. Polynomial (deg 2),2607,0.0003084822687160689
3. Polynomial (deg 2),2608,0.0003084822687160688
3. Polynomial (deg 2),2609,0.0003084822687160689
3. Polynomial (deg 2),2610,0.0003084822687160688
3. Polynomial (deg 2),2611,0.0003084822687160689
3. Polynomial (deg 2),2612,0.0003084822687160688
3. Polynomial (deg 2),2613,0.0003084822687160688
3. Polynomial (deg 2),2614,0.0003084822687160688
3. Polynomial (deg 2),2615,0.0003084822687160689
3. Polynomial (deg 2),2616,0.0003084822687160689
3. Polynomial (deg 2),2617,0.0003084822687160689
3. Polynomial (deg 2),2618,0.0003084822687160689
3. Polynomial (deg 2),2619,0.0003084822687160689
3. Polynomial (deg 2),2620,0.0003084822687160689
3. Polynomial (deg 2),2621,0.0003084822687160689
3. Polynomial (deg 2),2622,0.0003084822687160689
3. Polynomial (deg 2),2623,0.0003084822687160689
3. Polynomial (deg 2),2624,0.0003084822687160689
3. Polynomial (deg 2),2625,0.0003084822687160689
3. Polynomial (deg 2),2626,0.0003084822687160688
3. Polynomial (deg 2),2627,0.0003084822687160688
3. Polynomial (deg 2),2628,0.0003084822687160689
3. Polynomial (deg 2),2629,0.0003084822687160688
3. Polynomial (deg 2),2630,0.0003084822687160688
3. Polynomial (deg 2),2631,0.0003084822687160688
3. Polynomial (deg 2),2632,0.0003084822687160689
3. Polynomial (deg 2),2633,0.0003084822687160689
3. Polynomial (deg 2),2634,0.0003084822687160689
3. Polynomial (deg 2),2635,0.0003084822687160689
3. Polynomial (deg 2),2636,0.0003084822687160688
3. Polynomial (deg 2),2637,0.0003084822687160689
3. Polynomial (deg 2),2638,0.0003084822687160689
3. Polynomial (deg 2),2639,0.0003084822687160689
3. Polynomial (deg 2),2640,0.0003084822687160689
3. Polynomial (deg 2),2641,0.0003084822687160689
3. Polynomial (deg 2),2642,0.0003084822687160688
3. Polynomial (deg 2),2643,0.0003084822687160688
3. Polynomial (deg 2),2644,0.0003084822687160688
3. Polynomial (deg 2),2645,0.0003084822687160689
3. Polynomial (deg 2),2646,0.0003084822687160689
3. Polynomial (deg 2),2647,0.0003084822687160689
3. Polynomial (deg 2),2648,0.0003084822687160689
3. Polynomial (deg 2),2649,0.0003084822687160689
3. Polynomial (deg 2),2650,0.0003084822687160688
3. Polynomial (deg 2),2651,0.0003084822687160689
3. Polynomial (deg 2),2652,0.0003084822687160689
3. Polynomial (deg 2),2653,0.0003084822687160688
3. Polynomial (deg 2),2654,0.0003084822687160689
3. Polynomial (deg 2),2655,0.0003084822687160688
3. Polynomial (deg 2),2656,0.0003084822687160689
3. Polynomial (deg 2),2657,0.0003084822687160689
3. Polynomial (deg 2),2658,0.0003084822687160688
3. Polynomial (deg 2),2659,0.0003084822687160689
3. Polynomial (deg 2),2660,0.0003084822687160689
3. Polynomial (deg 2),2661,0.0003084822687160688
3. Polynomial (deg 2),2662,0.0003084822687160689
3. Polynomial (deg 2),2663,0.0003084822687160689
3. Polynomial (deg 2),2664,0.0003084822687160689
3. Polynomial (deg 2),2665,0.0003084822687160689
3. Polynomial (deg 2),2666,0.0003084822687160688
3. Polynomial (deg 2),2667,0.0003084822687160689
3. Polynomial (deg 2),2668,0.0003084822687160688
3. Polynomial (deg 2),2669,0.0003084822687160688
3. Polynomial (deg 2),2670,0.0003084822687160688
3. Polynomial (deg 2),2671,0.0003084822687160688
3. Polynomial (deg 2),2672,0.0003084822687160689
3. Polynomial (deg 2),2673,0.0003084822687160689
3. Polynomial (deg 2),2674,0.0003084822687160689
3. Polynomial (deg 2),2675,0.0003084822687160688
3. Polynomial (deg 2),2676,0.0003084822687160688
3. Polynomial (deg 2),2677,0.0003084822687160689
3. Polynomial (deg 2),2678,0.0003084822687160688
3. Polynomial (deg 2),2679,0.0003084822687160688
3. Polynomial (deg 2),2680,0.0003084822687160689
3. Polynomial (deg 2),2681,0.0003084822687160689
3. Polynomial (deg 2),2682,0.0003084822687160688
3. Polynomial (deg 2),2683,0.0003084822687160689
3. Polynomial (deg 2),2684,0.0003084822687160689
3. Polynomial (deg 2),2685,0.0003084822687160689
3. Polynomial (deg 2),2686,0.0003084822687160689
3. Polynomial (deg 2),2687,0.0003084822687160689
3. Polynomial (deg 2),2688,0.0003084822687160688
3. Polynomial (deg 2),2689,0.0003084822687160689
3. Polynomial (deg 2),2690,0.0003084822687160689
3. Polynomial (deg 2),2691,0.0003084822687160688
3. Polynomial (deg 2),2692,0.0003084822687160689
3. Polynomial (deg 2),2693,0.0003084822687160689
3. Polynomial (deg 2),2694,0.0003084822687160689
3. Polynomial (deg 2),2695,0.0003084822687160689
3. Polynomial (deg 2),2696,0.0003084822687160687
3. Polynomial (deg 2),2697,0.0003084822687160688
3. Polynomial (deg 2),2698,0.0003084822687160688
3. Polynomial (deg 2),2699,0.0003084822687160689
3. Polynomial (deg 2),2700,0.0003084822687160688
3. Polynomial (deg 2),2701,0.0003084822687160688
3. Polynomial (deg 2),2702,0.0003084822687160689
3. Polynomial (deg 2),2703,0.0003084822687160688
3. Polynomial (deg 2),2704,0.0003084822687160689
3. Polynomial (deg 2),2705,0.0003084822687160688
3. Polynomial (deg 2),2706,0.0003084822687160689
3. Polynomial (deg 2),2707,0.0003084822687160687
3. Polynomial (deg 2),2708,0.0003084822687160688
3. Polynomial (deg 2),2709,0.0003084822687160688
3. Polynomial (deg 2),2710,0.0003084822687160688
3. Polynomial (deg 2),2711,0.0003084822687160688
3. Polynomial (deg 2),2712,0.0003084822687160689
3. Polynomial (deg 2),2713,0.0003084822687160689
3. Polynomial (deg 2),2714,0.0003084822687160689
3. Polynomial (deg 2),2715,0.0003084822687160689
3. Polynomial (deg 2),2716,0.0003084822687160689
3. Polynomial (deg 2),2717,0.0003084822687160689
3. Polynomial (deg 2),2718,0.0003084822687160688
3. Polynomial (deg 2),2719,0.0003084822687160688
3. Polynomial (deg 2),2720,0.0003084822687160688
3. Polynomial (deg 2),2721,0.0003084822687160689
3. Polynomial (deg 2),2722,0.0003084822687160688
3. Polynomial (deg 2),2723,0.0003084822687160689
3. Polynomial (deg 2),2724,0.0003084822687160688
3. Polynomial (deg 2),2725,0.0003084822687160689
3. Polynomial (deg 2),2726,0.0003084822687160689
3. Polynomial (deg 2),2727,0.0003084822687160688
3. Polynomial (deg 2),2728,0.0003084822687160689
3. Polynomial (deg 2),2729,0.0003084822687160689
3. Polynomial (deg 2),2730,0.0003084822687160689
3. Polynomial (deg 2),2731,0.0003084822687160689
3. Polynomial (deg 2),2732,0.0003084822687160688
3. Polynomial (deg 2),2733,0.0003084822687160688
3. Polynomial (deg 2),2734,0.0003084822687160689
3. Polynomial (deg 2),2735,0.0003084822687160689
3. Polynomial (deg 2),2736,0.0003084822687160689
3. Polynomial (deg 2),2737,0.0003084822687160689
3. Polynomial (deg 2),2738,0.0003084822687160689
3. Polynomial (deg 2),2739,0.0003084822687160688
3. Polynomial (deg 2),2740,0.0003084822687160688
3. Polynomial (deg 2),2741,0.0003084822687160688
3. Polynomial (deg 2),2742,0.0003084822687160688
3. Polynomial (deg 2),2743,0.0003084822687160688
3. Polynomial (deg 2),2744,0.0003084822687160689
3. Polynomial (deg 2),2745,0.0003084822687160689
3. Polynomial (deg 2),2746,0.0003084822687160688
3. Polynomial (deg 2),2747,0.0003084822687160689
3. Polynomial (deg 2),2748,0.0003084822687160689
3. Polynomial (deg 2),2749,0.0003084822687160689
3. Polynomial (deg 2),2750,0.0003084822687160689
3. Polynomial (deg 2),2751,0.0003084822687160688
3. Polynomial (deg 2),2752,0.0003084822687160689
3. Polynomial (deg 2),2753,0.0003084822687160689
3. Polynomial (deg 2),2754,0.0003084822687160689
3. Polynomial (deg 2),2755,0.0003084822687160688
3. Polynomial (deg 2),2756,0.0003084822687160688
3. Polynomial (deg 2),2757,0.0003084822687160688
3. Polynomial (deg 2),2758,0.0003084822687160689
3. Polynomial (deg 2),2759,0.0003084822687160689
3. Polynomial (deg 2),2760,0.0003084822687160689
3. Polynomial (deg 2),2761,0.0003084822687160689
3. Polynomial (deg 2),2762,0.0003084822687160689
3. Polynomial (deg 2),2763,0.0003084822687160689
3. Polynomial (deg 2),2764,0.0003084822687160688
3. Polynomial (deg 2),2765,0.0003084822687160689
3. Polynomial (deg 2),2766,0.0003084822687160688
3. Polynomial (deg 2),2767,0.0003084822687160688
3. Polynomial (deg 2),2768,0.0003084822687160688
3. Polynomial (deg 2),2769,0.0003084822687160688
3. Polynomial (deg 2),2770,0.0003084822687160689
3. Polynomial (deg 2),2771,0.0003084822687160689
3. Polynomial (deg 2),2772,0.0003084822687160688
3. Polynomial (deg 2),2773,0.0003084822687160689
3. Polynomial (deg 2),2774,0.0003084822687160689
3. Polynomial (deg 2),2775,0.0003084822687160689
3. Polynomial (deg 2),2776,0.0003084822687160689
3. Polynomial (deg 2),2777,0.0003084822687160689
3. Polynomial (deg 2),2778,0.0003084822687160689
3. Polynomial (deg 2),2779,0.0003084822687160688
3. Polynomial (deg 2),2780,0.0003084822687160689
3. Polynomial (deg 2),2781,0.0003084822687160689
3. Polynomial (deg 2),2782,0.0003084822687160689
3. Polynomial (deg 2),2783,0.0003084822687160689
3. Polynomial (deg 2),2784,0.0003084822687160688
3. Polynomial (deg 2),2785,0.0003084822687160689
3. Polynomial (deg 2),2786,0.0003084822687160688
3. Polynomial (deg 2),2787,0.0003084822687160688
3. Polynomial (deg 2),2788,0.0003084822687160688
3. Polynomial (deg 2),2789,0.0003084822687160689
3. Polynomial (deg 2),2790,0.0003084822687160689
3. Polynomial (deg 2),2791,0.0003084822687160689
3. Polynomial (deg 2),2792,0.0003084822687160689
3. Polynomial (deg 2),2793,0.0003084822687160689
3. Polynomial (deg 2),2794,0.0003084822687160688
3. Polynomial (deg 2),2795,0.0003084822687160688
3. Polynomial (deg 2),2796,0.0003084822687160688
3. Polynomial (deg 2),2797,0.0003084822687160688
3. Polynomial (deg 2),2798,0.0003084822687160689
3. Polynomial (deg 2),2799,0.0003084822687160688
3. Polynomial (deg 2),2800,0.0003084822687160688
3. Polynomial (deg 2),2801,0.0003084822687160689
3. Polynomial (deg 2),2802,0.0003084822687160688
3. Polynomial (deg 2),2803,0.0003084822687160689
3. Polynomial (deg 2),2804,0.0003084822687160688
3. Polynomial (deg 2),2805,0.0003084822687160689
3. Polynomial (deg 2),2806,0.0003084822687160689
3. Polynomial (deg 2),2807,0.0003084822687160689
3. Polynomial (deg 2),2808,0.0003084822687160688
3. Polynomial (deg 2),2809,0.0003084822687160688
3. Polynomial (deg 2),2810,0.0003084822687160688
3. Polynomial (deg 2),2811,0.0003084822687160689
3. Polynomial (deg 2),2812,0.0003084822687160688
3. Polynomial (deg 2),2813,0.0003084822687160688
3. Polynomial (deg 2),2814,0.0003084822687160688
3. Polynomial (deg 2),2815,0.0003084822687160689
3. Polynomial (deg 2),2816,0.0003084822687160688
3. Polynomial (deg 2),2817,0.0003084822687160689
3. Polynomial (deg 2),2818,0.0003084822687160689
3. Polynomial (deg 2),2819,0.0003084822687160689
3. Polynomial (deg 2),2820,0.0003084822687160689
3. Polynomial (deg 2),2821,0.0003084822687160688
3. Polynomial (deg 2),2822,0.0003084822687160688
3. Polynomial (deg 2),2823,0.0003084822687160689
3. Polynomial (deg 2),2824,0.0003084822687160689
3. Polynomial (deg 2),2825,0.0003084822687160689
3. Polynomial (deg 2),2826,0.0003084822687160688
3. Polynomial (deg 2),2827,0.0003084822687160689
3. Polynomial (deg 2),2828,0.0003084822687160688
3. Polynomial (deg 2),2829,0.0003084822687160689
3. Polynomial (deg 2),2830,0.0003084822687160688
3. Polynomial (deg 2),2831,0.0003084822687160688
3. Polynomial (deg 2),2832,0.0003084822687160689
3. Polynomial (deg 2),2833,0.0003084822687160688
3. Polynomial (deg 2),2834,0.0003084822687160689
3. Polynomial (deg 2),2835,0.0003084822687160689
3. Polynomial (deg 2),2836,0.0003084822687160688
3. Polynomial (deg 2),2837,0.0003084822687160688
3. Polynomial (deg 2),2838,0.0003084822687160688
3. Polynomial (deg 2),2839,0.0003084822687160689
3. Polynomial (deg 2),2840,0.0003084822687160689
3. Polynomial (deg 2),2841,0.0003084822687160688
3. Polynomial (deg 2),2842,0.0003084822687160688
3. Polynomial (deg 2),2843,0.0003084822687160689
3. Polynomial (deg 2),2844,0.0003084822687160688
3. Polynomial (deg 2),2845,0.0003084822687160689
3. Polynomial (deg 2),2846,0.0003084822687160688
3. Polynomial (deg 2),2847,0.0003084822687160688
3. Polynomial (deg 2),2848,0.0003084822687160689
3. Polynomial (deg 2),2849,0.0003084822687160688
3. Polynomial (deg 2),2850,0.0003084822687160689
3. Polynomial (deg 2),2851,0.0003084822687160689
3. Polynomial (deg 2),2852,0.0003084822687160689
3. Polynomial (deg 2),2853,0.0003084822687160689
3. Polynomial (deg 2),2854,0.0003084822687160689
3. Polynomial (deg 2),2855,0.0003084822687160688
3. Polynomial (deg 2),2856,0.0003084822687160689
3. Polynomial (deg 2),2857,0.0003084822687160689
3. Polynomial (deg 2),2858,0.0003084822687160688
3. Polynomial (deg 2),2859,0.0003084822687160689
3. Polynomial (deg 2),2860,0.0003084822687160689
3. Polynomial (deg 2),2861,0.0003084822687160688
3. Polynomial (deg 2),2862,0.0003084822687160689
3. Polynomial (deg 2),2863,0.0003084822687160688
3. Polynomial (deg 2),2864,0.0003084822687160689
3. Polynomial (deg 2),2865,0.0003084822687160689
3. Polynomial (deg 2),2866,0.0003084822687160688
3. Polynomial (deg 2),2867,0.0003084822687160689
3. Polynomial (deg 2),2868,0.0003084822687160689
3. Polynomial (deg 2),2869,0.0003084822687160688
3. Polynomial (deg 2),2870,0.0003084822687160688
3. Polynomial (deg 2),2871,0.0003084822687160689
3. Polynomial (deg 2),2872,0.0003084822687160688
3. Polynomial (deg 2),2873,0.0003084822687160689
3. Polynomial (deg 2),2874,0.0003084822687160688
3. Polynomial (deg 2),2875,0.0003084822687160688
3. Polynomial (deg 2),2876,0.0003084822687160689
3. Polynomial (deg 2),2877,0.0003084822687160689
3. Polynomial (deg 2),2878,0.0003084822687160688
3. Polynomial (deg 2),2879,0.0003084822687160689
3. Polynomial (deg 2),2880,0.0003084822687160689
3. Polynomial (deg 2),2881,0.0003084822687160689
3. Polynomial (deg 2),2882,0.0003084822687160689
3. Polynomial (deg 2),2883,0.0003084822687160689
3. Polynomial (deg 2),2884,0.0003084822687160689
3. Polynomial (deg 2),2885,0.0003084822687160688
3. Polynomial (deg 2),2886,0.0003084822687160689
3. Polynomial (deg 2),2887,0.0003084822687160689
3. Polynomial (deg 2),2888,0.0003084822687160689
3. Polynomial (deg 2),2889,0.0003084822687160688
3. Polynomial (deg 2),2890,0.0003084822687160689
3. Polynomial (deg 2),2891,0.0003084822687160689
3. Polynomial (deg 2),2892,0.0003084822687160689
3. Polynomial (deg 2),2893,0.0003084822687160689
3. Polynomial (deg 2),2894,0.0003084822687160689
3. Polynomial (deg 2),2895,0.0003084822687160688
3. Polynomial (deg 2),2896,0.0003084822687160689
3. Polynomial (deg 2),2897,0.0003084822687160688
3. Polynomial (deg 2),2898,0.0003084822687160688
3. Polynomial (deg 2),2899,0.0003084822687160688
3. Polynomial (deg 2),2900,0.0003084822687160688
3. Polynomial (deg 2),2901,0.0003084822687160689
3. Polynomial (deg 2),2902,0.0003084822687160688
3. Polynomial (deg 2),2903,0.0003084822687160689
3. Polynomial (deg 2),2904,0.0003084822687160689
3. Polynomial (deg 2),2905,0.0003084822687160688
3. Polynomial (deg 2),2906,0.0003084822687160688
3. Polynomial (deg 2),2907,0.0003084822687160689
3. Polynomial (deg 2),2908,0.0003084822687160688
3. Polynomial (deg 2),2909,0.0003084822687160689
3. Polynomial (deg 2),2910,0.0003084822687160688
3. Polynomial (deg 2),2911,0.0003084822687160688
3. Polynomial (deg 2),2912,0.0003084822687160689
3. Polynomial (deg 2),2913,0.0003084822687160689
3. Polynomial (deg 2),2914,0.0003084822687160688
3. Polynomial (deg 2),2915,0.0003084822687160688
3. Polynomial (deg 2),2916,0.0003084822687160688
3. Polynomial (deg 2),2917,0.0003084822687160689
3. Polynomial (deg 2),2918,0.0003084822687160687
3. Polynomial (deg 2),2919,0.0003084822687160689
3. Polynomial (deg 2),2920,0.0003084822687160689
3. Polynomial (deg 2),2921,0.0003084822687160687
3. Polynomial (deg 2),2922,0.0003084822687160688
3. Polynomial (deg 2),2923,0.0003084822687160689
3. Polynomial (deg 2),2924,0.0003084822687160688
3. Polynomial (deg 2),2925,0.0003084822687160689
3. Polynomial (deg 2),2926,0.0003084822687160689
3. Polynomial (deg 2),2927,0.0003084822687160688
3. Polynomial (deg 2),2928,0.0003084822687160689
3. Polynomial (deg 2),2929,0.0003084822687160689
3. Polynomial (deg 2),2930,0.0003084822687160688
3. Polynomial (deg 2),2931,0.0003084822687160688
3. Polynomial (deg 2),2932,0.0003084822687160688
3. Polynomial (deg 2),2933,0.0003084822687160688
3. Polynomial (deg 2),2934,0.0003084822687160689
3. Polynomial (deg 2),2935,0.0003084822687160688
3. Polynomial (deg 2),2936,0.0003084822687160689
3. Polynomial (deg 2),2937,0.0003084822687160688
3. Polynomial (deg 2),2938,0.0003084822687160689
3. Polynomial (deg 2),2939,0.0003084822687160688
3. Polynomial (deg 2),2940,0.0003084822687160688
3. Polynomial (deg 2),2941,0.0003084822687160689
3. Polynomial (deg 2),2942,0.0003084822687160689
3. Polynomial (deg 2),2943,0.0003084822687160688
3. Polynomial (deg 2),2944,0.0003084822687160689
3. Polynomial (deg 2),2945,0.0003084822687160688
3. Polynomial (deg 2),2946,0.0003084822687160689
3. Polynomial (deg 2),2947,0.0003084822687160689
3. Polynomial (deg 2),2948,0.0003084822687160689
3. Polynomial (deg 2),2949,0.0003084822687160688
3. Polynomial (deg 2),2950,0.0003084822687160689
3. Polynomial (deg 2),2951,0.0003084822687160689
3. Polynomial (deg 2),2952,0.0003084822687160689
3. Polynomial (deg 2),2953,0.0003084822687160689
3. Polynomial (deg 2),2954,0.0003084822687160689
3. Polynomial (deg 2),2955,0.0003084822687160688
3. Polynomial (deg 2),2956,0.0003084822687160688
3. Polynomial (deg 2),2957,0.0003084822687160688
3. Polynomial (deg 2),2958,0.0003084822687160689
3. Polynomial (deg 2),2959,0.0003084822687160689
3. Polynomial (deg 2),2960,0.0003084822687160688
3. Polynomial (deg 2),2961,0.0003084822687160689
3. Polynomial (deg 2),2962,0.0003084822687160689
3. Polynomial (deg 2),2963,0.0003084822687160689
3. Polynomial (deg 2),2964,0.0003084822687160689
3. Polynomial (deg 2),2965,0.0003084822687160689
3. Polynomial (deg 2),2966,0.0003084822687160689
3. Polynomial (deg 2),2967,0.0003084822687160689
3. Polynomial (deg 2),2968,0.0003084822687160688
3. Polynomial (deg 2),2969,0.0003084822687160687
3. Polynomial (deg 2),2970,0.0003084822687160689
3. Polynomial (deg 2),2971,0.0003084822687160689
3. Polynomial (deg 2),2972,0.0003084822687160688
3. Polynomial (deg 2),2973,0.0003084822687160689
3. Polynomial (deg 2),2974,0.0003084822687160689
3. Polynomial (deg 2),2975,0.0003084822687160689
3. Polynomial (deg 2),2976,0.0003084822687160689
3. Polynomial (deg 2),2977,0.0003084822687160688
3. Polynomial (deg 2),2978,0.0003084822687160689
3. Polynomial (deg 2),2979,0.0003084822687160689
3. Polynomial (deg 2),2980,0.0003084822687160688
3. Polynomial (deg 2),2981,0.0003084822687160688
3. Polynomial (deg 2),2982,0.0003084822687160688
3. Polynomial (deg 2),2983,0.0003084822687160689
3. Polynomial (deg 2),2984,0.0003084822687160687
3. Polynomial (deg 2),2985,0.0003084822687160688
3. Polynomial (deg 2),2986,0.0003084822687160689
3. Polynomial (deg 2),2987,0.0003084822687160688
3. Polynomial (deg 2),2988,0.0003084822687160688
3. Polynomial (deg 2),2989,0.0003084822687160688
3. Polynomial (deg 2),2990,0.0003084822687160688
3. Polynomial (deg 2),2991,0.0003084822687160688
3. Polynomial (deg 2),2992,0.0003084822687160689
3. Polynomial (deg 2),2993,0.0003084822687160688
3. Polynomial (deg 2),2994,0.0003084822687160688
3. Polynomial (deg 2),2995,0.0003084822687160688
3. Polynomial (deg 2),2996,0.0003084822687160689
3. Polynomial (deg 2),2997,0.0003084822687160688
3. Polynomial (deg 2),2998,0.0003084822687160689
3. Polynomial (deg 2),2999,0.0003084822687160689
3. Polynomial (deg 2),3000,0.0003084822687160688
4. Gradient Boosting (better),1,0.0006824043928918569
4. Gradient Boosting (better),2,0.0006399348940258389
4. Gradient Boosting (better),3,0.0006022735480820395
4. Gradient Boosting (better),4,0.000567359199973654
4. Gradient Boosting (better),5,0.0005362522079629421
4. Gradient Boosting (better),6,0.0005079754449982653
4. Gradient Boosting (better),7,0.0004819653357889855
4. Gradient Boosting (better),8,0.00045857515347817637
4. Gradient Boosting (better),9,0.00043697204750955493
4. Gradient Boosting (better),10,0.00041722050484952177
4. Gradient Boosting (better),11,0.0003992730689076577
4. Gradient Boosting (better),12,0.00038264225743902755
4. Gradient Boosting (better),13,0.0003675170372982805
4. Gradient Boosting (better),14,0.0003537687534380293
4. Gradient Boosting (better),15,0.00034139481040133097
4. Gradient Boosting (better),16,0.0003298479538295868
4. Gradient Boosting (better),17,0.0003193338091238841
4. Gradient Boosting (better),18,0.00030959730471855236
4. Gradient Boosting (better),19,0.00030071869193015136
4. Gradient Boosting (better),20,0.00029259530019418465
4. Gradient Boosting (better),21,0.0002849769494691192
4. Gradient Boosting (better),22,0.00027794135455862554
4. Gradient Boosting (better),23,0.00027159728813264187
4. Gradient Boosting (better),24,0.00026554366549992587
4. Gradient Boosting (better),25,0.00025996309778453496
4. Gradient Boosting (better),26,0.0002548067749605017
4. Gradient Boosting (better),27,0.00024984665968898537
4. Gradient Boosting (better),28,0.0002452633461372702
4. Gradient Boosting (better),29,0.00024107997934836838
4. Gradient Boosting (better),30,0.00023722826260682902
4. Gradient Boosting (better),31,0.0002334008116910795
4. Gradient Boosting (better),32,0.00022975148437135454
4. Gradient Boosting (better),33,0.00022653480545699805
4. Gradient Boosting (better),34,0.00022362766053715162
4. Gradient Boosting (better),35,0.00022060063720375203
4. Gradient Boosting (better),36,0.00021789335740101577
4. Gradient Boosting (better),37,0.00021540558007555438
4. Gradient Boosting (better),38,0.00021309907002903358
4. Gradient Boosting (better),39,0.0002107919543094611
4. Gradient Boosting (better),40,0.0002087289754621187
4. Gradient Boosting (better),41,0.00020666672850882888
4. Gradient Boosting (better),42,0.0002047590911034846
4. Gradient Boosting (better),43,0.00020286994202544915
4. Gradient Boosting (better),44,0.0002010929757656167
4. Gradient Boosting (better),45,0.0001992508176032718
4. Gradient Boosting (better),46,0.00019783075064062924
4. Gradient Boosting (better),47,0.000196072911447876
4. Gradient Boosting (better),48,0.00019449130404700673
4. Gradient Boosting (better),49,0.0001932499837933496
4. Gradient Boosting (better),50,0.00019197211845644883
4. Gradient Boosting (better),51,0.0001907293885515515
4. Gradient Boosting (better),52,0.00018931784277835022
4. Gradient Boosting (better),53,0.00018790245443802477
4. Gradient Boosting (better),54,0.0001866511139319557
4. Gradient Boosting (better),55,0.0001855928403345816
4. Gradient Boosting (better),56,0.0001845133112048976
4. Gradient Boosting (better),57,0.00018322948974876707
4. Gradient Boosting (better),58,0.0001821798310897648
4. Gradient Boosting (better),59,0.00018098437614866972
4. Gradient Boosting (better),60,0.0001801404596302549
4. Gradient Boosting (better),61,0.00017876309389963427
4. Gradient Boosting (better),62,0.00017772419886230182
4. Gradient Boosting (better),63,0.00017672032726675398
4. Gradient Boosting (better),64,0.0001759466686188784
4. Gradient Boosting (better),65,0.00017498659791740002
4. Gradient Boosting (better),66,0.00017381602583578054
4. Gradient Boosting (better),67,0.00017311151210295744
4. Gradient Boosting (better),68,0.0001721754233197032
4. Gradient Boosting (better),69,0.00017139987888315685
4. Gradient Boosting (better),70,0.00017071450434078103
4. Gradient Boosting (better),71,0.00016996262183956146
4. Gradient Boosting (better),72,0.0001691145100935838
4. Gradient Boosting (better),73,0.00016840768648454686
4. Gradient Boosting (better),74,0.00016762486200751206
4. Gradient Boosting (better),75,0.00016687686562187316
4. Gradient Boosting (better),76,0.00016631367320570035
4. Gradient Boosting (better),77,0.00016564107690582183
4. Gradient Boosting (better),78,0.0001648779194722022
4. Gradient Boosting (better),79,0.00016428433004945625
4. Gradient Boosting (better),80,0.00016372208723003265
4. Gradient Boosting (better),81,0.00016318266993096535
4. Gradient Boosting (better),82,0.0001626154874546984
4. Gradient Boosting (better),83,0.00016201137619789273
4. Gradient Boosting (better),84,0.00016145719135077978
4. Gradient Boosting (better),85,0.0001608453233002263
4. Gradient Boosting (better),86,0.00016051135881961514
4. Gradient Boosting (better),87,0.0001601522775531644
4. Gradient Boosting (better),88,0.00015954948166442705
4. Gradient Boosting (better),89,0.00015908390295132427
4. Gradient Boosting (better),90,0.00015866881886166117
4. Gradient Boosting (better),91,0.00015819600637516706
4. Gradient Boosting (better),92,0.00015773894269797875
4. Gradient Boosting (better),93,0.00015714741090939216
4. Gradient Boosting (better),94,0.00015663944118159866
4. Gradient Boosting (better),95,0.00015602276549199278
4. Gradient Boosting (better),96,0.000155702508192312
4. Gradient Boosting (better),97,0.000155116795651778
4. Gradient Boosting (better),98,0.00015485676664854202
4. Gradient Boosting (better),99,0.00015445718691923315
4. Gradient Boosting (better),100,0.00015408245400100017
4. Gradient Boosting (better),101,0.00015367760625880391
4. Gradient Boosting (better),102,0.00015329553191865852
4. Gradient Boosting (better),103,0.0001528078260469732
4. Gradient Boosting (better),104,0.00015252745519349757
4. Gradient Boosting (better),105,0.0001522323644968941
4. Gradient Boosting (better),106,0.00015177730921283618
4. Gradient Boosting (better),107,0.00015126342558919776
4. Gradient Boosting (better),108,0.00015079731054595753
4. Gradient Boosting (better),109,0.0001504482755245927
4. Gradient Boosting (better),110,0.000150118890048255
4. Gradient Boosting (better),111,0.0001499506079697264
4. Gradient Boosting (better),112,0.0001496900447314138
4. Gradient Boosting (better),113,0.00014938989300896608
4. Gradient Boosting (better),114,0.00014907342432013402
4. Gradient Boosting (better),115,0.000148641820017254
4. Gradient Boosting (better),116,0.00014843813249962206
4. Gradient Boosting (better),117,0.00014816977970076546
4. Gradient Boosting (better),118,0.00014777438740338217
4. Gradient Boosting (better),119,0.00014750789378036754
4. Gradient Boosting (better),120,0.0001472129993603425
4. Gradient Boosting (better),121,0.00014681408678893432
4. Gradient Boosting (better),122,0.000146502451330668
4. Gradient Boosting (better),123,0.00014625028942121101
4. Gradient Boosting (better),124,0.00014601718588104663
4. Gradient Boosting (better),125,0.00014571945061853063
4. Gradient Boosting (better),126,0.0001453953584852634
4. Gradient Boosting (better),127,0.0001451431905616199
4. Gradient Boosting (better),128,0.00014500609797047162
4. Gradient Boosting (better),129,0.00014478198358753875
4. Gradient Boosting (better),130,0.00014443411326436895
4. Gradient Boosting (better),131,0.00014431295444380652
4. Gradient Boosting (better),132,0.0001441624643734938
4. Gradient Boosting (better),133,0.00014387171030884406
4. Gradient Boosting (better),134,0.00014356839020617524
4. Gradient Boosting (better),135,0.00014329372890850735
4. Gradient Boosting (better),136,0.00014303571272704523
4. Gradient Boosting (better),137,0.00014282103124971577
4. Gradient Boosting (better),138,0.0001426121931910534
4. Gradient Boosting (better),139,0.00014245471934023617
4. Gradient Boosting (better),140,0.00014231199956029006
4. Gradient Boosting (better),141,0.00014215962725736984
4. Gradient Boosting (better),142,0.00014198748391786286
4. Gradient Boosting (better),143,0.00014180157514787423
4. Gradient Boosting (better),144,0.00014156844597812773
4. Gradient Boosting (better),145,0.0001414362004263449
4. Gradient Boosting (better),146,0.00014123868365171328
4. Gradient Boosting (better),147,0.00014117401953036256
4. Gradient Boosting (better),148,0.00014085855280019844
4. Gradient Boosting (better),149,0.00014072781909001968
4. Gradient Boosting (better),150,0.0001404365429886866
4. Gradient Boosting (better),151,0.00014016983388834183
4. Gradient Boosting (better),152,0.00013989517707823637
4. Gradient Boosting (better),153,0.00013976817082024797
4. Gradient Boosting (better),154,0.000139590494597206
4. Gradient Boosting (better),155,0.0001395359966315749
4. Gradient Boosting (better),156,0.00013942871746891057
4. Gradient Boosting (better),157,0.00013934255482933846
4. Gradient Boosting (better),158,0.00013920372853534646
4. Gradient Boosting (better),159,0.00013897959736947825
4. Gradient Boosting (better),160,0.0001387030646421542
4. Gradient Boosting (better),161,0.0001385733705023554
4. Gradient Boosting (better),162,0.0001384725287365714
4. Gradient Boosting (better),163,0.0001382638344680581
4. Gradient Boosting (better),164,0.0001380520983144493
4. Gradient Boosting (better),165,0.00013789491818197303
4. Gradient Boosting (better),166,0.00013773519681650572
4. Gradient Boosting (better),167,0.00013753601245910447
4. Gradient Boosting (better),168,0.00013733107843806423
4. Gradient Boosting (better),169,0.00013725471251264295
4. Gradient Boosting (better),170,0.00013708984955993362
4. Gradient Boosting (better),171,0.00013693173729266648
4. Gradient Boosting (better),172,0.00013680821234573917
4. Gradient Boosting (better),173,0.00013665934154565422
4. Gradient Boosting (better),174,0.00013649419279367566
4. Gradient Boosting (better),175,0.00013636014712932102
4. Gradient Boosting (better),176,0.00013629882777187153
4. Gradient Boosting (better),177,0.00013602255965465475
4. Gradient Boosting (better),178,0.00013589230489643731
4. Gradient Boosting (better),179,0.00013570695270844006
4. Gradient Boosting (better),180,0.00013559842940811232
4. Gradient Boosting (better),181,0.00013542947398865159
4. Gradient Boosting (better),182,0.00013529244854961866
4. Gradient Boosting (better),183,0.00013511023812956327
4. Gradient Boosting (better),184,0.00013500450301593493
4. Gradient Boosting (better),185,0.00013468661240014217
4. Gradient Boosting (better),186,0.000134412611865825
4. Gradient Boosting (better),187,0.00013431155943927563
4. Gradient Boosting (better),188,0.00013416180327870437
4. Gradient Boosting (better),189,0.00013402810907203887
4. Gradient Boosting (better),190,0.0001339427518744457
4. Gradient Boosting (better),191,0.00013381681893194985
4. Gradient Boosting (better),192,0.00013362127600787332
4. Gradient Boosting (better),193,0.00013339438304445857
4. Gradient Boosting (better),194,0.0001332391930238572
4. Gradient Boosting (better),195,0.00013318034176376938
4. Gradient Boosting (better),196,0.0001328444750705994
4. Gradient Boosting (better),197,0.0001326836905194457
4. Gradient Boosting (better),198,0.000132484765001813
4. Gradient Boosting (better),199,0.0001322528819521198
4. Gradient Boosting (better),200,0.00013200430998796015
4. Gradient Boosting (better),201,0.00013182172388103946
4. Gradient Boosting (better),202,0.0001316361379420142
4. Gradient Boosting (better),203,0.0001314318559236984
4. Gradient Boosting (better),204,0.00013136197252329492
4. Gradient Boosting (better),205,0.00013131811740808012
4. Gradient Boosting (better),206,0.00013109943204305202
4. Gradient Boosting (better),207,0.00013097005446751454
4. Gradient Boosting (better),208,0.0001308295771506968
4. Gradient Boosting (better),209,0.00013066535107506867
4. Gradient Boosting (better),210,0.0001304490587430689
4. Gradient Boosting (better),211,0.0001304077673917859
4. Gradient Boosting (better),212,0.0001302540315252794
4. Gradient Boosting (better),213,0.0001301034209212466
4. Gradient Boosting (better),214,0.000130014248014198
4. Gradient Boosting (better),215,0.00012980067938073565
4. Gradient Boosting (better),216,0.00012959721197273614
4. Gradient Boosting (better),217,0.00012938470994313956
4. Gradient Boosting (better),218,0.00012925137738579014
4. Gradient Boosting (better),219,0.00012919661132845508
4. Gradient Boosting (better),220,0.0001290523863530369
4. Gradient Boosting (better),221,0.00012894351840380148
4. Gradient Boosting (better),222,0.00012886812063578527
4. Gradient Boosting (better),223,0.00012858623203663142
4. Gradient Boosting (better),224,0.0001284027643519987
4. Gradient Boosting (better),225,0.00012835528285545287
4. Gradient Boosting (better),226,0.00012824812799829623
4. Gradient Boosting (better),227,0.0001282125718482769
4. Gradient Boosting (better),228,0.000128054022992937
4. Gradient Boosting (better),229,0.00012797922717093513
4. Gradient Boosting (better),230,0.00012795483008595454
4. Gradient Boosting (better),231,0.0001277773125311852
4. Gradient Boosting (better),232,0.00012756569821794202
4. Gradient Boosting (better),233,0.00012748237123197888
4. Gradient Boosting (better),234,0.00012724441763066824
4. Gradient Boosting (better),235,0.00012709176311824592
4. Gradient Boosting (better),236,0.00012691691245929758
4. Gradient Boosting (better),237,0.0001266715135854437
4. Gradient Boosting (better),238,0.0001265725160730255
4. Gradient Boosting (better),239,0.0001264693761504835
4. Gradient Boosting (better),240,0.00012641901985503982
4. Gradient Boosting (better),241,0.00012628138416378589
4. Gradient Boosting (better),242,0.00012608658967165823
4. Gradient Boosting (better),243,0.0001259107276792191
4. Gradient Boosting (better),244,0.0001258460765996511
4. Gradient Boosting (better),245,0.0001257598896373443
4. Gradient Boosting (better),246,0.0001257250833827699
4. Gradient Boosting (better),247,0.00012563009220547814
4. Gradient Boosting (better),248,0.00012551141329636233
4. Gradient Boosting (better),249,0.00012532123197823113
4. Gradient Boosting (better),250,0.0001252438684226184
4. Gradient Boosting (better),251,0.000125137635911917
4. Gradient Boosting (better),252,0.0001250140781221935
4. Gradient Boosting (better),253,0.0001247610379568383
4. Gradient Boosting (better),254,0.00012472556070242046
4. Gradient Boosting (better),255,0.0001245265361575269
4. Gradient Boosting (better),256,0.00012439329784365318
4. Gradient Boosting (better),257,0.0001243286040479048
4. Gradient Boosting (better),258,0.00012424269517673749
4. Gradient Boosting (better),259,0.00012408919825137208
4. Gradient Boosting (better),260,0.00012389529658315317
4. Gradient Boosting (better),261,0.00012378326994892178
4. Gradient Boosting (better),262,0.00012363698751272786
4. Gradient Boosting (better),263,0.00012354602475203526
4. Gradient Boosting (better),264,0.00012345608015024316
4. Gradient Boosting (better),265,0.00012338408473313873
4. Gradient Boosting (better),266,0.0001233325602714624
4. Gradient Boosting (better),267,0.00012320290335717776
4. Gradient Boosting (better),268,0.00012305657170795845
4. Gradient Boosting (better),269,0.00012288617948517737
4. Gradient Boosting (better),270,0.00012279965187734994
4. Gradient Boosting (better),271,0.00012265658051300262
4. Gradient Boosting (better),272,0.00012253854853830495
4. Gradient Boosting (better),273,0.00012239155558905235
4. Gradient Boosting (better),274,0.00012231855777196612
4. Gradient Boosting (better),275,0.0001222633143827819
4. Gradient Boosting (better),276,0.00012219154859066927
4. Gradient Boosting (better),277,0.000122066313889982
4. Gradient Boosting (better),278,0.00012202387013224326
4. Gradient Boosting (better),279,0.00012186390105749837
4. Gradient Boosting (better),280,0.00012168273390904605
4. Gradient Boosting (better),281,0.0001215030572980336
4. Gradient Boosting (better),282,0.00012132553353217677
4. Gradient Boosting (better),283,0.0001211655766022179
4. Gradient Boosting (better),284,0.00012096182953441125
4. Gradient Boosting (better),285,0.00012084330854247702
4. Gradient Boosting (better),286,0.00012072649984682198
4. Gradient Boosting (better),287,0.00012066936760783606
4. Gradient Boosting (better),288,0.00012057061810455354
4. Gradient Boosting (better),289,0.00012037009872370407
4. Gradient Boosting (better),290,0.00012032834283671773
4. Gradient Boosting (better),291,0.00012030986614696917
4. Gradient Boosting (better),292,0.00012013327654856947
4. Gradient Boosting (better),293,0.00011995607583261496
4. Gradient Boosting (better),294,0.00011985896401124511
4. Gradient Boosting (better),295,0.00011973321068121145
4. Gradient Boosting (better),296,0.00011966379376088468
4. Gradient Boosting (better),297,0.00011962198904681257
4. Gradient Boosting (better),298,0.00011948102046657971
4. Gradient Boosting (better),299,0.00011938435447118555
4. Gradient Boosting (better),300,0.0001192330364476283
4. Gradient Boosting (better),301,0.00011908867212027312
4. Gradient Boosting (better),302,0.00011900939832484933
4. Gradient Boosting (better),303,0.00011886907512085732
4. Gradient Boosting (better),304,0.00011880760485910673
4. Gradient Boosting (better),305,0.00011878544813338227
4. Gradient Boosting (better),306,0.00011875660086050398
4. Gradient Boosting (better),307,0.00011860086258009054
4. Gradient Boosting (better),308,0.00011843613612916345
4. Gradient Boosting (better),309,0.00011828015617814214
4. Gradient Boosting (better),310,0.00011811751253887859
4. Gradient Boosting (better),311,0.00011797216880476094
4. Gradient Boosting (better),312,0.00011783106510117404
4. Gradient Boosting (better),313,0.00011766383964123438
4. Gradient Boosting (better),314,0.00011756959047787635
4. Gradient Boosting (better),315,0.00011747719646727909
4. Gradient Boosting (better),316,0.00011737368236363527
4. Gradient Boosting (better),317,0.00011726310346275555
4. Gradient Boosting (better),318,0.00011718267875015018
4. Gradient Boosting (better),319,0.00011706887726331086
4. Gradient Boosting (better),320,0.00011694582264882775
4. Gradient Boosting (better),321,0.00011685367702583668
4. Gradient Boosting (better),322,0.00011679541281186707
4. Gradient Boosting (better),323,0.00011667651099517881
4. Gradient Boosting (better),324,0.00011656487526465153
4. Gradient Boosting (better),325,0.00011649529908274017
4. Gradient Boosting (better),326,0.00011637296819152241
4. Gradient Boosting (better),327,0.0001162690623303772
4. Gradient Boosting (better),328,0.00011613554600498095
4. Gradient Boosting (better),329,0.00011602017213679542
4. Gradient Boosting (better),330,0.00011585612703530858
4. Gradient Boosting (better),331,0.00011580183488572636
4. Gradient Boosting (better),332,0.0001156840424746763
4. Gradient Boosting (better),333,0.00011547533407934739
4. Gradient Boosting (better),334,0.00011545889770960281
4. Gradient Boosting (better),335,0.00011538446858930267
4. Gradient Boosting (better),336,0.00011527760490593188
4. Gradient Boosting (better),337,0.00011511511971204781
4. Gradient Boosting (better),338,0.00011506366471890121
4. Gradient Boosting (better),339,0.00011504303326946419
4. Gradient Boosting (better),340,0.00011496376515117818
4. Gradient Boosting (better),341,0.00011481866513741963
4. Gradient Boosting (better),342,0.00011470800740907123
4. Gradient Boosting (better),343,0.00011469639670369717
4. Gradient Boosting (better),344,0.00011448226154366753
4. Gradient Boosting (better),345,0.00011432229335526759
4. Gradient Boosting (better),346,0.00011414462298201406
4. Gradient Boosting (better),347,0.00011402555515063941
4. Gradient Boosting (better),348,0.00011392664326807713
4. Gradient Boosting (better),349,0.00011374802152589
4. Gradient Boosting (better),350,0.00011361429889323129
4. Gradient Boosting (better),351,0.00011350527498002527
4. Gradient Boosting (better),352,0.00011338545760898681
4. Gradient Boosting (better),353,0.00011331098634866657
4. Gradient Boosting (better),354,0.00011321641662071656
4. Gradient Boosting (better),355,0.00011312022785098434
4. Gradient Boosting (better),356,0.00011300117172179891
4. Gradient Boosting (better),357,0.00011291957338968174
4. Gradient Boosting (better),358,0.00011269383944061703
4. Gradient Boosting (better),359,0.00011264250833218496
4. Gradient Boosting (better),360,0.00011257477815278686
4. Gradient Boosting (better),361,0.00011239825459927496
4. Gradient Boosting (better),362,0.00011217845684380582
4. Gradient Boosting (better),363,0.00011206557127488778
4. Gradient Boosting (better),364,0.00011195219539892419
4. Gradient Boosting (better),365,0.0001118777411406142
4. Gradient Boosting (better),366,0.00011173476408509236
4. Gradient Boosting (better),367,0.0001115985974945136
4. Gradient Boosting (better),368,0.00011148934650392667
4. Gradient Boosting (better),369,0.00011138623718750215
4. Gradient Boosting (better),370,0.00011135751906550993
4. Gradient Boosting (better),371,0.000111269293620619
4. Gradient Boosting (better),372,0.00011119907718916296
4. Gradient Boosting (better),373,0.000111067711479868
4. Gradient Boosting (better),374,0.00011094646007896686
4. Gradient Boosting (better),375,0.00011080824825911166
4. Gradient Boosting (better),376,0.00011068779857779785
4. Gradient Boosting (better),377,0.00011059133986200918
4. Gradient Boosting (better),378,0.00011050482362764854
4. Gradient Boosting (better),379,0.0001103428071919365
4. Gradient Boosting (better),380,0.00011024280829522343
4. Gradient Boosting (better),381,0.00011008682196936587
4. Gradient Boosting (better),382,0.00010994506892347333
4. Gradient Boosting (better),383,0.0001098318692738443
4. Gradient Boosting (better),384,0.00010967806711843275
4. Gradient Boosting (better),385,0.00010959285814411096
4. Gradient Boosting (better),386,0.0001094623129198896
4. Gradient Boosting (better),387,0.00010940080808174814
4. Gradient Boosting (better),388,0.00010925700707707132
4. Gradient Boosting (better),389,0.00010915399937243918
4. Gradient Boosting (better),390,0.00010893496154842073
4. Gradient Boosting (better),391,0.00010886773592471861
4. Gradient Boosting (better),392,0.00010872380502465888
4. Gradient Boosting (better),393,0.00010867896203053876
4. Gradient Boosting (better),394,0.0001085696797993104
4. Gradient Boosting (better),395,0.00010851840599149419
4. Gradient Boosting (better),396,0.00010836197661992694
4. Gradient Boosting (better),397,0.00010832239509199669
4. Gradient Boosting (better),398,0.00010820718793294674
4. Gradient Boosting (better),399,0.00010818598001379621
4. Gradient Boosting (better),400,0.00010812537958897111
4. Gradient Boosting (better),401,0.00010803858850796763
4. Gradient Boosting (better),402,0.00010794240062104459
4. Gradient Boosting (better),403,0.0001078171719392547
4. Gradient Boosting (better),404,0.00010774321353456193
4. Gradient Boosting (better),405,0.0001076092982213408
4. Gradient Boosting (better),406,0.00010748098884732979
4. Gradient Boosting (better),407,0.00010739668297573372
4. Gradient Boosting (better),408,0.00010730397395791776
4. Gradient Boosting (better),409,0.00010723455403270898
4. Gradient Boosting (better),410,0.00010712807425648456
4. Gradient Boosting (better),411,0.00010701354347579166
4. Gradient Boosting (better),412,0.00010689180398782844
4. Gradient Boosting (better),413,0.00010681432945901214
4. Gradient Boosting (better),414,0.0001066820022352103
4. Gradient Boosting (better),415,0.00010655347206499368
4. Gradient Boosting (better),416,0.00010647764497732391
4. Gradient Boosting (better),417,0.0001063544003945797
4. Gradient Boosting (better),418,0.00010628648020527418
4. Gradient Boosting (better),419,0.00010619490419593448
4. Gradient Boosting (better),420,0.00010603450607318921
4. Gradient Boosting (better),421,0.00010593081948468708
4. Gradient Boosting (better),422,0.00010576064111757272
4. Gradient Boosting (better),423,0.00010567515902565754
4. Gradient Boosting (better),424,0.00010549582298980947
4. Gradient Boosting (better),425,0.0001054569824349116
4. Gradient Boosting (better),426,0.0001053823040369717
4. Gradient Boosting (better),427,0.00010530628245320613
4. Gradient Boosting (better),428,0.00010519724462165755
4. Gradient Boosting (better),429,0.00010509187406973181
4. Gradient Boosting (better),430,0.00010495928100535738
4. Gradient Boosting (better),431,0.00010488216963072595
4. Gradient Boosting (better),432,0.00010475452103470501
4. Gradient Boosting (better),433,0.00010466494427769716
4. Gradient Boosting (better),434,0.00010459540709232597
4. Gradient Boosting (better),435,0.00010447398388383058
4. Gradient Boosting (better),436,0.00010440098517120127
4. Gradient Boosting (better),437,0.00010422127811645763
4. Gradient Boosting (better),438,0.00010409325090074261
4. Gradient Boosting (better),439,0.00010399035043543279
4. Gradient Boosting (better),440,0.00010390829123774876
4. Gradient Boosting (better),441,0.00010386055877942628
4. Gradient Boosting (better),442,0.00010375606082559748
4. Gradient Boosting (better),443,0.00010367791059982401
4. Gradient Boosting (better),444,0.0001036225095484135
4. Gradient Boosting (better),445,0.00010355185323151334
4. Gradient Boosting (better),446,0.00010347669455363411
4. Gradient Boosting (better),447,0.00010336248331663102
4. Gradient Boosting (better),448,0.00010327719690347437
4. Gradient Boosting (better),449,0.00010322578782875489
4. Gradient Boosting (better),450,0.00010321568905312594
4. Gradient Boosting (better),451,0.00010316775069698711
4. Gradient Boosting (better),452,0.00010306456873288922
4. Gradient Boosting (better),453,0.000103002897297416
4. Gradient Boosting (better),454,0.000102927057949317
4. Gradient Boosting (better),455,0.00010277861050292454
4. Gradient Boosting (better),456,0.00010269953113257252
4. Gradient Boosting (better),457,0.00010264043152517714
4. Gradient Boosting (better),458,0.00010254620921795275
4. Gradient Boosting (better),459,0.00010251607048407342
4. Gradient Boosting (better),460,0.00010238344638399837
4. Gradient Boosting (better),461,0.00010227918912429538
4. Gradient Boosting (better),462,0.00010217203902600667
4. Gradient Boosting (better),463,0.000102118495389844
4. Gradient Boosting (better),464,0.00010207254903251294
4. Gradient Boosting (better),465,0.000101981287201444
4. Gradient Boosting (better),466,0.00010194775651631567
4. Gradient Boosting (better),467,0.0001018403396473429
4. Gradient Boosting (better),468,0.00010174385462869193
4. Gradient Boosting (better),469,0.00010169625637660802
4. Gradient Boosting (better),470,0.0001015966298495325
4. Gradient Boosting (better),471,0.0001015495586216536
4. Gradient Boosting (better),472,0.00010143418270145445
4. Gradient Boosting (better),473,0.00010133576209548702
4. Gradient Boosting (better),474,0.0001013112207961443
4. Gradient Boosting (better),475,0.0001012698858934516
4. Gradient Boosting (better),476,0.00010118816663918247
4. Gradient Boosting (better),477,0.00010098468480135761
4. Gradient Boosting (better),478,0.0001008977422019363
4. Gradient Boosting (better),479,0.00010084135243804428
4. Gradient Boosting (better),480,0.00010074874129595339
4. Gradient Boosting (better),481,0.00010063248048632089
4. Gradient Boosting (better),482,0.00010054476278042487
4. Gradient Boosting (better),483,0.00010044047797272572
4. Gradient Boosting (better),484,0.00010035755295260467
4. Gradient Boosting (better),485,0.00010023996677254922
4. Gradient Boosting (better),486,0.00010021294669450245
4. Gradient Boosting (better),487,0.00010015275925202301
4. Gradient Boosting (better),488,0.00010005517180195564
4. Gradient Boosting (better),489,9.990007457366936e-05
4. Gradient Boosting (better),490,9.986187650400128e-05
4. Gradient Boosting (better),491,9.972929836332057e-05
4. Gradient Boosting (better),492,9.964297817636065e-05
4. Gradient Boosting (better),493,9.953867354373139e-05
4. Gradient Boosting (better),494,9.94390313476301e-05
4. Gradient Boosting (better),495,9.929392102270363e-05
4. Gradient Boosting (better),496,9.924881549729434e-05
4. Gradient Boosting (better),497,9.915906537554283e-05
4. Gradient Boosting (better),498,9.911597035432128e-05
4. Gradient Boosting (better),499,9.902184133482554e-05
4. Gradient Boosting (better),500,9.895536198184256e-05
4. Gradient Boosting (better),501,9.890661812585344e-05
4. Gradient Boosting (better),502,9.886630321662372e-05
4. Gradient Boosting (better),503,9.878331289044717e-05
4. Gradient Boosting (better),504,9.868024373747172e-05
4. Gradient Boosting (better),505,9.861844721964619e-05
4. Gradient Boosting (better),506,9.850569954179788e-05
4. Gradient Boosting (better),507,9.840087358112316e-05
4. Gradient Boosting (better),508,9.828305489623896e-05
4. Gradient Boosting (better),509,9.817253640939224e-05
4. Gradient Boosting (better),510,9.80752182795335e-05
4. Gradient Boosting (better),511,9.797185646320799e-05
4. Gradient Boosting (better),512,9.795720507923079e-05
4. Gradient Boosting (better),513,9.784145715854872e-05
4. Gradient Boosting (better),514,9.775353444079293e-05
4. Gradient Boosting (better),515,9.767379045250958e-05
4. Gradient Boosting (better),516,9.756072853159254e-05
4. Gradient Boosting (better),517,9.746965584674936e-05
4. Gradient Boosting (better),518,9.73626038333872e-05
4. Gradient Boosting (better),519,9.725846363236352e-05
4. Gradient Boosting (better),520,9.719288565453558e-05
4. Gradient Boosting (better),521,9.708356696252552e-05
4. Gradient Boosting (better),522,9.694510345716817e-05
4. Gradient Boosting (better),523,9.6882659696048e-05
4. Gradient Boosting (better),524,9.683650784253501e-05
4. Gradient Boosting (better),525,9.672630508273996e-05
4. Gradient Boosting (better),526,9.663817249084824e-05
4. Gradient Boosting (better),527,9.657321612531117e-05
4. Gradient Boosting (better),528,9.653812237535822e-05
4. Gradient Boosting (better),529,9.640018650982337e-05
4. Gradient Boosting (better),530,9.631724992513559e-05
4. Gradient Boosting (better),531,9.618940021285874e-05
4. Gradient Boosting (better),532,9.607273611129342e-05
4. Gradient Boosting (better),533,9.59823365421765e-05
4. Gradient Boosting (better),534,9.591807860042889e-05
4. Gradient Boosting (better),535,9.585931151370744e-05
4. Gradient Boosting (better),536,9.579246186854457e-05
4. Gradient Boosting (better),537,9.570288703372345e-05
4. Gradient Boosting (better),538,9.559894601073282e-05
4. Gradient Boosting (better),539,9.557924160573847e-05
4. Gradient Boosting (better),540,9.548457215415355e-05
4. Gradient Boosting (better),541,9.546454447496386e-05
4. Gradient Boosting (better),542,9.53495584207841e-05
4. Gradient Boosting (better),543,9.5229300756009e-05
4. Gradient Boosting (better),544,9.515138794144977e-05
4. Gradient Boosting (better),545,9.508145887697768e-05
4. Gradient Boosting (better),546,9.500627739223196e-05
4. Gradient Boosting (better),547,9.493492754145687e-05
4. Gradient Boosting (better),548,9.488953277730824e-05
4. Gradient Boosting (better),549,9.478888245872893e-05
4. Gradient Boosting (better),550,9.471430589181013e-05
4. Gradient Boosting (better),551,9.463007873536237e-05
4. Gradient Boosting (better),552,9.450660926451353e-05
4. Gradient Boosting (better),553,9.448420868851097e-05
4. Gradient Boosting (better),554,9.441599745633261e-05
4. Gradient Boosting (better),555,9.438221047883681e-05
4. Gradient Boosting (better),556,9.426797771192655e-05
4. Gradient Boosting (better),557,9.417400911606958e-05
4. Gradient Boosting (better),558,9.410800440544635e-05
4. Gradient Boosting (better),559,9.40123973244887e-05
4. Gradient Boosting (better),560,9.394932125298194e-05
4. Gradient Boosting (better),561,9.389362901952735e-05
4. Gradient Boosting (better),562,9.382607601432066e-05
4. Gradient Boosting (better),563,9.3669431891147e-05
4. Gradient Boosting (better),564,9.35990193944986e-05
4. Gradient Boosting (better),565,9.352179590154026e-05
4. Gradient Boosting (better),566,9.349025295266244e-05
4. Gradient Boosting (better),567,9.344542057508417e-05
4. Gradient Boosting (better),568,9.3395223438937e-05
4. Gradient Boosting (better),569,9.330171283772175e-05
4. Gradient Boosting (better),570,9.318675068732933e-05
4. Gradient Boosting (better),571,9.312844164137112e-05
4. Gradient Boosting (better),572,9.309493496372471e-05
4. Gradient Boosting (better),573,9.304086891554588e-05
4. Gradient Boosting (better),574,9.296106005356457e-05
4. Gradient Boosting (better),575,9.288703177640118e-05
4. Gradient Boosting (better),576,9.279356697112588e-05
4. Gradient Boosting (better),577,9.267062957563642e-05
4. Gradient Boosting (better),578,9.260154125308524e-05
4. Gradient Boosting (better),579,9.254640342754451e-05
4. Gradient Boosting (better),580,9.24399253698504e-05
4. Gradient Boosting (better),581,9.23604924014223e-05
4. Gradient Boosting (better),582,9.225775574046521e-05
4. Gradient Boosting (better),583,9.223902364816646e-05
4. Gradient Boosting (better),584,9.220257027852878e-05
4. Gradient Boosting (better),585,9.20819349736758e-05
4. Gradient Boosting (better),586,9.197802079532184e-05
4. Gradient Boosting (better),587,9.183794839048005e-05
4. Gradient Boosting (better),588,9.17797089760795e-05
4. Gradient Boosting (better),589,9.167797449484353e-05
4. Gradient Boosting (better),590,9.15534309614393e-05
4. Gradient Boosting (better),591,9.146810000932625e-05
4. Gradient Boosting (better),592,9.139734456576666e-05
4. Gradient Boosting (better),593,9.135213650461753e-05
4. Gradient Boosting (better),594,9.131571483767063e-05
4. Gradient Boosting (better),595,9.124653137867233e-05
4. Gradient Boosting (better),596,9.117568177332561e-05
4. Gradient Boosting (better),597,9.109742854642804e-05
4. Gradient Boosting (better),598,9.103851591922527e-05
4. Gradient Boosting (better),599,9.095825170416648e-05
4. Gradient Boosting (better),600,9.089727916581635e-05
